x_1,t_eng_1,t_fil_1,x_2,t_eng_2,t_fil_2,label
kay ciel,keɪ siːl,kajsjel,kayexalate,keɪɪksæleɪt,kajeksalate,1
hydrochlorothiazide,haɪdɹəkloːɹoʊθɪeɪzaɪd,hjdɾoʧloɾothiʔazide,valsartan hydrochlorothiazide,vælsɑːɹtən haɪdɹəkloːɹoʊθɪeɪzaɪd,valsaɾtanhjdɾoʧloɾothiʔazide,0
hydrogesic,haɪdɹoʊdʒzɪk,hjdɾogesik,hydroxyzine,haɪdɹɑːksɪziːn,hjdɾoksjzine,1
miralax,mɜːɹɐlæks,miɾalaks,mirapex,mɜːɹeɪpɛks,miɾapeks,1
cetirizine,sɛɾɪɹɪziːn,ketiɾizine,sertraline,sɜːtɹəlaɪn,seɾtɾaline,1
asacol,ɐsækɑːl,ʔasakol,os cal,oʊɛs kæl,ʔoskal,1
riboflavin,ɹɪbəflævɪn,ɾiboflavjn,griseofulvin,gɹaɪsəfʌlvɪn,gɾiseofulvjn,0
sumatriptan,suːmɐtɹɪptən,sumatɾiptan,zolmitriptan,zɑːlmɪtɹɪptən,zolmitɾiptan,1
sudafed 12 hour,suːdeɪft twɛlv aʊɚ,sudafed12houɾ,sudafed 12 hour pressure pain,suːdeɪft twɛlv aʊɚ pɹɛʃɚ peɪn,sudafed12houɾpɾesjuɾepaʔin,1
lantus,læntəs,lantus,latuda,lætuːdə,latuda,1
clonidine,klɑːnɪdiːn,klonidine,colonaid,kɑːləneɪd,kolonajd,0
ceftazidime,sɛftɐzɪdaɪm,keftasidime,ceftriaxone,sɛftɹɪæksoʊn,keftɾiʔaksone,1
flumazenil,fluːmeɪznɪl,flumaʔzenil,influenza virus vaccine,ɪnfluːɛnzə vaɪɹəs væksiːn,ʔinflujsaviɾusvakʔineʔ,1
avandia,ævændiə,ʔavandia,vaniqa,vænɪkə,vaniʔka,0
clindesse,klɪndɛs,klindesse,scenesse,siːnɛs,skjse,0
lotronex,lɑːtɹoʊnɛks,lotɾoneks,lotemax,loʊtmæks,lotemaks,0
anacin,ænɐsɪn,ʔanasjn,anacin 3,ænɐsɪn θɹiː,ʔanasjn3,1
tenex,tɛnɛks,teneks,xanax,zænæks,ksanaʔks,1
avandia,ævændiə,ʔavandia,prandin,pɹændɪn,pɾandin,1
novolog innolet,nɑːvəlɑːg ɪnnɑːlɪt,novologʔinnolet,novolog penfill,nɑːvəlɑːg pɛnfɪl,novologpenfilj,0
nystatin,nɪstɐtɪn,njstatin,bysanti,baɪsænti,bjsantiʔ,0
ambien,æmbiən,ʔambjen,ambrisentan,æmbɹɪsɛntən,ʔambɾisentan,1
memantine,mɛmɐntiːn,memantine,methadone,mɛθɐdoʊn,methadone,1
fentanyl,fɛntɐnaɪl,fentanjl,eutonyl,juːtənaɪl,ʔewtonjl,0
lunesta,lʌnɛstə,lunesta,glumetza,gluːmɛtsə,glumetsa,0
reminyl,ɹɪmɪnaɪl,ɾeminjl,bricanyl,bɹɪkɐnaɪl,bɾikanjl,0
allegra,ɐlɛgɹə,ʔallegɾa,viagra,vaɪægɹə,vjagɾa,1
misoprostol,mɪsɑːpɹɑːstəl,misopɾostol,carisoprodol,kæɹɪsɑːpɹədɑːl,kaɾisopɾodol,0
inspra,ɪnspɹɑː,ʔinspɾa,spiriva,spɪɹɪvə,spiɾiva,1
prazepam,pɹeɪzpæm,pɾasepam,temazepam,tɛmeɪzpæm,temasepam,0
renografin 60,ɹɪnɑːgɹɐfɪn sɪksti,ɾenogɾafin60,sinografin,sɪnəgɹæfɪn,sinogɾafin,0
effexor,ɛfɛksɚ,ʔeffeksoɾ,effexor xr,ɛfɛksɚɹ ɛksɑːɹ,ʔeffeksoɾksɾ,1
visicol,vɪsɪkɑːl,vikol,vaprisol,væpɹɪzɑːl,vapɾisol,0
restoril,ɹɪstoːɹəl,ɾestoɾil,crestor,kɹɛstɚ,kɾestoɾ,0
tacrolimus,tækɹəlɪməs,takɾolimus,tamsulosin,tæmsuːlɑːsɪn,tamsulosin,1
adderall,ædɚɹɔːl,ʔadɾol,adderall xr,ædɚɹɔːl ɛksɑːɹ,ʔadɾolksɾ,1
zemplar,zɛmplɚ,zemplaɾ,zemuron,ziːmjʊɹɹən,zemuɾon,1
doxorubicin hydrochloride liposomal,dɑːksoːɹuːbɪsɪn haɪdɹəkloːɹaɪd lɪpəsɑːməl,doksoɾubjsjnhjdɾoʧloɾideliposomal,epirubicin hydrochloride,ɛpɪɹuːbɪsɪn haɪdɹəkloːɹaɪd,ʔepiɾubjsjnhjdɾoʧloɾide,0
albendazole,ælbəndæzoʊl,ʔalbendasole,pediazole,pɛdɪæzoʊl,pediasole,0
achromycin,ækɹoʊmaɪsɪn,ʔaʧɾomjsjn,rondomycin,ɹɑːndəmaɪsɪn,ɾondomjsjn,0
clobazam,kloʊbɐzæm,klobasam,cotazym,kɑːɾeɪzɪm,kotasjm,0
cetirizine,sɛɾɪɹɪziːn,ketiɾizine,stavudine,stævjuːdiːn,stavudine,1
neupogen,nuːpədʒən,neupogen,femogen,fɛmədʒən,femogen,0
betapace,beɪɾəpeɪs,betapakeʔ,butapap,bjuːɾɐpæp,butapap,0
methadone,mɛθɐdoʊn,methadone,metastron,mɛɾəstɹən,metastɾon,0
hydroxychloroquine,haɪdɹɑːksɪkloːɹoʊkwaɪn,hjdɾoksjʧloɾokine,hydroxyurea,haɪdɹɑːksɪjuːɹiə,hjdɾoksjuɾea,1
rabeprazole,ɹeɪbpɹɐzoʊl,ɾabepɾasole,aspirin omeprazole,æspɹɪn oʊmpɹɐzoʊl,ʔaspiɾinʔomepɾasole,0
alkeran,ælkɚɹən,ʔalkeɾan,leukeran,luːkɚɹən,leukeɾan,1
tresiba,tɹɛzɪbə,tɾesiba,cresemba,kɹɛsɛmbə,kɾesembaʔ,0
zocor,zɑːkɚ,zokoɾ,zyrtec,zɪətɛk,zjɾtek,1
normodyne,noːɹmədaɪn,noɾmodjne,normozide,noːɹməzaɪd,noɾmozide,0
kayexalate,keɪɪksæleɪt,kajeksalate,aerolate,ɛɹoʊleɪt,ʔaeɾolate,0
occlusal hp,əkluːzəl eɪtʃpiː,ʔoklusalhp,ocuflox,ɑːkəflɑːks,ʔokufloks,1
sandimmune,sændɪmjuːn,sandimmune,sandostatin,sændəstætɪn,sandostatin,1
lunesta,lʌnɛstə,lunesta,neulasta,nuːlæstə,neulasta,1
advair,ɐdvɛɹ,ʔadvajɾ,advicor,ɐdvɪkɚ,ʔadvjsoɾ,1
activase,æktɪveɪs,ʔaktivase,noctiva,nɑːktɪvə,noktiva,0
pralidoxime,pɹælɪdɑːksaɪm,pɾalidoksime,pyridoxine,pɪɹɪdɑːksaɪn,pjɾidoksʔineʔ,1
normodyne,noːɹmədaɪn,noɾmodjne,norpramin,noːɹpɹɐmɪn,noɾpɾamin,1
folic acid,fɑːlɪk æsɪd,folikʔasid,folinic acid,fəlɪnɪk æsɪd,folinikʔasid,1
celebrex,sɛlɪbɹɛks,kelebɾeks,clobex,kloʊbɛks,klobeks,0
latanoprost,lætɐnɑːpɹɑːst,latanopɾost,travoprost,tɹævəpɹɑːst,tɾavopɾost,0
celexa,sɛlɛksə,kʔelksaʔ,zyprexa,zɪpɹɛksə,zjpɾeksaʔ,1
toujeo,taʊdʒɪoʊ,toʔuʤeo,tradjenta,tɹædʒɛntə,tɾadʤenta,1
navane,næveɪn,navaneʔ,norvasc,noːɹvæsk,noɾvk,1
gabapentin,gæbeɪpɛntɪn,gabapentin,cogentin,koʊdʒəntɪn,kogentin,0
neratinib,nɛɹɐtɪnɪb,neɾatinib,niraparib,nɜːɹɐpæɹɪb,niɾapaɾib,1
metoprolol succinate,mɛɾəpɹɑːlɑːl səksɪneɪt,metopɾololsukjnate,metoprolol tartrate,mɛɾəpɹɑːlɑːl tɑːɹtɹeɪt,metopɾololtaɾtɾate,1
darvon compound,dɑːɹvɑːn kɑːmpaʊnd,daɾvonko³³pɔ⁴¹und,darvon w asa,dɑːɹvɑːn dʌbəljuː ɐsæ,daɾvonwʔasa,0
abelcet,eɪbəlsɪt,ʔabelket,amphotericin b,æmfoʊtɹɪsɪn biː,ʔamphoteɾajsjnb,1
argatroban,ɑːɹgɐtɹɑːbən,ʔaɾgatɾoban,natroba,nætɹoʊbə,natɾoba,0
healon,hiːlɑːn,healon,halcion,hælʃən,halsjon,0
zyrtec,zɪətɛk,zjɾtek,zyrtec d,zɪətɛk diː,zjɾtekd,1
dimenhydrinate,daɪmənhaɪdɹɪneɪt,dimenhjdɾinate,diphenhydramine,dɪfənhaɪdɹɐmiːn,diphenhjdɾamine,1
desmopressin,dɛzməpɹɛsɪn,desmosin,vasopressin,væsəpɹɛsɪn,vsin,1
doxorubicin liposomal,dɑːksoːɹuːbɪsɪn lɪpəsɑːməl,doksoɾubjsjnliposomal,doxorubicin hydrochloride liposomal,dɑːksoːɹuːbɪsɪn haɪdɹəkloːɹaɪd lɪpəsɑːməl,doksoɾubjsjnhjdɾoʧloɾideliposomal,0
bayhep b,beɪhɛp biː,bajhepb,bayrho d,beɪrhoʊ diː,bajɾhoʔd,1
hydrochlorothiazide,haɪdɹəkloːɹoʊθɪeɪzaɪd,hjdɾoʧloɾothiʔazide,hydroxyzine,haɪdɹɑːksɪziːn,hjdɾoksjzine,1
paxil,pæksɪl,paksil,taxol,tæksɑːl,taksol,1
plavix,plævɪks,plavjks,pradaxa,pɹædæksə,pɾadaksaʔ,1
lamotrigine,læmətɹɪdʒɪn,lamotɾigine,levothyroxine,lɛvəθɪɹəksaɪn,levatjɾoksʔineʔ,1
diovan,dɪɑːvæn,diovan,zyban,zaɪbən,zjban,1
emflaza,ɛmflɑːzə,ʔemflasa,enflonsia,ɛnflɑːnsiə,ʔenflonsia,0
tanzeum,tænziːəm,tansjum,toujeo,taʊdʒɪoʊ,toʔuʤeo,1
spravato,spɹævɑːɾoʊ,spɾavatoʔ,steglatro,stɛglætɹoʊ,steglatɾo,1
silodosin,saɪlədɑːsɪn,silodosin,sirolimus,sɪɹəlɪməs,siɾolimus,1
methyltestosterone,mɛθəlɾɪstɑːstɚɹoʊn,methjltestosteɾone,methyldopate hcl,mɛθəldɑːpeɪt eɪtʃsiːɛl,methjldopateʔhkl,0
alkeran,ælkɚɹən,ʔalkeɾan,myleran,maɪlɚɹən,mjleɾan,1
cetacort,sɛɾɐkɔːɹt,ketakoɾt,kenacort,kɛnɐkɔːɹt,kenakoɾt,0
viagra,vaɪægɹə,vjagɾa,viadur,vaɪədjʊɹ,viaduɾ,0
duloxetine,duːləksɛtiːn,duloksetine,eloxatin,ɪlɑːksɐtɪn,ʔeloksatin,0
fortical,fɔːɹɾɪkəl,foɾtikal,farydak,fɑːɹɹɪdæk,faɾjdak,0
restoril,ɹɪstoːɹəl,ɾestoɾil,risperdal,ɹɪspɜːdəl,ɾispeɾdal,1
sudafed,suːdeɪft,sudafed,histafed,hɪsteɪft,histafed,0
malarone,mælɐɹoʊn,malaɾone,mefloquine,mɛfləkwaɪn,meflokine,1
tromethamine,tɹoʊmθɐmiːn,tɾomethamine,promethazine plain,pɹoʊmiːθeɪziːn pleɪn,pɾomethasʔineʔplaʔin,0
duloxetine,duːləksɛtiːn,duloksetine,fluoxetine,fljuːəksɛtiːn,fluʔoksetine,1
lanoxin,lænəksɪn,lanoksin,naloxone,næləksoʊn,naloksone,1
apixaban,ɐpɪksæbən,ʔapiksaban,axitinib,æksɪtɪnɪb,ʔaksitinib,1
filkri,fɪlkɹi,filkɾiʔ,filspari,fɪlspæɹi,filspaɾiʔ,0
gastrovist,gæstɹəvɪst,gastɾovist,md gastroview,ɛmdiː gæstɹəvjuː,mdgastɾovjew,0
propylthiouracil,pɹoʊpəlθjɚɹæsɪl,pɾopjltjʔawɾasjl,purinethol,pjʊɹɹaɪnθɑːl,puɾinethol,1
bidex,baɪdɛks,bideks,videx,vaɪdɛks,vidjks,1
benadryl,bɛnɐdɹɪl,benadɾjl,benazepril,bɛneɪzpɹəl,benasepɾil,1
alfentanil,ɐlfɛntɐnɪl,ʔalfentanil,sufentanil,suːfəntænɪl,sufentanil,1
sonata,sənɑːɾə,sonataʔ,sovuna,səvuːnə,sovunaʔ,0
tiazac,tiːəzæk,tiasak,ziac,zaɪək,ziak,1
hydrochlorothiazide,haɪdɹəkloːɹoʊθɪeɪzaɪd,hjdɾoʧloɾothiʔazide,telmisartan and hydrochlorothiazide,tɛlmɪsɑːɹtən ænd haɪdɹəkloːɹoʊθɪeɪzaɪd,telmisaɾtanʔandhjdɾoʧloɾothiʔazide,0
zegerid,zɛdʒɚɹɪd,zegeɾid,zestril,zɛstɹəl,zestɾil,1
invega,ɪnviːgə,ʔinvega,invokamet,ɪnvɑːkæmɪt,ʔinvokamet,0
mitomycin,maɪɾəmaɪsɪn,mitomjsjn,robimycin,ɹɑːbɪmaɪsɪn,ɾobimjsjn,0
bupropion,bʌpɹoʊpiən,bupɾopjon,nutropin,nʌtɹəpɪn,nutɾopin,0
glucotrol,gluːkətɹɑːl,glukotɾol,nicotrol,nɪkətɹɑːl,nikotɾol,0
fentanyl,fɛntɐnaɪl,fentanjl,sufentanil,suːfəntænɪl,sufentanil,1
novolog mix 70 30 flexpen,nɑːvəlɑːg mɪks sɛvənti θɜːɾi flɛkspən,novologmiks7030flkspen,novolog mix 70 30 penfill,nɑːvəlɑːg mɪks sɛvənti θɜːɾi pɛnfɪl,novologmiks7030penfilj,0
cinoxacin,sɪnəksæsɪn,koksasjn,ciprofloxacin,sɪpɹəflɑːksɐsɪn,kipɾofloksasjn,0
kwell,kwɛl,kwell,qwell,kjuːwɛl,kwel,1
celexa,sɛlɛksə,kʔelksaʔ,mycelex g,maɪsɪlɛks dʒiː,mikeʔelksg,0
norco,noːɹkoʊ,noɾko,psorcon,soːɹkən,soɾkon,0
cubicin,kjuːbɪsɪn,kubjsjn,cubicin rf,kjuːbɪsɪn ɑːɹɹɛf,kubjsjnɾf,1
deferoxamine mesylate,dɪfɚɹɑːksɐmiːn mɛsɪleɪt,defeɾoksaminemesjlate,phentolamine mesylate,fɛntɑːlɐmiːn mɛsɪleɪt,phentolaminemesjlate,0
rituxan,ɹɪɾʌksən,ɾituksan,rituxan hycela,ɹɪɾʌksən haɪsɛlə,ɾituksanhikeela,1
tacrolimus,tækɹəlɪməs,takɾolimus,pimecrolimus,paɪmkɹəlɪməs,pimekɾolimus,0
retrovir,ɹɛtɹoʊvɜː,ɾetɾovjɾ,ritonavir,ɹɪtənævɪɹ,ɾitonavjɾ,1
ethosuximide,iːθəsʌksɪmaɪd,ʔethosuksimide,glutethimide,gluːɾɪθɪmaɪd,glutethimide,0
bicitra,baɪsɪtɹə,bjsitɾa,minitran,mɪnɪtɹæn,minitɾan,0
cefuroxime,sɛfjʊɹɹɑːksaɪm,kefuɾoksime,sulfasalazine,sʌlfeɪzælɐziːn,sulfasalasʔineʔ,1
clinda derm,klɪndə dɜːm,klindaʔdeɾm,clindagel,klɪndeɪdʒəl,klindagel,0
nilotinib,naɪlətɪnɪb,nilotinib,gefitinib,dʒɛfɪtɪnɪb,gefitinib,0
buprenorphine,bʌpɹənoːɹfiːn,bupɾenoɾphine,probuphine,pɹɑːbəfiːn,pɾobuphine,0
viloxazine hydrochloride,vaɪləksæziːn haɪdɹəkloːɹaɪd,viloksasʔineʔhjdɾoʧloɾide,ziprasidone hydrochloride,zɪpɹɐsɪdoʊn haɪdɹəkloːɹaɪd,zipɾasjdonehjdɾoʧloɾide,0
eribulin,ɛɹɪbjʊlɪn,ʔeɾibulin,hedulin,hɛdʒuːlɪn,hedulin,0
clonazepam,klɑːneɪzpæm,klonasepam,clozapine,klɑːzɐpaɪn,klosapine,1
mifepristone,maɪfpɹɪstoʊn,mifepɾistone,misoprostol,mɪsɑːpɹɑːstəl,misopɾostol,1
narcan,nɑːɹkæn,naɾkan,norcuron,noːɹkjʊɹɹən,noɾsuɾon,1
hydrogesic,haɪdɹoʊdʒzɪk,hjdɾogesik,co gesic,koʊ dʒɛzɪk,kogesik,0
roxicet,ɹɑːksɪsɪt,ɾoksjset,folicet,fɑːlɪsɪt,foliket,0
edetate calcium disodium,ɛdɪteɪt kælsiəm dɪsoʊdiəm,ʔedetatekalsjumdisodjum,edetate disodium,ɛdɪteɪt dɪsoʊdiəm,ʔedetatedisodjum,1
tolbutamide,tɑːlbjuːtæmaɪd,tolbutamide,flutamide,fluːɾɐmaɪd,flutamide,0
naphcon a,næfkən eɪ,naphkonʔa,naphcon forte,næfkən foːɹɾeɪ,naphkonfoɾte,0
zantac,zæntæk,zantak,zantac 360,zæntæk θɹiːhʌndɹɪd sɪksti,zantak360,1
antacid,æntæsɪd,ʔantakid,atacand,æɾɐkænd,ʔatakand,1
diprivan,dɪpɹɪvæn,dipɾivan,ditropan,dɪtɹəpæn,ditɾopan,1
miralax,mɜːɹɐlæks,miɾalaks,merilog,mɛɹɪlɑːg,meɾilog,0
cyclophosphamide,saɪkləfɑːsfɐmaɪd,sikelophosphamide,cyclosporine,saɪkləspoːɹiːn,sikelospoɾine,1
tramadol,tɹæmɐdɑːl,tɾamadol,trazodone,tɹæzədoʊn,tɾasodone,1
nimodipine,nɪmədɪpaɪn,nimodipine,nimotop,nɪmətɑːp,nimotop,0
hmg coa reductase inhibitors,eɪtʃɛmdʒiː koʊɚ ɹɪdʌkteɪs ɪnhɪbɪɾɚz,hmʤikoaɾeduktaseʔinhibitoɾs,nystatin,nɪstɐtɪn,njstatin,1
amphotericin b,æmfoʊtɹɪsɪn biː,ʔamphoteɾajsjnb,amphotec,æmfoʊɾək,ʔamphotek,0
abemaciclib,ɐbɛmɐsɪklɪb,ʔabemasjslib,ribociclib,ɹɪbəsɪklɪb,ɾibosjslib,0
femara,fɛmɑːɹɹə,femaɾa,femtrace,fɛmtɹeɪs,femtɾakeʔ,0
mitomycin,maɪɾəmaɪsɪn,mitomjsjn,bristamycin,bɹɪstɐmaɪsɪn,bɾistamjsjn,0
amicar,æmɪkɑːɹ,ʔamikaɾ,omacor,ɑːmækɚ,ʔomakoɾ,1
buprenorphine,bʌpɹənoːɹfiːn,bupɾenoɾphine,hydromorphone,haɪdɹəmoːɹfoʊn,hjdɾomoɾphone,1
syeda,sɪɛdə,sjeda,sylevia,saɪliːviə,sjlevja,0
adderall,ædɚɹɔːl,ʔadɾol,inderal,ɪndɛɹəl,ʔindeɾal,1
cefoxitin,sɛfəksɪtɪn,kefoksitin,cefotan,sɛfɑːtən,kefotan,0
octocaine,ɑːktəkeɪn,ʔokokaʔineʔ,polocaine,pɑːləkeɪn,polokaʔineʔ,0
syndros,sɪndɹoʊz,sjndɾos,synthroid,sɪnθɹɔɪd,sjntɾoid,0
dolutegravirlamivudinetenofovir alafenamide,dɑːluːtɛgɹɐvɜːlɐmɪvjuːdaɪntənɑːfəvɪɹ ɐleɪfnɐmaɪd,dolutegɾavjɾlamivudinetenofovjɾʔalafenamide,emtricitabine and tenofovir alafenamide,ɛmtɹɪsɪtæbaɪn ænd tɛnəfɑːvɪɹ ɐleɪfnɐmaɪd,ʔemtɾajsitabineʔandtenofovjɾʔalafenamide,0
pamelor,peɪmlɚ,pameloɾ,panlor dc,pænlɚ diːsiː,panloɾdk,1
patanol,pætɐnɑːl,patanol,platinol,plætɪnɑːl,platinol,1
rituxan,ɹɪɾʌksən,ɾituksan,crixivan,kɹɪksɪvæn,kɾjksivan,0
seasonale,siːzəneɪl,seasonale,seasonique,siːzəniːk,seasonjkeʔ,0
humulin,hjuːmjʊlɪn,humulin,novolin,nɑːvəlɪn,novolin,1
ortho tri cyclen,ɔːɹθoʊ tɹaɪ saɪklən,ʔoɾthoʔtɾisikeln,ortho tri cyclen lo,ɔːɹθoʊ tɹaɪ saɪklən loʊ,ʔoɾthoʔtɾisikelnlo,1
grifulvin v,gɹɪfəlvɪn viː,gɾifulvjnv,griseofulvin,gɹaɪsəfʌlvɪn,gɾiseofulvjn,0
durasal,dʊɹɹeɪzəl,duɾasal,durezol,dʊɹɹɪzɑːl,duɾesol,1
sotalol,soʊɾɐlɑːl,sotalol,sudafed,suːdeɪft,sudafed,1
ilaris,ɪlɑːɹɹɪs,ʔilaɾis,ilumya,ɪləmɪə,ʔilumja,1
fentanyl 12,fɛntɐnaɪl twɛlv,fentanjl12,fentanyl 75,fɛntɐnaɪl sɛvənti faɪv,fentanjl75,0
percocet,pɜːkɑːsɪt,peɾkoket,procet,pɹɑːsɪt,pɾoket,1
pagitane,pædʒɪteɪn,pagitaneʔ,pioglitazone,pɪɑːglɪtæzoʊn,pioglitasone,0
lopressor,lɑːpɹɛsɚ,losoɾ,lyrica,lɪɹɪkə,ljɾajsaʔ,1
advicor,ɐdvɪkɚ,ʔadvjsoɾ,altocor,æltɑːkɚ,ʔaltokoɾ,1
diflucan,dɪfluːkən,diflukan,diprivan,dɪpɹɪvæn,dipɾivan,1
salagen,sælədʒən,salagen,selegiline,sɛlɪdʒɪliːn,selegiline,1
abacavir sulfate and lamivudine,æbɐkævɪɹ sʌlfeɪt ænd læmɪvjuːdiːn,ʔabakavjɾsulfateʔandlamivudine,dolutegravir and lamivudine,dɑːluːtɛgɹɐvɪɹ ænd læmɪvjuːdiːn,dolutegɾavjɾʔandlamivudine,0
fulvicin p g,fʊlvɪsɪn piː dʒiː,fulvjsjnpg,fulvicin u f,fʊlvɪsɪn juː ɛf,fulvjsjnʔuf,0
anzemet,ænzɛmɪt,ʔanzemet,avandamet,ævɐndæmɪt,ʔavandamet,1
betaine,beɪɾəaɪn,betaʔineʔ,betaine hcl,beɪɾəaɪn eɪtʃsiːɛl,betaʔineʔhkl,1
erythromycin,ɜːɹɪθɹəmaɪsɪn,ʔeɾjtɾomjsjn,seromycin,sɛɹəmaɪsɪn,seɾomjsjn,0
bayhep b,beɪhɛp biː,bajhepb,bayrab,beɪɹæb,bajɾab,1
dexamethasone sodium phosphate,dɛksɐmɛθɐsoʊn soʊdiəm fɑːsfeɪt,deksʔamethasonesodjumphosphate,neomycin sulfate dexamethasone sodium phosphate,niːoʊmaɪsɪn sʌlfeɪt dɛksɐmɛθɐsoʊn soʊdiəm fɑːsfeɪt,neomjsjnsulfatedeksʔamethasonesodjumphosphate,0
florinef,flɔːɹaɪnəf,floɾinef,florone e,floːɹoʊn iː,floɾoneʔe,0
orgaran,ɔːɹgæɹən,ʔoɾgaɾan,corgard,kɔːɹgɑːɹd,koɾgaɾd,0
bupropion,bʌpɹoʊpiən,bupɾopjon,buspirone,bʌspaɪɚn,buspiɾone,1
colace,kɑːleɪs,kolakeʔ,cholac,tʃɑːlæk,ʧolak,0
adacel,ɐdeɪsəl,ʔadakel,padcev,pædsɛv,padkev,0
tri legest fe,tɹaɪ liːdʒɪst fiː,tɾilegestfe,tri lo estarylla,tɹaɪ loʊ ɛstɑːɹɹɪlə,tɾiloʔestaɾjllaʔ,0
cortef acetate,kɔːɹɾɛf æsɪteɪt,koɾtefʔaketate,octreotide acetate,ɑːktɹɪɑːɾaɪd æsɪteɪt,ʔoktɾeotideʔaketate,0
capadex,kæpeɪdɛks,kaks,kapidex,kæpaɪdɛks,kapidjks,1
saquinavir,sækwɪnævɪɹ,sakinavjɾ,sinequan,saɪŋkwən,sinekan,1
triavil 2 10,tɹaɪævəl tuː tɛn,tɾiʔavjl210,triavil 4 50,tɹaɪævəl foːɹ fɪfti,tɾiʔavjl450,0
penicillamine,pɛnɪsɪlɐmiːn,penisillamine,penicillin,pɛnɪsɪlɪn,penisillin,1
lotronex,lɑːtɹoʊnɛks,lotɾoneks,protonix,pɹoʊtənɪks,pɾotonjks,1
acular preservative free,ækjʊlɚ pɹɪzɜːvətɪv fɹiː,ʔakulaɾpɾeseɾvativefeʔ,famotidine preservative free,fæmətɪdiːn pɹɪzɜːvətɪv fɹiː,famotidinepɾeseɾvativefeʔ,0
paxil,pæksɪl,paksil,tepanil,tɛpɐnɪl,tepanil,0
dexamethasone,dɛksɐmɛθɐsoʊn,deksʔamethasone,exemestane,ɛgzɛmɪsteɪn,ʔeksemestane,0
cortef acetate,kɔːɹɾɛf æsɪteɪt,koɾtefʔaketate,lanreotide acetate,lænɹɪɑːɾaɪd æsɪteɪt,lanɾeotideʔaketate,0
doribax,doːɹɪbæks,doɾibaks,zovirax,zɑːvɚɹæks,zovjks,1
atrovent,ætɹoʊvənt,ʔatɾovent,natru vent,nætɹuː vɛnt,natɾuvent,1
ticlid,tɪklɪd,tiklid,tesuloid,tɛsuːlɔɪd,tesuloid,0
cyclophosphamide,saɪkləfɑːsfɐmaɪd,sikelophosphamide,cleocin phosphate,klɪɑːsɪn fɑːsfeɪt,kelasjnphosphate,0
desyrel,dɪsɪɹəl,desjɾel,seroquel,sɛɹɑːkwəl,seɾokel,1
mucinex,mjuːsaɪnɛks,mukʔeks,mucomyst,mjuːkəmɪst,mukomjst,1
cyclosporine,saɪkləspoːɹiːn,sikelospoɾine,cyclosporine modified,saɪkləspoːɹiːn mɑːdɪfaɪd,sikelospoɾinemodifiʔed,1
olanzapine,ɑːlænzɐpaɪn,ʔolansapine,quetiapine,kwɛʃɪæpaɪn,ketiʔapine,1
rocuronium,ɹɑːkjʊɹɹoʊniəm,ɾokuɾonjum,romazicon,ɹɑːmɐzɪkən,ɾomasjson,1
antabuse,æntɐbjuːs,ʔantabuse,antepar,æntɪpɑːɹ,ʔantepaɾ,0
ketotifen fumarate,kɛɾətaɪfən fjuːmæɹət,ketotifenfumaɾate,quetiapine fumarate,kwɛʃɪæpaɪn fjuːmæɹət,ketiʔapinefumaɾate,0
leucovorin calcium,luːkəvoːɹɪn kælsiəm,leukovʔoɾinkalsjum,fenoprofen calcium,fɛnəpɹoʊfən kælsiəm,fenopɾofenkalsjum,0
cefotan,sɛfɑːtən,kefotan,comtan,kəmtæn,komtan,0
scandonest l,skændoʊnɪst ɛl,skandonestl,scandonest plain,skændoʊnɪst pleɪn,skandonestplaʔin,0
mifepristone,maɪfpɹɪstoʊn,mifepɾistone,mifeprex,maɪfpɹɛks,mifepɾeks,0
daraprim,dæɹæpɹɪm,daɾapɾim,duraprep,dʊɹɹɐpɹɛp,duɾapɾep,0
doxorubicin,dɑːksoːɹuːbɪsɪn,doksoɾubjsjn,idarubicin,aɪdɑːɹɹuːbɪsɪn,ʔidaɾubjsjn,1
lamisil,læmɪsəl,lamisil,ramipril,ɹæmɪpɹəl,ɾamipɾil,0
lamivudine,læmɪvjuːdiːn,lamivudine,lamotrigine,læmətɹɪdʒɪn,lamotɾigine,1
lasix,læsɪks,lasiks,wakix,wækɪks,wakiks,1
humalog mix 75 25,hjuːmɐlɑːg mɪks sɛvənti faɪv twɛnti faɪv,humalogmiks7525,humulin 70 30,hjuːmjʊlɪn sɛvənti θɜːɾi,humulin7030,1
depo provera,dɪpoʊ pɹɑːvɚɹə,depopɾoveɾa,depo subq provera 104,dɪpoʊ sʌbk pɹɑːvɚɹə wʌnhʌndɹɪd foːɹ,deposubkpɾoveɾa104,1
lortab,lɔːɹɾæb,loɾtab,oforta,ɑːfɔːɹɾə,ʔofoɾta,0
carboplatin,kɑːɹbəplætɪn,kaɾboplatin,cisplatin,sɪsplɐtɪn,kisplatin,1
brilinta,bɹɪlɪntə,bɾilinta,briviact,bɹɪvɪækt,bɾivjakt,1
claritin d,klæɹɪtɪn diː,klaɾitind,claritin d 24,klæɹɪtɪn diː twɛnti foːɹ,klaɾitind24,1
apresoline,æpɹeɪɑːliːn,ʔapɾesoline,apresazide,æpɹeɪeɪzaɪd,ʔazide,0
talwin compound,tælwɪn kɑːmpaʊnd,talwinko³³pɔ⁴¹und,talwin nx,tælwɪn ɛnɛks,talwinnks,0
lanoxin,lænəksɪn,lanoksin,lumason,luːmeɪsən,lumason,0
bamlanivimab,bæmlɐnɪvɪmæb,bamlanivimab,belimumab,bɪlɪmjuːmæb,belimumab,1
hydrocodone,haɪdɹəkɑːdoʊn,hjdɾokodone,oxycodone,ɑːksɪkɑːdoʊn,ʔoksikeodone,1
oxcarbazepine,ɑːkskɑːɹbeɪzpaɪn,ʔokskaɾbasepine,dacarbazine,dækɑːɹbæziːn,dakaɾbasʔineʔ,0
cefotetan,sɛfoʊttən,kefotetan,cefoxitin,sɛfəksɪtɪn,kefoksitin,1
avandia,ævændiə,ʔavandia,javadin,dʒɑːvɐdɪn,ʤavadin,0
procardia xl,pɹəkɑːɹdiə ɛksɛl,pɾokaɾdiaksl,protain xl,pɹoʊteɪn ɛksɛl,pɾotaʔinksl,1
floranex,floːɹeɪnɛks,floɾaneks,florinef,flɔːɹaɪnəf,floɾinef,1
cabenuva,keɪbnuːvə,kabenuva,cabotegravir,kæboʊtgɹævɪɹ,kabotegɾavjɾ,1
yasmin,jæzmɪn,jasmin,yaz,jæz,jas,1
achromycin,ækɹoʊmaɪsɪn,ʔaʧɾomjsjn,vancomycin,væŋkəmaɪsɪn,vankomjsjn,0
tanzeum,tænziːəm,tansjum,tradjenta,tɹædʒɛntə,tɾadʤenta,1
nitro bid,naɪtɹoʊ bɪd,nitɾobid,nutropin aq,nʌtɹəpɪn æk,nutɾopinʔak,0
quetiapine,kwɛʃɪæpaɪn,ketiʔapine,questran,kwɛstɹæn,kestɾan,0
sulfadiazine,sʌlfeɪdɪɐziːn,sulfadiasʔineʔ,sulfatrim,sʌlfætɹɪm,sulfatɾim,0
daunorubicin,dɔːnoːɹuːbɪsɪn,daʔunoɾubjsjn,daunorubicin liposomal,dɔːnoːɹuːbɪsɪn lɪpəsɑːməl,daʔunoɾubjsjnliposomal,1
guaifenesin,gwɑːaɪfnɛsɪn,guʔajfenesin,guanfacine,gwɑːnfɐsiːn,guʔanfasjne,1
aminosyn 35,ɐmɪnəsɪn θɜːɾi faɪv,ʔaminosjn35,aminosyn ii 7,ɐmɪnəsɪn ɹoʊmən tuː sɛvən,ʔaminosjnʔiiʔ7,0
maxzide,mækszaɪd,makszide,zymaxid,zaɪmɐksɪd,zjmaʔksid,0
tramadol,tɹæmɐdɑːl,tɾamadol,metromidol,mɛtɹəmɪdɑːl,metɾomidol,0
avandamet,ævɐndæmɪt,ʔavandamet,quadramet,kwɑːdɹæmɪt,kadɾamet,0
neurontin,nʊɹɹɔntɪn,neuɾontin,noroxin,noːɹəksɪn,noɾoksin,1
acetaminophen and codeine phosphate,æsɪtæmɪnɑːfən ænd koʊdaɪn fɑːsfeɪt,ʔaketaminophenʔandkodejnephosphate,acetaminophen and pentazocine hydrochloride,æsɪtæmɪnɑːfən ænd pɛntɐzɑːsiːn haɪdɹəkloːɹaɪd,ʔaketaminophenʔandpentasokʔineʔhjdɾoʧloɾide,0
neratinib,nɛɹɐtɪnɪb,neɾatinib,erdafitinib,ɜːdɐfɪtɪnɪb,ʔeɾdafitinib,0
tri legest 21,tɹaɪ liːdʒɪst twɛnti wʌn,tɾilegest21,tri legest fe,tɹaɪ liːdʒɪst fiː,tɾilegestfe,0
spiriva,spɪɹɪvə,spiɾiva,spinraza,spɪnɹɑːzə,spinɾasa,0
hydromorphone,haɪdɹəmoːɹfoʊn,hjdɾomoɾphone,oxymorphone,ɑːksɪmoːɹfoʊn,ʔoksjmoɾphone,1
aldara,ɔːldɑːɹɹə,ʔaldaɾaʔ,azedra,eɪzdɹə,ʔazedɾa,0
methadone,mɛθɐdoʊn,methadone,metandren,mɛtəndɹɛn,metandɾen,0
hydro reserp,haɪdɹoʊ ɹɪsɜːp,hjdɾoɾeseɾp,hydropres 50,haɪdɹɑːpɚz fɪfti,hjdɾopɾes50,0
lamotrigine,læmətɹɪdʒɪn,lamotɾigine,levetiracetam,lɛvɪtɜːɹɐsɛɾæm,levetiɾaketam,1
oxytrol for women,ɑːksɪtɹɑːl fɔːɹ wɪmɪn,ʔoksjtɾolfoɾwomen,rogaine for women,ɹɑːgeɪn fɔːɹ wɪmɪn,ɾogaʔineʔfoɾwomen,0
hydrap es,haɪdɹæp iːz,hjdɾapʔes,hydro reserp,haɪdɹoʊ ɹɪsɜːp,hjdɾoɾeseɾp,0
tnkase,tiːɛŋkeɪs,tŋkase,t pa,tiː pɑː,tpaʔ,1
zelapar,zɛlɐpɑːɹ,zelapaɾ,zyprexa zydis,zɪpɹɛksə zaɪdiz,zjpɾeksaʔzjdis,1
methadone,mɛθɐdoʊn,methadone,metolazone,mɛɾəlæzoʊn,metolasone,1
amikin,æmɪkɪn,ʔamikin,kineret,kaɪnɹɪt,kineɾet,1
lamictal,læmɪktəl,lamiktal,lampit,læmpɪt,lampit,0
permitil,pɚmɪɾɪl,peɾmitil,prantal,pɹæntəl,pɾantal,0
android 10,ændɹɔɪd tɛn,ʔandɾoid10,android f,ændɹɔɪd ɛf,ʔandɾoidf,0
fioricet w codeine,fɪoːɹɪsɪt dʌbəljuː koʊdaɪn,fioɾajsetwkodejne,prometh vc w codeine,pɹoʊmiːθ viːsiː dʌbəljuː koʊdaɪn,pɾometvkwkodejne,0
paroxetine,pæɹəksɛtiːn,paɾoksetine,proketazine,pɹoʊktɐziːn,pɾoketasʔineʔ,0
renvela,ɹɛnvɛlə,ɾenvela,renova,ɹɛnoʊvə,ɾenova,0
kadian,keɪdiən,kadiʔan,zykadia,zaɪkeɪdiə,zjkadia,0
alfentanil,ɐlfɛntɐnɪl,ʔalfentanil,gantanol,gæntɐnɑːl,gantanol,0
norlestrin 21 25 50,noːɹlɪstɹɪn twɛnti wʌn twɛnti faɪv fɪfti,noɾlestɾin212550,norlestrin 28 1 50,noːɹlɪstɹɪn twɛnti eɪt wʌn fɪfti,noɾlestɾin28150,0
ketamine,kɛɾɐmiːn,ketamine,ketorolac,kɛɾoːɹɑːlæk,ketoɾolak,1
disopyramide,dɪsɑːpɪɹæmaɪd,disopjɾamide,pyrazinamide,pɪɹeɪzɪnɐmaɪd,pjɾasinamide,0
hydralazine,haɪdɹɐlæziːn,hjdɾalasʔineʔ,hydromorphone,haɪdɹəmoːɹfoʊn,hjdɾomoɾphone,1
nexavar,nɛksɐvɑːɹ,neksavaɾ,nexium,niːksiəm,neksjum,1
mitomycin,maɪɾəmaɪsɪn,mitomjsjn,netromycin,nɛtɹəmaɪsɪn,netɾomjsjn,0
sulfadiazine,sʌlfeɪdɪɐziːn,sulfadiasʔineʔ,sulfisoxazole,sʌlfɪsɑːksɐzoʊl,sulfisoksasole,1
ponatinib,pɑːnɐtɪnɪb,ponatinib,phenytoin,fɛnɪtɔɪn,phenjtojn,0
aminocaproic acid in plastic container,ɐmɪnəkɐpɹoʊɪk æsɪd ɪn plæstɪk kənteɪnɚ,ʔaminokapɾojsʔasidʔinplastikkontaʔineɾ,mannitol 5 in plastic container,mænɪtɑːl faɪv ɪn plæstɪk kənteɪnɚ,mannitol5ʔinplastikkontaʔineɾ,0
lantus,læntəs,lantus,lente,lɛnt,lente,1
phentermine resin 30,fɛntɚmɪn ɹɛzɪn θɜːɾi,phenteɾmineɾesin30,phentermine resin complex,fɛntɚmɪn ɹɛzɪn kɑːmplɛks,phenteɾmineɾesinkompleks,0
cefotetan,sɛfoʊttən,kefotetan,fortesta,fɔːɹɾɛstə,foɾtesta,0
cozaar,kəzɑːɹ,kosaʔaɾ,zocor,zɑːkɚ,zokoɾ,1
mephyton,mɛfɪtən,mephjton,aquamephyton,ækweɪmfɪtən,ʔakamephjton,0
dextrose 5 sodium chloride 02 and potassium chloride 0224 in plastic container,dɛkstɹoʊz faɪv soʊdiəm kloːɹaɪd ziəɹoʊ tuː ænd pətæsiəm kloːɹaɪd ziəɹoʊtuːtuːfoːɹ ɪn plæstɪk kənteɪnɚ,dekstɾose5sodjumʧloɾide02ʔandpotasumʧloɾide0224ʔinplastikkontaʔineɾ,potassium chloride 015 in dextrose 5 and sodium chloride 011 in plastic container,pətæsiəm kloːɹaɪd ziəɹoʊ fɪftiːn ɪn dɛkstɹoʊz faɪv ænd soʊdiəm kloːɹaɪd ziəɹoʊ ɪlɛvən ɪn plæstɪk kənteɪnɚ,potasumʧloɾide015ʔindekstɾose5ʔandsodjumʧloɾide011ʔinplastikkontaʔineɾ,0
prograf,pɹoʊgɹæf,pɾogɾaf,proscar,pɹəskɑːɹ,pɾoskaɾ,1
levbid,lɛvbɪd,levbid,levo t,liːvoʊ tiː,levoʔt,0
bactrim ds,bæktɹɪm diːɛs,baktɾimds,bactroban,bæktɹɑːbən,baktɾoban,0
cefazolin,sɛfɐzɑːlɪn,kʔefasolin,ethamolin,ɛθɐmɑːlɪn,ʔethamolin,0
viokase,vaɪəkeɪs,viokase,viokase 8,vaɪəkeɪs eɪt,viokase8,1
testoderm,tɛstoʊdɜːm,testodeɾm,testoderm with adhesive,tɛstoʊdɜːm wɪð ɐdhiːsɪv,testodeɾmwitʔadhesive,1
roxanol,ɹɑːksɐnɑːl,ɾoksanol,roxicodone intensol,ɹɑːksɪkɑːdoʊn ɪntɛnsɑːl,ɾoksjsodoneʔintensol,1
lexiva,lɛksɪvə,leksiva,pexeva,pɛksɛvə,pekseva,1
steglatro,stɛglætɹoʊ,steglatɾo,statrol,stætɹɑːl,statɾol,0
doribax,doːɹɪbæks,doɾibaks,doryx,doːɹɪks,doɾjks,0
dynacin,daɪnɐsɪn,djnasjn,dynacirc,daɪnɐsɜːk,djnasjɾs,1
micronase,maɪkɹoʊneɪs,mikɾonase,micronor,maɪkɹoʊnoːɹ,mikɾonoɾ,0
remeron,ɹɪmɜːɹən,ɾemeɾon,rozerem,ɹoʊzɹəm,ɾozeɾem,1
ranitidine,ɹænɪtɪdiːn,ɾanitidine,rimantadine,ɹɪmɐntædiːn,ɾimantadine,1
rifampin,ɹɪfɐmpɪn,ɾifampin,rifaximin,ɹɪfɐksɪmɪn,ɾifaksimin,1
amphotericin b,æmfoʊtɹɪsɪn biː,ʔamphoteɾajsjnb,amphotericin b liposomal,æmfoʊtɹɪsɪn biː lɪpəsɑːməl,ʔamphoteɾajsjnbliposomal,1
neulasta,nuːlæstə,neulasta,neumega,nuːmɛgə,neumega,1
isotretinoin,aɪsətɹɛtɪnɔɪn,ʔisotɾetinojn,tretinoin,tɹɛtɪnɔɪn,tɾetinojn,1
provera,pɹɑːvɚɹə,pɾoveɾa,frova,fɹoʊvə,fɾova,0
navane,næveɪn,navaneʔ,dalvance,dælvəns,dalvejnkeʔ,0
prograf,pɹoʊgɹæf,pɾogɾaf,prozac,pɹɑːzæk,pɾosak,1
flonase,flɑːneɪs,flonase,glynase,glaɪneɪs,gljnase,0
lipitor,lɪpɪɾɚ,lipitoɾ,loniten,lɑːnaɪʔn,loniten,1
lampit,læmpɪt,lampit,limbitrol,lɪmbɪtɹɑːl,limbitɾol,0
zelboraf,zɛlboːɹæf,zelboɾaf,zilbrysq,zɪlbɹɪsk,zilbɾjsk,0
novolin,nɑːvəlɪn,novolin,ventolin,vɛntəlɪn,ventolin,0
quetiapine,kwɛʃɪæpaɪn,ketiʔapine,quelicin,kwɛlɪsɪn,kejsjn,0
baricitinib,bæɹɪsɪtɪnɪb,baɾjsitinib,tofacitinib,tɑːfɐsɪtɪnɪb,tofasjtinib,0
ketorolac,kɛɾoːɹɑːlæk,ketoɾolak,detrol la,dɪtɹɑːl læ,detɾolla,0
hydroxyurea,haɪdɹɑːksɪjuːɹiə,hjdɾoksjuɾea,hydroxyzine,haɪdɹɑːksɪziːn,hjdɾoksjzine,1
clarispray,klæɹɪspɹeɪ,klaɾispɾaj,claritin,klæɹɪtɪn,klaɾitin,1
floranex,floːɹeɪnɛks,floɾaneks,fluoroplex,flʊɹɹəplɛks,fluʔoɾopleks,0
chlordiazepoxide,kloːɹədɪeɪzpɑːksaɪd,ʧloɾdiʔazepokside,chlorpromazine,kloːɹəpɹɑːmɐziːn,ʧloɾpɾomasʔineʔ,1
chlorpromazine,kloːɹəpɹɑːmɐziːn,ʧloɾpɾomasʔineʔ,chlorofair,kloːɹoʊfɛɹ,ʧloɾofajɾ,0
abiraterone acetate,æbɚɹæɾɚɹoʊn æsɪteɪt,ʔabiɾateɾoneʔaketate,lanreotide acetate,lænɹɪɑːɾaɪd æsɪteɪt,lanɾeotideʔaketate,0
depo medrol,dɪpoʊ mɛdɹɑːl,depomedɾol,neo medrol,niːoʊ mɛdɹɑːl,neomedɾol,0
amantadine,æmɐntædiːn,ʔamantadine,amiodarone,æmɪɑːdɐɹoʊn,ʔamiodaɾone,1
platinol,plætɪnɑːl,platinol,akrinol,ækɹɪnɑːl,ʔakɾinol,0
hydromorphone,haɪdɹəmoːɹfoʊn,hjdɾomoɾphone,morphine,mɔːɹfiːn,moɾphine,1
influenza virus vaccine,ɪnfluːɛnzə vaɪɹəs væksiːn,ʔinflujsaviɾusvakʔineʔ,tuberculin purified protein derivative,tuːbɚkjʊlɪn pjʊɹɹɪfaɪd pɹoʊtiːn dɪɹɪvətɪv,tubeɾsulinpuɾifiʔedpɾotejndeɾivative,1
pavulon,pævjʊlən,pavulon,peptavlon,pɛptævlən,peptavlon,1
abacavir sulfate and lamivudine,æbɐkævɪɹ sʌlfeɪt ænd læmɪvjuːdiːn,ʔabakavjɾsulfateʔandlamivudine,dolutegravir sodium and abacavir sulfate and lamivudine,dɑːluːtɛgɹɐvɪɹ soʊdiəm ænd æbɐkævɪɹ sʌlfeɪt ænd læmɪvjuːdiːn,dolutegɾavjɾsodjumʔandʔabakavjɾsulfateʔandlamivudine,0
darvocet,dɑːɹvɑːsɪt,daɾvoket,percocet,pɜːkɑːsɪt,peɾkoket,1
sufentanil,suːfəntænɪl,sufentanil,sutent,suːtənt,sutent,0
lasix,læsɪks,lasiks,luvox,luːvɑːks,luvoks,1
aldoril 25,ɔːldoːɹəl twɛnti faɪv,ʔaldoɾil25,aldoril d30,ɔːldoːɹəl diː θɜːɾi,ʔaldoɾild30,0
prenexa,pɹɪnɛksə,pɾeneksaʔ,ranexa,ɹeɪŋksə,ɾaneksaʔ,1
airduo digihaler,ɛɹdjuːoʊ dɪdʒɪheɪlɚ,ʔaʔiɾduʔodigihaleɾ,proair digihaler,pɹoʊɜː dɪdʒɪheɪlɚ,pɾoajɾdigihaleɾ,0
lamisil,læmɪsəl,lamisil,amitril,æmɪtɹəl,ʔamitɾil,0
truqap,tɹuːkæp,tɾukap,trusopt,tɹuːsɑːpt,tɾusopt,0
apresoline,æpɹeɪɑːliːn,ʔapɾesoline,pyrolite,paɪɹoʊlaɪt,pjɾolite,0
folinic acid,fəlɪnɪk æsɪd,folinikʔasid,zoledronic acid,zoʊldɹɑːnɪk æsɪd,zoledɾonjsʔasid,0
vigabatrin,vɪgɐbætɹɪn,vigabatɾin,gabitril,gæbɪtɹəl,gabitɾil,0
colace,kɑːleɪs,kolakeʔ,cozaar,kəzɑːɹ,kosaʔaɾ,1
zyrtec,zɪətɛk,zjɾtek,zyrtec itchy eye drops,zɪətɛk ɪtʃi aɪ dɹɑːps,zjɾtekiʧjʔejedɾops,1
lamictal,læmɪktəl,lamiktal,amitril,æmɪtɹəl,ʔamitɾil,0
neratinib,nɛɹɐtɪnɪb,neɾatinib,nilotinib,naɪlətɪnɪb,nilotinib,1
doxorubicin,dɑːksoːɹuːbɪsɪn,doksoɾubjsjn,doxorubicin liposomal,dɑːksoːɹuːbɪsɪn lɪpəsɑːməl,doksoɾubjsjnliposomal,1
quinine,kwɪnaɪn,kinine,quinalan,kwɪnɐlæn,kinalan,0
abiraterone acetate,æbɚɹæɾɚɹoʊn æsɪteɪt,ʔabiɾateɾoneʔaketate,cortef acetate,kɔːɹɾɛf æsɪteɪt,koɾtefʔaketate,0
fluzone high dose quadrivalent,fluːzoʊn haɪ doʊs kwɑːdɹaɪvələnt,flusonehighdosekadɾivalent,fluzone quadrivalent,fluːzoʊn kwɑːdɹaɪvələnt,flusonekadɾivalent,1
norepinephrine bitartrate in 09 sodium chloride,noːɹpaɪnfɹiːn baɪtɑːɹtɹeɪt ɪn ziəɹoʊ naɪn soʊdiəm kloːɹaɪd,noɾepinephɾinebitaɾtɾateʔin09sodjumʧloɾide,norepinephrine bitartrate in 5 dextrose,noːɹpaɪnfɹiːn baɪtɑːɹtɹeɪt ɪn faɪv dɛkstɹoʊz,noɾepinephɾinebitaɾtɾateʔin5dekstɾose,0
venofer,vɛnoʊfɚ,venofeɾ,vfend,viːfɛnd,vfend,1
alprazolam,ælpɹɐzɑːlæm,ʔalpɾasolam,lorazepam,loːɹeɪzpæm,loɾasepam,1
rasageline,ɹæseɪdʒlaɪn,ɾasageline,nasalide,neɪzəlaɪd,nasalide,0
flovent diskus 250,flʌvɛnt dɪskjuːz tuːhʌndɹɪd fɪfti,flavntdiskus250,flovent diskus 50,flʌvɛnt dɪskjuːz fɪfti,flavntdiskus50,0
hc hydrocortisone,eɪtʃsiː haɪdɹəkɔːɹɾɪsoʊn,hkhjdɾokoɾtisone,hydrocortisone,haɪdɹəkɔːɹɾɪsoʊn,hjdɾokoɾtisone,0
symbyax,sɪmbɪæks,sjmbjaks,symbicort,sɪmbɪkɔːɹt,sjmbjsuɾt,0
vfend,viːfɛnd,vfend,vimpat,vɪmpæt,vimpat,1
salagen,sælədʒən,salagen,selsun,sɛlsʌn,selsun,0
ortho cyclen 28,ɔːɹθoʊ saɪklən twɛnti eɪt,ʔoɾthoʔsikeln28,ortho tri cyclen lo,ɔːɹθoʊ tɹaɪ saɪklən loʊ,ʔoɾthoʔtɾisikelnlo,0
epirubicin,ɛpɪɹuːbɪsɪn,ʔepiɾubjsjn,eribulin,ɛɹɪbjʊlɪn,ʔeɾibulin,1
thalomid,θæləmɪd,thalomid,thiamine,θaɪəmaɪn,thiʔamine,1
aricept,æɹaɪsəpt,ʔaɾjsept,azilect,æzaɪləkt,ʔazilkt,1
celexa,sɛlɛksə,kʔelksaʔ,celecoxib,sɛlɪkɑːksɪb,kʔelkoksib,0
vexol,vɛksɑːl,veksol,vosol,vɑːsɑːl,vosol,1
hydrochlorothiazide,haɪdɹəkloːɹoʊθɪeɪzaɪd,hjdɾoʧloɾothiʔazide,hydroxychloroquine sulfate,haɪdɹɑːksɪkloːɹoʊkwaɪn sʌlfeɪt,hjdɾoksjʧloɾokinesulfate,0
acebutolol hydrochloride,ɐsɛbjuːtɑːlɑːl haɪdɹəkloːɹaɪd,ʔakebutololhjdɾoʧloɾide,ropinirole hydrochloride,ɹəpɪnɪɹoʊl haɪdɹəkloːɹaɪd,ɾopiniɾolehjdɾoʧloɾide,0
capozide 25 15,kæpəzaɪd twɛnti faɪv fɪftiːn,kapozide2515,capozide 50 15,kæpəzaɪd fɪfti fɪftiːn,kapozide5015,0
nicardipine,nɪkɑːɹdɪpaɪn,nikaɾdipine,nifedipine,naɪfdɪpaɪn,nifedipine,1
risperidone,ɹɪspɚɹɪdoʊn,ɾispeɾidone,ropinirole,ɹəpɪnɪɹoʊl,ɾopiniɾole,1
methotrexate,mɛθətɹɛkseɪt,methotksate,metolazone,mɛɾəlæzoʊn,metolasone,1
clobazam,kloʊbɐzæm,klobasam,clonazepam,klɑːneɪzpæm,klonasepam,1
blisovi 24 fe,blɪsoʊvi twɛnti foːɹ fiː,blisovi24fe,blisovi fe 1 20,blɪsoʊvi fiː wʌn twɛnti,blisovife120,1
bextra,bɛkstɹə,bekstɾa,bactroban,bæktɹɑːbən,baktɾoban,0
protain xl,pɹoʊteɪn ɛksɛl,pɾotaʔinksl,innopran xl,ɪnnɑːpɹən ɛksɛl,ʔinnopɾanksl,0
chlorpromazine,kloːɹəpɹɑːmɐziːn,ʧloɾpɾomasʔineʔ,chlorpropamide,kloːɹəpɹɑːpɐmaɪd,ʧloɾpɾopamide,1
lactated ringer s and dextrose 5 in plastic container,lækteɪɾɪd ɹɪŋɚɹ ɛs ænd dɛkstɹoʊz faɪv ɪn plæstɪk kənteɪnɚ,laktatedɾiŋeɾsʔanddekstɾose5ʔinplastikkontaʔineɾ,lactated ringer s in plastic container,lækteɪɾɪd ɹɪŋɚɹ ɛs ɪn plæstɪk kənteɪnɚ,laktatedɾiŋeɾsʔinplastikkontaʔineɾ,0
probalan,pɹoʊbɐlæn,pɾobalan,propulsid,pɹəpʌlsɪd,pɾopulsid,0
dactinomycin,dæktɪnəmaɪsɪn,daktinomjsjn,daptomycin,dæptəmaɪsɪn,daptomjsjn,1
focalgin b,foʊkɐldʒɪn biː,fokalginb,focalin,foʊkɐlɪn,fokalin,1
polycillin,pɑːlɪsɪlɪn,poljsillin,staphcillin,stæfsɪlɪn,staphsillin,0
claritin,klæɹɪtɪn,klaɾitin,acalabrutinib,ɐkælɐbɹuːtɪnɪb,ʔakalabɾutinib,0
tresiba,tɹɛzɪbə,tɾesiba,trizivir,tɹaɪzɪvɪɹ,tɾizivjɾ,0
zyprexa,zɪpɹɛksə,zjpɾeksaʔ,zyrtec,zɪətɛk,zjɾtek,1
sinequan,saɪŋkwən,sinekan,zeniquin,zɛnɪkwɪn,zenikin,1
celebrex,sɛlɪbɹɛks,kelebɾeks,cleviprex,klɛvɪpɹɛks,kelvipɾeks,0
norpramin,noːɹpɹɐmɪn,noɾpɾamin,norplant,noːɹplənt,noɾplant,0
pyridium,pɪɹɪdiəm,pjɾidjum,pyridoxine,pɪɹɪdɑːksaɪn,pjɾidoksʔineʔ,1
folic acid,fɑːlɪk æsɪd,folikʔasid,carglumic acid,kɑːɹgluːmɪk æsɪd,kaɾglumikʔasid,0
zyloprim,zaɪlɑːpɹɪm,zjlopɾim,zelnorm,zɛlnɔːɹm,zelnoɾm,0
pioglitazone hydrochloride and glimepiride,pɪɑːglɪtæzoʊn haɪdɹəkloːɹaɪd ænd glaɪmpɪɹɪd,pioglitasonehjdɾoʧloɾideʔandglimepiɾide,pioglitazone hydrochloride and metformin hydrochloride,pɪɑːglɪtæzoʊn haɪdɹəkloːɹaɪd ænd mɛtfoːɹmɪn haɪdɹəkloːɹaɪd,pioglitasonehjdɾoʧloɾideʔandmetfoɾminhjdɾoʧloɾide,0
triavil 2 25,tɹaɪævəl tuː twɛnti faɪv,tɾiʔavjl225,triavil 4 50,tɹaɪævəl foːɹ fɪfti,tɾiʔavjl450,0
methyldopa,mɛθəldoʊpə,methjldopa,methyldopate hcl,mɛθəldɑːpeɪt eɪtʃsiːɛl,methjldopateʔhkl,0
letairis,lɛɾɛɹɪs,letaiɾis,letaris,lɛtɑːɹɹɪs,letaɾis,1
lariam,lɛɹiəm,laɾjam,levaquin,lɛvɐkwɪn,levakin,1
zebeta,zɛbɛɾə,zebeta,zetia,zɛʃə,zetia,1
jantoven,dʒæntoʊvən,ʤantoven,janumet,dʒænuːmɪt,ʤanumet,1
avandia,ævændiə,ʔavandia,avanafil,ævɐnæfɪl,ʔavanaʔfil,0
doxil,dɑːksɪl,doksil,paxil,pæksɪl,paksil,1
romidepsin,ɹɑːmaɪdpsɪn,ɾomidepsin,romiplostim,ɹɑːmɪplɑːstɪm,ɾomiplostim,1
duloxetine,duːləksɛtiːn,duloksetine,paroxetine,pæɹəksɛtiːn,paɾoksetine,1
hydrea,haɪdɹiə,hjdɾea,lyrica,lɪɹɪkə,ljɾajsaʔ,1
linaclotide,lɪnɐklɑːɾaɪd,linaklotide,linagliptin,lɪnɐglɪptɪn,linagliptin,1
stavudine,stævjuːdiːn,stavudine,cystadane,sɪstɐdeɪn,sistadaneʔ,0
acthar gel,ækθɑːɹ dʒɛl,ʔaktaɾgel,hp acthar gel,eɪtʃpiː ækθɑːɹ dʒɛl,hpʔaktaɾgel,0
pyridostigmine,pɪɹɪdɑːstɪgmaɪn,pjɾidostigmine,pyridoxine,pɪɹɪdɑːksaɪn,pjɾidoksʔineʔ,1
cortrosyn,kɔːɹtɹəsɪn,koɾtɾosjn,corsym,kɔːɹsɪm,koɾsjm,0
heparin,hɛpɚɹɪn,hepaɾin,hespan,hɛspæn,hespan,1
patanol,pætɐnɑːl,patanol,patanase,pætɐneɪs,patanase,0
rifamate,ɹɪfɐmeɪt,ɾifamate,rifampin,ɹɪfɐmpɪn,ɾifampin,1
hydromorphone,haɪdɹəmoːɹfoʊn,hjdɾomoɾphone,hydroxyzine,haɪdɹɑːksɪziːn,hjdɾoksjzine,1
neumega,nuːmɛgə,neumega,neupogen,nuːpədʒən,neupogen,1
lumason,luːmeɪsən,lumason,lumizyme,luːmɪzaɪm,lumisjme,0
prilosec,pɹɪloʊsək,pɾilosek,prozac,pɹɑːzæk,pɾosak,1
depakote,dɪpækoʊt,depakote,depakote er,dɪpækoʊt ɜː,depakoteʔeɾ,1
daunorubicin,dɔːnoːɹuːbɪsɪn,daʔunoɾubjsjn,doxorubicin,dɑːksoːɹuːbɪsɪn,doksoɾubjsjn,1
fulvicin p g 165,fʊlvɪsɪn piː dʒiː wʌnhʌndɹɪd sɪksti faɪv,fulvjsjnpg165,fulvicin p g 330,fʊlvɪsɪn piː dʒiː θɹiːhʌndɹɪd θɜːɾi,fulvjsjnpg330,0
deltasone,dɛltɐsoʊn,deltasone,dilt cd,dɪlt siːdiː,diltkd,0
tegretol,tɛgɹɪtɑːl,tegɾetol,stromectol,stɹoʊmktɑːl,stɾomektol,0
isotretinoin,aɪsətɹɛtɪnɔɪn,ʔisotɾetinojn,acitretin,ɐsɪtɹɪtɪn,ʔasitɾetin,0
folex,foʊlɛks,foleks,embolex,ɛmboʊlɛks,ʔemboleks,0
methimazole,mɛθɪmæzoʊl,methimasole,metolazone,mɛɾəlæzoʊn,metolasone,1
celexa,sɛlɛksə,kʔelksaʔ,cerebyx,sɛɹɪbɪks,keɾebjks,1
enjuvia,ɛndʒuːviə,ʔenʤuvja,januvia,dʒænuːviə,ʤanuvja,1
abacavir sulfate and lamivudine,æbɐkævɪɹ sʌlfeɪt ænd læmɪvjuːdiːn,ʔabakavjɾsulfateʔandlamivudine,lamivudine and zidovudine,læmɪvjuːdiːn ænd zɪdəvjuːdiːn,lamivudineʔandzidovudine,0
evotaz,ɪvɑːɾæz,ʔevotas,evoxac,ɪvɑːksæk,ʔevoksak,0
epirubicin,ɛpɪɹuːbɪsɪn,ʔepiɾubjsjn,cerubidine,sɛɹuːbɪdiːn,keɾubidine,0
colcrys,kɑːlkɹiz,kolkɾjs,colocort,koʊləkɔːɹt,kolokoɾt,0
talvey,tælveɪ,talvej,tecvayli,tɛkveɪli,tekvajliʔ,1
probenecid,pɹoʊbnɪsɪd,pɾobenesid,procanbid,pɹɑːkɐnbɪd,pɾokanbid,1
paxil,pæksɪl,paksil,plavix,plævɪks,plavjks,1
rapaflo,ɹæpæfloʊ,ɾapaʔfloʔ,rapamune,ɹæpɐmjuːn,ɾapamune,1
sonata,sənɑːɾə,sonataʔ,soriatane,soːɹɪæteɪn,soɾjataneʔ,1
diabeta,daɪəbɛɾə,diabeta,zebeta,zɛbɛɾə,zebeta,1
pemetrexed,pɛmiːɾɚkst,pemetɾeksed,pralatrexate,pɹælɐtɹɛkseɪt,pɾalatɾeksate,1
denavir,dɛnɐvɪɹ,denavjɾ,indinavir,ɪndɪnɐvɪɹ,ʔindinavjɾ,1
clindamycin palmitate hydrochloride,klɪndɐmaɪsɪn pɑːmɪteɪt haɪdɹəkloːɹaɪd,klindamjsjnpalmitateʔhjdɾoʧloɾide,ticlopidine hydrochloride,tɪkləpɪdiːn haɪdɹəkloːɹaɪd,tiklopidinehjdɾoʧloɾide,0
gentamicin,dʒɛntɐmɪsɪn,gentamjsjn,gentian violet,dʒɛnʃən vaɪəlɪt,gentiʔanviolet,1
protain xl,pɹoʊteɪn ɛksɛl,pɾotaʔinksl,ditropan xl,dɪtɹəpæn ɛksɛl,ditɾopanksl,0
ritalin la,ɹɪɾɐlɪn læ,ɾitalinla,ritalin sr,ɹɪɾɐlɪn ɛsɑːɹ,ɾitalinsɾ,1
methadone,mɛθɐdoʊn,methadone,methylphenidate,mɛθəlfɛnɪdeɪt,methjlphenidate,1
amoxapine,æməksæpaɪn,ʔamoksapine,amoxil,æməksɪl,ʔamoksil,0
fentanyl 25,fɛntɐnaɪl twɛnti faɪv,fentanjl25,fentanyl citrate,fɛntɐnaɪl sɪtɹeɪt,fentanjlkitɾate,0
aminocaproic acid in plastic container,ɐmɪnəkɐpɹoʊɪk æsɪd ɪn plæstɪk kənteɪnɚ,ʔaminokapɾojsʔasidʔinplastikkontaʔineɾ,cefotan in plastic container,sɛfɑːtən ɪn plæstɪk kənteɪnɚ,kefotanʔinplastikkontaʔineɾ,0
azelastine hydrochloride,eɪzlɐstiːn haɪdɹəkloːɹaɪd,ʔazelastinehjdɾoʧloɾide,propoxyphene hydrochloride,pɹəpɑːksɪfiːn haɪdɹəkloːɹaɪd,pɾopoksjphenehjdɾoʧloɾide,0
topamax,tɑːpɐmæks,topamaks,tindamax,tɪndɐmæks,tindamaks,0
aplenzin,ɐplɛnzɪn,ʔaplenzin,salutensin,səluːtənsɪn,salutensin,0
seroquel,sɛɹɑːkwəl,seɾokel,seroquel xr,sɛɹɑːkwəl ɛksɑːɹ,seɾokelksɾ,1
daptomycin,dæptəmaɪsɪn,daptomjsjn,achromycin,ækɹoʊmaɪsɪn,ʔaʧɾomjsjn,0
bicillin l a,baɪsɪlɪn ɛl eɪ,bjsillinlʔa,penicillin 2,pɛnɪsɪlɪn tuː,penisillin2,0
vicodin,vaɪkədɪn,vikodin,visicol,vɪsɪkɑːl,vikol,1
nizatidine,nɪzɐtɪdiːn,nisatidine,tizanidine,tɪzɐnɪdiːn,tisanidine,1
talquetamab tgvs,tælkwɪtæmæb tiːdʒiːviːɛs,talketamabtgvs,teclistamab cqyv,tɛklɪstæmæb siːkɪv,teklistamabkkjv,1
brethine,bɹɛθaɪn,bɾethine,methergine,mɛðɚdʒɪn,metheɾgine,1
vesicare,vɛsɪkɛɹ,vesikaɾe,vessel care,vɛsəl kɛɹ,vselkaɾe,1
triavil 2 10,tɹaɪævəl tuː tɛn,tɾiʔavjl210,triavil 4 25,tɹaɪævəl foːɹ twɛnti faɪv,tɾiʔavjl425,0
tanzeum,tænziːəm,tansjum,tresiba,tɹɛzɪbə,tɾesiba,1
tegison,tɛdʒɪsən,tegison,tikosyn,tɪkəsɪn,tikosjn,0
polyethylene glycol,pɑːlɪɛθɪliːn glaɪkɑːl,poljethjleneglikeol,propylene glycol,pɹoʊpəliːn glaɪkɑːl,pɾopjleneglikeol,1
valganciclovir,vælgɐnsɪkləvɪɹ,valgansjslovjɾ,acyclovir,ɐkaɪkləvɪɹ,ʔasikelovjɾ,0
valcyte,vælsaɪt,vositeʔ,valtrex,væltɹɛks,valtɾeks,1
coagulation factor ix,koʊægjʊleɪʃən fæktɚ ɹoʊmən naɪn,koʔagulationfaktoɾʔiks,factor ix complex vapor heated,fæktɚ ɹoʊmən naɪn kɑːmplɛks veɪpɚ hiːɾɪd,faktoɾʔikskompleksvapoɾheated,1
cyclophosphamide,saɪkləfɑːsfɐmaɪd,sikelophosphamide,cycloserine,saɪkloʊzɹiːn,sikeloseɾine,1
amidate,ɐmɪdeɪt,ʔamidate,amitid,æmɪtɪd,ʔamitid,0
proscar,pɹəskɑːɹ,pɾoskaɾ,promapar,pɹɑːmɐpɑːɹ,pɾomapaɾ,0
plavix,plævɪks,plavjks,pradax,pɹædæks,pɾadaks,1
vanceril,vænsɚɹəl,vankeɾil,vancor,væŋkɚ,vankoɾ,0
leucovorin calcium,luːkəvoːɹɪn kælsiəm,leukovʔoɾinkalsjum,levoleucovorin,lɛvoʊljuːkəvoːɹɪn,levalukovʔoɾin,1
kaletra,kælɛtɹə,kaletɾa,keppra,kɛpɹə,keppɾa,1
apidra,ɐpɪdɹə,ʔapidɾa,spiriva,spɪɹɪvə,spiɾiva,1
fiorinal,fɪoːɹɪnəl,fioɾinal,lanorinal,lænoːɹɪnəl,lanoɾinal,0
tromethamine,tɹoʊmθɐmiːn,tɾomethamine,ketorolac tromethamine,kɛɾoːɹɑːlæk tɹoʊmθɐmiːn,ketoɾolaktɾomethamine,0
polycitra,pɑːlɪsɪtɹə,poljsitɾa,placidyl,plæsɪdɪl,plasjdjl,0
sulfadiazine,sʌlfeɪdɪɐziːn,sulfadiasʔineʔ,sulfatrim ds,sʌlfætɹɪm diːɛs,sulfatɾimds,0
acetated ringer s in plastic container,æsɪteɪɾɪd ɹɪŋɚɹ ɛs ɪn plæstɪk kənteɪnɚ,ʔaketatedɾiŋeɾsʔinplastikkontaʔineɾ,cefizox in plastic container,sɛfɪzɑːks ɪn plæstɪk kənteɪnɚ,kefisoksʔinplastikkontaʔineɾ,0
pamelor,peɪmlɚ,pameloɾ,dymelor,daɪmɛlɚ,djmeloɾ,0
minoxidil,mɪnəksɪdɪl,minoksidil,minoxidin,mɪnəksɪdɪn,minoksidin,1
pentobarbital,pɛntəbɑːɹbɪɾəl,pentobaɾbital,pentoxil,pɛntəksɪl,pentoksil,0
dexilant,dɛksɪlənt,deksʔilant,duloxetine,duːləksɛtiːn,duloksetine,1
foradil,fɔːɹɐdɪl,foɾadil,fortical,fɔːɹɾɪkəl,foɾtikal,1
didanosine,dɪdɐnɑːsaɪn,didanosine,inapsine,ɪnæpsaɪn,ʔinapsine,0
keflex,kɛflɛks,keflks,keppra,kɛpɹə,keppɾa,1
aggrastat,ɐgɹæstæt,ʔaggɾastat,argatroban,ɑːɹgɐtɹɑːbən,ʔaɾgatɾoban,1
leukeran,luːkɚɹən,leukeɾan,myleran,maɪlɚɹən,mjleɾan,1
janumet,dʒænuːmɪt,ʤanumet,januvia,dʒænuːviə,ʤanuvja,1
fluoxetine,fljuːəksɛtiːn,fluʔoksetine,loxitane,lɑːksɪteɪn,loksitaneʔ,1
tresiba,tɹɛzɪbə,tɾesiba,trulicity,tɹuːlɪsɪɾi,tɾuljsitj,1
lanthanum carbonate,lænθænəm kɑːɹbəneɪt,lanthanumkaɾbonate,lithium carbonate,lɪθiəm kɑːɹbəneɪt,lithiʔumkaɾbonate,1
ketoconazole,kɛɾəkɑːnɐzoʊl,ketokonasole,tioconazole,tɪɑːkənæzoʊl,tiokonasole,0
tegretol,tɛgɹɪtɑːl,tegɾetol,tegretol xr,tɛgɹɪtɑːl ɛksɑːɹ,tegɾetolksɾ,1
diazepam,daɪəzɛpæm,diasepam,diltiazem,dɪlʃɪeɪzəm,diltiʔazem,1
fanapt,fænæpt,fanapt,xanax,zænæks,ksanaʔks,1
levothyroxine,lɛvəθɪɹəksaɪn,levatjɾoksʔineʔ,liothyronine,lɪɑːθɪɹɑːnaɪn,liotjɾonine,1
neulasta,nuːlæstə,neulasta,reclast,ɹɪklæst,ɾeklast,0
zantac,zæntæk,zantak,zyrtec,zɪətɛk,zjɾtek,1
midodrine,mɪdədɹiːn,midodɾine,midrin,mɪdɹɪn,midɾin,1
florastor,floːɹæstɚ,floɾastoɾ,florinef,flɔːɹaɪnəf,floɾinef,1
methimazole,mɛθɪmæzoʊl,methimasole,metimyd,mɛɾɪmɪd,metimjd,0
topamax,tɑːpɐmæks,topamaks,toprol xl,tɑːpɹɑːl ɛksɛl,topɾolksl,1
doxil,dɑːksɪl,doksil,roxilox,ɹɑːksɪlɑːks,ɾoksiloks,0
comvax,kəmvæks,komvejks,compazine,kəmpæziːn,kompasʔineʔ,0
lanoxin,lænəksɪn,lanoksin,levothyroxine,lɛvəθɪɹəksaɪn,levatjɾoksʔineʔ,1
oxycodone,ɑːksɪkɑːdoʊn,ʔoksikeodone,oxymorphone,ɑːksɪmoːɹfoʊn,ʔoksjmoɾphone,1
pepcid,pɛpsɪd,pepsid,prevacid,pɹɪvæsɪd,pɾevasjd,0
rifabutin,ɹɪfɐbjuːtɪn,ɾifabutin,rifapentine,ɹɪfeɪpɛntiːn,ɾifapentine,1
effexor xr,ɛfɛksɚɹ ɛksɑːɹ,ʔeffeksoɾksɾ,enablex,ɛneɪbləks,ʔenableks,1
solu medrol,sɑːluː mɛdɹɑːl,solumedɾol,neo medrol,niːoʊ mɛdɹɑːl,neomedɾol,0
neratinib,nɛɹɐtɪnɪb,neɾatinib,gefitinib,dʒɛfɪtɪnɪb,gefitinib,0
amphotec,æmfoʊɾək,ʔamphotek,amvuttra,æmvʌtɹə,ʔamvwttɾa,0
sinemet,saɪnmɪt,sinemet,sine aid ib,saɪn eɪd ɪb,sineʔaidʔib,0
ephedrine,ɛfɪdɹiːn,ʔephedɾine,epinephrine,ɛpɪnɛfɹiːn,ʔepinephɾine,1
glucotrol,gluːkətɹɑːl,glukotɾol,glycotrol,glaɪkətɹɑːl,glikeotɾol,1
captopril,kæptɑːpɹəl,kaptopɾil,carvedilol,kɑːɹvɪdɪlɑːl,kaɾvedilol,1
levbid,lɛvbɪd,levbid,evdi,ɛvdi,ʔevdiʔ,0
venofer,vɛnoʊfɚ,venofeɾ,vimpat,vɪmpæt,vimpat,1
alomide,ɐlɑːmaɪd,ʔalomide,cetamide,sɛɾɐmaɪd,ketamide,0
kay ciel,keɪ siːl,kajsjel,kaon cl,keɪɑːn siːɛl,kaʔonkl,0
tequin,tɛkwɪn,tekin,teczem,tɛkzəm,tekzem,0
reminyl,ɹɪmɪnaɪl,ɾeminjl,robinul,ɹɑːbɪnʌl,ɾobinul,1
restoril,ɹɪstoːɹəl,ɾestoɾil,nutrestore,nʌtɹɪstoːɹ,nutɾestoɾe,0
ventolin hfa,vɛntəlɪn eɪtʃɛfeɪ,ventolinhfa,ventolin rotacaps,vɛntəlɪn ɹoʊɾɐkæps,ventolinɾotakaps,0
tromethamine,tɹoʊmθɐmiːn,tɾomethamine,prometh plain,pɹoʊmiːθ pleɪn,pɾometplaʔin,0
fluoxetine,fljuːəksɛtiːn,fluʔoksetine,paroxetine,pæɹəksɛtiːn,paɾoksetine,1
cefoxitin,sɛfəksɪtɪn,kefoksitin,ceftazidime,sɛftɐzɪdaɪm,keftasidime,1
testoderm tts,tɛstoʊdɜːm tiːtiːɛs,testodeɾmtʧ,testoderm with adhesive,tɛstoʊdɜːm wɪð ɐdhiːsɪv,testodeɾmwitʔadhesive,1
ethionamide,iːθɪɑːnɐmaɪd,ʔetjonamide,ethosuximide,iːθəsʌksɪmaɪd,ʔethosuksimide,1
novolin 70 30,nɑːvəlɪn sɛvənti θɜːɾi,novolin7030,novolog mix 70 30,nɑːvəlɑːg mɪks sɛvənti θɜːɾi,novologmiks7030,1
silodosin,saɪlədɑːsɪn,silodosin,lodosyn,lɑːdəsɪn,lodosjn,0
duricef,dʊɹɹaɪsəf,duɾjsef,ultracet,ʊltɹæsɪt,ʔultɾaket,1
alfentanil,ɐlfɛntɐnɪl,ʔalfentanil,albenza,ælbɛnzə,ʔalbensa,0
bicillin c r,baɪsɪlɪn siː ɑːɹ,bjsillinkɾ,v cillin,viː sɪlɪn,vkillin,0
adderall 15,ædɚɹɔːl fɪftiːn,ʔadɾol15,adderall 20,ædɚɹɔːl twɛnti,ʔadɾol20,0
tetanus diptheria toxoid,tɛtənəs dɪpθɜːɹiə tɑːksɔɪd,tetanusdiptheɾiatoksoid,tuberculin purified protein derivative,tuːbɚkjʊlɪn pjʊɹɹɪfaɪd pɹoʊtiːn dɪɹɪvətɪv,tubeɾsulinpuɾifiʔedpɾotejndeɾivative,1
serzone,sɜːzoʊn,seɾsone,kerlone,kɜːloʊn,keɾlone,0
azacitidine,æzɐsɪɾɪdiːn,ʔasasjtidine,azathioprine,æzɐθɪɑːpɹiːn,ʔasathiopɾine,1
volumen,vɑːljuːmɛn,volumen,voluven,vɑːluːvən,voluven,1
folex,foʊlɛks,foleks,foltx,foʊltɛks,foltks,1
levetiracetam,lɛvɪtɜːɹɐsɛɾæm,levetiɾaketam,levofloxacin,lɛvəflɑːksɐsɪn,levofloksasjn,1
influenza virus vaccine,ɪnfluːɛnzə vaɪɹəs væksiːn,ʔinflujsaviɾusvakʔineʔ,perflutren lipid microspheres,pɜːflʌtɹən lɪpɪd maɪkɹoʊsfɪɹz,peɾflutɾenlipidmikɾospheɾes,1
tambocor,tæmbɑːkɚ,tambokoɾ,tembexa,tɛmbɛksə,tembeʔksaʔ,0
novolin,nɑːvəlɪn,novolin,norlutin,noːɹluːtɪn,noɾlutin,0
matulane,mætʃəleɪn,matulaneʔ,anturane,æntʃɚɹeɪn,ʔantuɾaneʔ,0
fludrocortisone acetate,flʌdɹəkɔːɹɾɪsoʊn æsɪteɪt,fludɾokoɾtisoneʔaketate,lanreotide acetate,lænɹɪɑːɾaɪd æsɪteɪt,lanɾeotideʔaketate,0
capex,keɪpɛks,kapeks,kapidex,kæpaɪdɛks,kapidjks,1
sudafed,suːdeɪft,sudafed,sudafed pe,suːdeɪft piː,sudafedpe,1
ropivacaine,ɹɑːpɪveɪkeɪn,ɾopivakaʔineʔ,alphacaine,ælfəkeɪn,ʔalphakaʔineʔ,0
mephyton,mɛfɪtən,mephjton,methadone,mɛθɐdoʊn,methadone,1
penicillin,pɛnɪsɪlɪn,penisillin,pentoxifylline,pɛntəksɪfɪlaɪn,pentoksjfjlline,0
nicardipine,nɪkɑːɹdɪpaɪn,nikaɾdipine,nimodipine,nɪmədɪpaɪn,nimodipine,1
vesicare,vɛsɪkɛɹ,vesikaɾe,ticar,tɪkɑːɹ,tikaɾ,0
rasageline,ɹæseɪdʒlaɪn,ɾasageline,repaglinide,ɹɪpæglɪnaɪd,ɾepaglinide,1
tradjenta,tɹædʒɛntə,tɾadʤenta,trulicity,tɹuːlɪsɪɾi,tɾuljsitj,1
opium tincture,oʊpiəm tɪŋktʃɚ,ʔopiʔumtinktuɾe,paregoric,pɛɹgɔːɹɪk,paɾegoɾajs,1
soriatane,soːɹɪæteɪn,soɾjataneʔ,soaanz,soʊænts,soʔaʔans,0
ketorolac,kɛɾoːɹɑːlæk,ketoɾolak,etodolac,ɛɾədɑːlæk,ʔetodolak,0
norlestrin 21 1 50,noːɹlɪstɹɪn twɛnti wʌn wʌn fɪfti,noɾlestɾin21150,norlestrin fe 1 50,noːɹlɪstɹɪn fiː wʌn fɪfti,noɾlestɾinfe150,0
briviact,bɹɪvɪækt,bɾivjakt,revia,ɹɪvɪə,ɾevja,0
tresiba,tɹɛzɪbə,tɾesiba,yutrepia,juːtɹiːpiə,jutɾepiaʔ,0
neupogen,nuːpədʒən,neupogen,neoprofen,niːoʊpɹoʊfən,neopɾofen,0
metronidazole,mɛtɹənɪdɐzoʊl,metɾonidasole,metro iv,mɛtɹoʊ ɹoʊmən foːɹ,metɾoʔiv,0
unipres,juːnɪpɚz,ʔunipɾes,uniretic,juːnɪɹɛɾɪk,ʔuniɾetik,0
intuniv,ɪntuːnɪv,ʔintuniv,invega,ɪnviːgə,ʔinvega,1
ribavirin,ɹɪbɐvɪɹɪn,ɾibaviɾin,riboflavin,ɹɪbəflævɪn,ɾiboflavjn,1
metadate cd,mɛɾədeɪt siːdiː,metadatekd,metadate er,mɛɾədeɪt ɜː,metadateʔeɾ,1
myleran,maɪlɚɹən,mjleɾan,pylera,paɪlɚɹə,pjleɾa,0
mitomycin,maɪɾəmaɪsɪn,mitomjsjn,mitoxantrone,maɪɾəksæntɹoʊn,mitoksantɾone,1
antivert,æntɪvɜːt,ʔantiveɾt,axert,æksɚt,ʔakseɾt,1
ditropan,dɪtɹəpæn,ditɾopan,zioptan,zɪɑːptən,zioptan,0
cefazolin,sɛfɐzɑːlɪn,kʔefasolin,ceftazidime,sɛftɐzɪdaɪm,keftasidime,1
klonopin,klɑːnəpɪn,klonopin,oncovin,ɑːŋkəvɪn,ʔonkovjn,0
clozaril,klɑːzɑːɹɹəl,klosaɾil,colazal,kɑːlæzəl,kolasal,1
babybig,beɪbɪbɪg,babjbig,hbig,eɪtʃbɪg,hbig,1
lanorinal,lænoːɹɪnəl,lanoɾinal,norinyl,noːɹɪnaɪl,noɾinjl,0
foradil,fɔːɹɐdɪl,foɾadil,tofranil,tɑːfɹɐnɪl,tofɾanil,0
bacitracin zinc and polymyxin b sulfate,bæsɪtɹæsɪn zɪŋk ænd pɑːlɪmɪksɪn biː sʌlfeɪt,bakitɾasjnzkʔandpoljmjksinbsulfate,bacitracin zinc neomycin sulfate polymyxin b sulfate,bæsɪtɹæsɪn zɪŋk niːoʊmaɪsɪn sʌlfeɪt pɑːlɪmɪksɪn biː sʌlfeɪt,bakitɾasjnzkneomjsjnsulfatepoljmjksinbsulfate,0
ritalin,ɹɪɾɐlɪn,ɾitalin,ritodrine,ɹɪɾədɹiːn,ɾitodɾine,1
adacel,ɐdeɪsəl,ʔadakel,daptacel,dæpteɪsəl,daptakel,1
tanzeum,tænziːəm,tansjum,trulicity,tɹuːlɪsɪɾi,tɾuljsitj,1
migalastat,mɪgɐlæstæt,migalastat,miglustat,mɪgləstæt,miglustat,1
dalvance,dælvəns,dalvejnkeʔ,glucovance,gluːkɑːvəns,glukovankeʔ,0
valacyclovir,vælɐsaɪkləvɪɹ,valasikelovjɾ,valganciclovir,vælgɐnsɪkləvɪɹ,valgansjslovjɾ,1
bicitra,baɪsɪtɹə,bjsitɾa,polycitra,pɑːlɪsɪtɹə,poljsitɾa,1
darbid,dɑːɹbɪd,daɾbid,varubi,vɑːɹɹuːbaɪ,vaɾubi,0
humalog,hjuːmɐlɑːg,humalog,novolog,nɑːvəlɑːg,novolog,1
orgaran,ɔːɹgæɹən,ʔoɾgaɾan,orgatrax,ɔːɹgɐtɹæks,ʔoɾgatɾaks,0
pyridoxine,pɪɹɪdɑːksaɪn,pjɾidoksʔineʔ,pyocidin,paɪəsɪdɪn,pjosidin,0
sertraline,sɜːtɹəlaɪn,seɾtɾaline,deltalin,dɛltɐlɪn,deltalin,0
zonegran,zoʊŋgɹən,zonegɾan,zonalon,zoʊnælən,zonalon,0
aciphex,ɐsɪfɛks,ʔasipʤks,adipex p,ædaɪpɛks piː,ʔadipeksp,0
ammonium chloride in plastic container,æmoʊniəm kloːɹaɪd ɪn plæstɪk kənteɪnɚ,ʔammonjumʧloɾideʔinplastikkontaʔineɾ,theophylline and dextrose 5 in plastic container,θiːəfɪlaɪn ænd dɛkstɹoʊz faɪv ɪn plæstɪk kənteɪnɚ,theophjllineʔanddekstɾose5ʔinplastikkontaʔineɾ,0
clonazepam,klɑːneɪzpæm,klonasepam,lorazepam,loːɹeɪzpæm,loɾasepam,1
avinza,ævɪnzə,ʔavsa,evista,ɪvɪstə,ʔevista,1
acetated ringer s in plastic container,æsɪteɪɾɪd ɹɪŋɚɹ ɛs ɪn plæstɪk kənteɪnɚ,ʔaketatedɾiŋeɾsʔinplastikkontaʔineɾ,perikabiven in plastic container,pɛɹɪkæbɪvən ɪn plæstɪk kənteɪnɚ,peɾikabivenʔinplastikkontaʔineɾ,0
activase,æktɪveɪs,ʔaktivase,cathflo activase,kæθfloʊ æktɪveɪs,katfloʔʔaktivase,1
hydrochlorothiazide,haɪdɹəkloːɹoʊθɪeɪzaɪd,hjdɾoʧloɾothiʔazide,reserpine and hydrochlorothiazide 50,ɹɪsɜːpaɪn ænd haɪdɹəkloːɹoʊθɪeɪzaɪd fɪfti,ɾeseɾpineʔandhjdɾoʧloɾothiʔazide50,0
cabenuva,keɪbnuːvə,kabenuva,abreva,ɐbɹɛvə,ʔabɾeva,0
depocyt,dɪpɑːsɪt,depokjt,duvyzat,dʌvɪzæt,duvjsat,0
haloperidol intensol,heɪloʊpɹɪdɑːl ɪntɛnsɑːl,halopeɾidolʔintensol,prednisone intensol,pɹɪdnɪsoʊn ɪntɛnsɑːl,pɾednisoneʔintensol,0
miglustat,mɪgləstæt,miglustat,monistat,mɑːnɪstæt,monistat,0
provera,pɹɑːvɚɹə,pɾoveɾa,prozac,pɹɑːzæk,pɾosak,1
clindesse,klɪndɛs,klindesse,clindets,klɪndɪts,klindeʧ,1
methimazole,mɛθɪmæzoʊl,methimasole,betimol,bɪtɪmɑːl,betimol,0
estratest,ɛstɹeɪtɪst,ʔestɾatest,strattera,stɹæɾɚɹə,stɾatteɾa,0
dabigatran,dæbɪgætɹæn,dabigatɾan,vigabatrin,vɪgɐbætɹɪn,vigabatɾin,1
tromethamine,tɹoʊmθɐmiːn,tɾomethamine,trophamine,tɹɑːfɐmiːn,tɾophamine,1
tecvayli,tɛkveɪli,tekvajliʔ,zevalin,zɛvɐlɪn,zevalin,0
hydralazine,haɪdɹɐlæziːn,hjdɾalasʔineʔ,hydroxyzine,haɪdɹɑːksɪziːn,hjdɾoksjzine,1
humalog,hjuːmɐlɑːg,humalog,humulin,hjuːmjʊlɪn,humulin,1
bio t gel,baɪoʊ tiː dʒɛl,biotgel,t gel,tiː dʒɛl,tgel,1
cefoxitin,sɛfəksɪtɪn,kefoksitin,capecitabine,keɪpsɪtæbaɪn,kapesitabine,0
tresiba,tɹɛzɪbə,tɾesiba,trusopt,tɹuːsɑːpt,tɾusopt,0
ketalar,kɛɾælɚ,ketalaɾ,ketorolac,kɛɾoːɹɑːlæk,ketoɾolak,1
wellbutrin sr,wɛlbjuːtɹɪn ɛsɑːɹ,welbutɾinsɾ,wellbutrin xl,wɛlbjuːtɹɪn ɛksɛl,welbutɾinksl,1
docetaxel,doʊstæksəl,doketaksel,cetraxal,sɛtɹæksəl,ketɾaksal,0
brilinta,bɹɪlɪntə,bɾilinta,briellyn,bɹiːlɪn,bɾieljn,0
acebutolol hydrochloride,ɐsɛbjuːtɑːlɑːl haɪdɹəkloːɹaɪd,ʔakebutololhjdɾoʧloɾide,proparacaine hydrochloride,pɹəpæɹɐkeɪn haɪdɹəkloːɹaɪd,pɾopaɾakaʔineʔhjdɾoʧloɾide,0
methazolamide,mɛθeɪzɑːlɐmaɪd,methasolamide,metozolv odt,mɛɾəzɑːlv ɑːt,metosolvʔodt,0
saquinavir,sækwɪnævɪɹ,sakinavjɾ,saquinavir mesylate,sækwɪnævɪɹ mɛsɪleɪt,sakinavjɾmesjlate,1
medroxyprogesterone,mɛdɹəksɪpɹoʊdʒstɚɹoʊn,medɾoksjpɾogesteɾone,methylprednisolone,mɛθəlpɹɛdnɪsɑːloʊn,methjlpɾednisolone,1
leucovorin calcium,luːkəvoːɹɪn kælsiəm,leukovʔoɾinkalsjum,leukeran,luːkɚɹən,leukeɾan,1
procanbid,pɹɑːkɐnbɪd,pɾokanbid,praxbind,pɹæksbaɪnd,pɾaksbind,0
lorazepam,loːɹeɪzpæm,loɾasepam,lovaza,lʌvɑːzə,lovasa,1
pazopanib,pæzəpænɪb,pasopanib,ponatinib,pɑːnɐtɪnɪb,ponatinib,1
precare,pɹɪkɛɹ,pɾekaɾe,predair,pɹɪdɛɹ,pɾedajɾ,0
ceftazidime,sɛftɐzɪdaɪm,keftasidime,tazidime,tæzɪdaɪm,tasidime,0
triavil 2 25,tɹaɪævəl tuː twɛnti faɪv,tɾiʔavjl225,triavil 4 10,tɹaɪævəl foːɹ tɛn,tɾiʔavjl410,0
aldara,ɔːldɑːɹɹə,ʔaldaɾaʔ,alora,ɐloːɹə,ʔaloɾa,1
methylene blue,mɛθɪliːn bluː,methjleneblue,visionblue,vɪʒənbluː,visjonblue,1
varivax,vɑːɹɹɪvæks,vaɾivejks,vzig,viːzɪg,vzig,1
mitomycin,maɪɾəmaɪsɪn,mitomjsjn,seromycin,sɛɹəmaɪsɪn,seɾomjsjn,0
doxil,dɑːksɪl,doksil,noxafil,nɑːksɐfɪl,noksafil,0
triavil 4 10,tɹaɪævəl foːɹ tɛn,tɾiʔavjl410,triavil 4 25,tɹaɪævəl foːɹ twɛnti faɪv,tɾiʔavjl425,0
lithium,lɪθiəm,lithiʔum,ultram,ʌltɹæm,ʔultɾam,1
apresoline,æpɹeɪɑːliːn,ʔapɾesoline,priscoline,pɹɪskəliːn,pɾiskoline,1
fomepizole,foʊmpɪzoʊl,fomepisole,omeprazole,oʊmpɹɐzoʊl,ʔomepɾasole,1
alfuzosin hydrochloride,ɐlfjuːzəsɪn haɪdɹəkloːɹaɪd,ʔalfusosinhjdɾoʧloɾide,lorcaserin hydrochloride,loːɹkɐsɚɹɪn haɪdɹəkloːɹaɪd,loɾkaseɾinhjdɾoʧloɾide,0
tegretol,tɛgɹɪtɑːl,tegɾetol,tequin,tɛkwɪn,tekin,1
cefuroxime,sɛfjʊɹɹɑːksaɪm,kefuɾoksime,furoxone,fjʊɹɹəksoʊn,fuɾoksone,0
zelapar,zɛlɐpɑːɹ,zelapaɾ,zepatier,zɛpəɾiɚ,zepatjeɾ,0
volumen,vɑːljuːmɛn,volumen,vumon,vjuːmən,vumon,0
glycotrol,glaɪkətɹɑːl,glikeotɾol,glycoprep,glaɪkəpɹɛp,glikeopɾep,0
leukeran,luːkɚɹən,leukeɾan,levulan,lɛvjʊlæn,levulan,0
prandin,pɹændɪn,pɾandin,asendin,æsəndɪn,ʔasendin,0
humulin r u 100,hjuːmjʊlɪn ɑːɹ juː wʌnhʌndɹɪd,humulinɾʔu100,humulin r u 500,hjuːmjʊlɪn ɑːɹ juː faɪvhʌndɹɪd,humulinɾʔu500,1
myleran,maɪlɚɹən,mjleɾan,mylaxen,maɪlæksən,mjlaksen,0
mitoxantrone,maɪɾəksæntɹoʊn,mitoksantɾone,mtx patch,ɛmtiːɛks pætʃ,mtkspaʧ,1
oxaprozin,ɑːksɐpɹɑːzɪn,ʔoksapɾozin,oxcarbazepine,ɑːkskɑːɹbeɪzpaɪn,ʔokskaɾbasepine,1
razadyne,ɹæzɐdaɪn,ɾasadjne,rozerem,ɹoʊzɹəm,ɾozeɾem,1
valtrex,væltɹɛks,valtɾeks,halotex,heɪloʊtɛks,haloteks,0
abacavir dolutegravir lamivudine,æbɐkævɪɹ dɑːluːtɛgɹɐvɪɹ læmɪvjuːdiːn,ʔabakavjɾdolutegɾavjɾlamivudine,dolutegravir and lamivudine,dɑːluːtɛgɹɐvɪɹ ænd læmɪvjuːdiːn,dolutegɾavjɾʔandlamivudine,0
terbinafine,tɜːbɪnæfaɪn,teɾbinafine,terbutaline,tɜːbjuːɾəlaɪn,teɾbutaline,1
mefoxin in dextrose 5 in plastic container,mɛfəksɪn ɪn dɛkstɹoʊz faɪv ɪn plæstɪk kənteɪnɚ,mefoksinʔindekstɾose5ʔinplastikkontaʔineɾ,mefoxin in sodium chloride 09 in plastic container,mɛfəksɪn ɪn soʊdiəm kloːɹaɪd ziəɹoʊ naɪn ɪn plæstɪk kənteɪnɚ,mefoksinʔinsodjumʧloɾide09ʔinplastikkontaʔineɾ,0
freamine hbc 69,fɹiːmaɪn eɪtʃbiːsiː sɪksti naɪn,fɾeaminehbk69,freamine iii 85,fɹiːmaɪn ɹoʊmən θɹiː eɪɾi faɪv,fɾeamineʔiʔiiʔ85,0
jantoven,dʒæntoʊvən,ʤantoven,jeanatope,dʒiːnɐtoʊp,ʤeʔanatope,0
cometriq,kəmɛtɹɪk,kometɾik,myrbetriq,mɪəbɛtɹɪk,mjɾbetɾik,0
ado trastuzumab emtansine,ɐduː tɹæstuːzjuːmæb ɛmtænsaɪn,ʔadotɾastusumabʔemtansine,trastuzumab,tɹæstuːzjuːmæb,tɾastusumab,1
seroquel,sɛɹɑːkwəl,seɾokel,sarisol,sɑːɹɹɪsɑːl,saɾisol,0
penetrex,pɛnɪtɹɛks,penetɾeks,phenytex,fɛnaɪtɛks,phenjteks,0
tiamate,tiːəmeɪt,tiʔamate,topiramate,tɑːpɚɹæmeɪt,topiɾamate,0
flavoxate,fleɪvəkseɪt,flavoksate,fluvoxamine,fluːvɑːksɐmiːn,fluvoksamine,1
captopril,kæptɑːpɹəl,kaptopɾil,xcopri,ɛkskɑːpɹi,kskopɾiʔ,0
neupogen,nuːpədʒən,neupogen,nebupent,nɛbjuːpənt,nebupent,0
comvax,kəmvæks,komvejks,recombivax hb,ɹiːkəmbɪvæks eɪtʃbiː,ɾekombivejkshb,1
axitinib,æksɪtɪnɪb,ʔaksitinib,tofacitinib,tɑːfɐsɪtɪnɪb,tofasjtinib,0
sumatriptan naproxen sodium,suːmɐtɹɪptən næpɹɑːksən soʊdiəm,sumatɾiptannapɾoksensodjum,sumatriptan succinate,suːmɐtɹɪptən səksɪneɪt,sumatɾiptansukjnate,0
nalbuphine,nælbəfiːn,nalbuphine,naloxone,næləksoʊn,naloksone,1
materna,mətɜːnə,mateɾna,matulane,mætʃəleɪn,matulaneʔ,1
oracea,oːɹeɪsiə,ʔoɾakea,orencia,ɔːɹɛnʃə,ʔoɾjsia,1
duragesic 100,dʊɹɹeɪdʒzɪk wʌnhʌndɹɪd,duɾejʤk100,duragesic 12,dʊɹɹeɪdʒzɪk twɛlv,duɾejʤk12,0
tequin,tɛkwɪn,tekin,ticlid,tɪklɪd,tiklid,1
cefazolin,sɛfɐzɑːlɪn,kʔefasolin,cefoxitin,sɛfəksɪtɪn,kefoksitin,1
acetazolamide,æsɪtæzəlæmaɪd,ʔaketasolamide,acetohexamide,æsɪtoʊhɪksæmaɪd,ʔakʔeoʤksamide,1
selegiline,sɛlɪdʒɪliːn,selegiline,plegine,plɛdʒɪn,plegine,0
amaryl,æmɑːɹɹɪl,ʔamaɾjl,avandaryl,ævɐndɑːɹɹɪl,ʔavandaɾjl,0
levemir,lɛvɪmɪɹ,levemiɾ,leqembi,lɛkɪmbaɪ,lekembiʔ,0
keflex,kɛflɛks,keflks,keflin,kɛflɪn,keflin,0
casodex,kæsoʊdɛks,kks,kapidex,kæpaɪdɛks,kapidjks,1
cycloserine,saɪkloʊzɹiːn,sikeloseɾine,cyclosporine,saɪkləspoːɹiːn,sikelospoɾine,1
orfadin,ɔːɹfɐdɪn,ʔoɾfadin,surfaxin,sɜːfɐksɪn,suɾfaksin,0
zavesca,zeɪvskə,zavka,alvesco,ælvɛskoʊ,ʔalvko,0
tobradex,tɑːbɹeɪdɛks,tobɾadeks,tobrex,tɑːbɹɛks,tobɾeks,1
benicar,bɪnɪkɑːɹ,benikaɾ,mevacor,mɛvækɚ,mevakoɾ,1
hydroxyurea,haɪdɹɑːksɪjuːɹiə,hjdɾoksjuɾea,ure na,jʊɹ nɑː,ʔuɾena,1
triavil 2 10,tɹaɪævəl tuː tɛn,tɾiʔavjl210,triavil 2 25,tɹaɪævəl tuː twɛnti faɪv,tɾiʔavjl225,0
acetic acid for irrigation,ɐsiːɾɪk æsɪd fɔːɹ ɪɹɪgeɪʃən,ʔaketikʔasidfoɾʔiɾɾigatjon,glacial acetic acid,gleɪʃəl ɐsiːɾɪk æsɪd,glasialʔaketikʔasid,1
infliximab,ɪnflɪksɪmæb,ʔinfliksimab,rituximab,ɹɪɾəksɪmæb,ɾituksimab,1
methylprednisolone,mɛθəlpɹɛdnɪsɑːloʊn,methjlpɾednisolone,methyltestosterone,mɛθəlɾɪstɑːstɚɹoʊn,methjltestosteɾone,1
precare,pɹɪkɛɹ,pɾekaɾe,propecia,pɹəpiːʃə,pɾopesia,0
solu cortef,sɑːluː kɔːɹɾɛf,solukoɾtef,solu medrol,sɑːluː mɛdɹɑːl,solumedɾol,1
zonegran,zoʊŋgɹən,zonegɾan,neggram,nɛgɹæm,neggɾam,0
bextra,bɛkstɹə,bekstɾa,zetia,zɛʃə,zetia,1
hydrochlorothiazide,haɪdɹəkloːɹoʊθɪeɪzaɪd,hjdɾoʧloɾothiʔazide,irbesartan and hydrochlorothiazide,ɜːbɪsɑːɹtən ænd haɪdɹəkloːɹoʊθɪeɪzaɪd,ʔiɾbesaɾtanʔandhjdɾoʧloɾothiʔazide,0
ogen 25,oʊdʒən twɛnti faɪv,ʔogen25,ogen 625,oʊdʒən sɪkshʌndɹɪd twɛnti faɪv,ʔogen625,0
metronidazole,mɛtɹənɪdɐzoʊl,metɾonidasole,ketoconazole,kɛɾəkɑːnɐzoʊl,ketokonasole,0
norlestrin 21 1 50,noːɹlɪstɹɪn twɛnti wʌn wʌn fɪfti,noɾlestɾin21150,norlestrin fe 25 50,noːɹlɪstɹɪn fiː twɛnti faɪv fɪfti,noɾlestɾinfe2550,0
testoderm,tɛstoʊdɜːm,testodeɾm,testoderm tts,tɛstoʊdɜːm tiːtiːɛs,testodeɾmtʧ,1
biaxin,baɪəksɪn,biʔaksin,niacin,naɪəsɪn,niasjn,0
corlopam,kɔːɹləpæm,koɾlopam,orlaam,ɔːɹlɑːm,ʔoɾlaʔam,0
vioxx,vaɪɑːks,vioksks,zyvox,zaɪvɑːks,zjvoks,1
optiray 160,ɑːptɚɹeɪ wʌnhʌndɹɪd sɪksti,ʔoptiɾaj160,optiray 240,ɑːptɚɹeɪ tuːhʌndɹɪd foːɹɾi,ʔoptiɾaj240,0
penicillin,pɛnɪsɪlɪn,penisillin,phrenilin,fɹɛnɪlɪn,phɾenilin,0
vinblastine,vɪnblɐstiːn,vinblastine,vincristine,vɪŋkɹɪstiːn,vkɾistine,1
xanax,zænæks,ksanaʔks,zantac,zæntæk,zantak,1
miostat,mɪɑːstæt,miostat,nilstat,nɪlstæt,nilstat,0
dobutamine,dəbjuːɾɐmiːn,dobutamine,dopamine,dɑːpɐmiːn,dopamine,1
avinza,ævɪnzə,ʔavsa,invanz,ɪnvænts,ʔinvans,1
flovent,flʌvɛnt,flavnt,beclovent,bɪkloʊvənt,beklavnt,0
risperdal,ɹɪspɜːdəl,ɾispeɾdal,ropinirole,ɹəpɪnɪɹoʊl,ɾopiniɾole,1
patanol,pætɐnɑːl,patanol,atenolol,eɪtnəlɑːl,ʔatenolol,0
amiodarone,æmɪɑːdɐɹoʊn,ʔamiodaɾone,didronel,dɪdɹoʊnəl,didɾonel,0
metadate er,mɛɾədeɪt ɜː,metadateʔeɾ,methadone,mɛθɐdoʊn,methadone,1
loxitane,lɑːksɪteɪn,loksitaneʔ,soriatane,soːɹɪæteɪn,soɾjataneʔ,1
naloxegol,næləksɛgɑːl,naloksegol,naloxone hcl,næləksoʊn eɪtʃsiːɛl,naloksonehkl,0
iodine,aɪədiːn,ʔiodine,lodine,lɑːdiːn,lodine,1
focalin,foʊkɐlɪn,fokalin,foamicon,foʊmɪkən,foʔamikon,0
paclitaxel,pæklɪtæksəl,paklitaksel,pioglitazone,pɪɑːglɪtæzoʊn,pioglitasone,0
janumet,dʒænuːmɪt,ʤanumet,sinemet,saɪnmɪt,sinemet,1
lanoxin,lænəksɪn,lanoksin,lanoxicaps,lænəksɪkæps,lanoksikaps,0
precare,pɹɪkɛɹ,pɾekaɾe,precose,pɹiːkoʊs,pɾekose,1
asacol,ɐsækɑːl,ʔasakol,aphthasol,ɐfθæsɑːl,ʔaphtasol,0
oxycontin,ɑːksɪkɔntɪn,ʔoksikeontin,oxymorphone,ɑːksɪmoːɹfoʊn,ʔoksjmoɾphone,1
ellence,ɛləns,ʔeljjkeʔ,feldene,fɛldiːn,feldene,0
zostrix,zɑːstɹɪks,zostɾiks,zovirax,zɑːvɚɹæks,zovjks,1
tri lo estarylla,tɹaɪ loʊ ɛstɑːɹɹɪlə,tɾiloʔestaɾjllaʔ,tri lo sprintec,tɹaɪ loʊ spɹɪntɛk,tɾilospɾintek,0
darvon,dɑːɹvɑːn,daɾvon,edaravone,ɛdɐɹævoʊn,ʔedaɾavone,0
blephamide,blɛfɐmaɪd,blephamide,cetamide,sɛɾɐmaɪd,ketamide,0
zestril,zɛstɹəl,zestɾil,zetia,zɛʃə,zetia,1
celexa,sɛlɛksə,kʔelksaʔ,increlex,ɪŋkɹɪlɛks,ʔinklks,0
erdafitinib,ɜːdɐfɪtɪnɪb,ʔeɾdafitinib,gefitinib,dʒɛfɪtɪnɪb,gefitinib,0
everolimus,ɛvɚɹɑːlɪməs,ʔeveɾolimus,pimecrolimus,paɪmkɹəlɪməs,pimekɾolimus,0
atomoxetine,æɾəmɑːksɪtiːn,ʔatomoksetine,atorvastatin,æɾoːɹvæstɐtɪn,ʔatoɾvastatin,1
acetaminophen,æsɪtæmɪnɑːfən,ʔaketaminophen,acetazolamide,æsɪtæzəlæmaɪd,ʔaketasolamide,1
atacand,æɾɐkænd,ʔatakand,datscan,dætskæn,daʧkan,0
ropivacaine,ɹɑːpɪveɪkeɪn,ɾopivakaʔineʔ,tropicamide,tɹɑːpɪkæmaɪd,tɾopikamide,0
imcivree,ɪmsɪvɹiː,ʔimsjveʔ,incivek,ɪnsaɪvək,ʔinsjvek,0
zovirax,zɑːvɚɹæks,zovjks,zyvox,zaɪvɑːks,zjvoks,1
vesanoid,vɛsɐnɔɪd,vesanoid,vesicare,vɛsɪkɛɹ,vesikaɾe,1
aripiprazole,æɹɪpɪpɹɐzoʊl,ʔaɾipipɾasole,rabeprazole,ɹeɪbpɹɐzoʊl,ɾabepɾasole,1
procan sr,pɹɑːkən ɛsɑːɹ,pɾokansɾ,procanbid,pɹɑːkɐnbɪd,pɾokanbid,1
maxzide,mækszaɪd,makszide,microzide,maɪkɹoʊzaɪd,mikɾozide,1
claritin,klæɹɪtɪn,klaɾitin,claritin eye,klæɹɪtɪn aɪ,klaɾitinʔeje,1
levetiracetam,lɛvɪtɜːɹɐsɛɾæm,levetiɾaketam,levocarnitine,lɛvəkɑːɹnɪtiːn,levokaɾnitine,1
azithromycin,æzɪθɹəmaɪsɪn,ʔazitɾomjsjn,robimycin,ɹɑːbɪmaɪsɪn,ɾobimjsjn,0
gabapentin,gæbeɪpɛntɪn,gabapentin,gemfibrozil,dʒɛmfɪbɹɑːzɪl,gemfibɾozil,1
aciphex,ɐsɪfɛks,ʔasipʤks,aricept,æɹaɪsəpt,ʔaɾjsept,1
aripiprazole,æɹɪpɪpɹɐzoʊl,ʔaɾipipɾasole,proton pump inhibitors,pɹoʊtɑːn pʌmp ɪnhɪbɪɾɚz,pɾotonpumpʔinhibitoɾs,1
rifadin,ɹɪfɐdɪn,ɾifadin,rifater,ɹɪfeɪɾɚ,ɾifateɾ,1
penicillin g sodium,pɛnɪsɪlɪn dʒiː soʊdiəm,penisillingsodjum,penicillin vk,pɛnɪsɪlɪn viːkeɪ,penisillinvk,0
cymbalta,sɪmbæltə,simbalta,symbyax,sɪmbɪæks,sjmbjaks,1
akrinol,ækɹɪnɑːl,ʔakɾinol,marinol,mɚɹɪnɑːl,maɾinol,0
arduan,ɑːɹduːən,ʔaɾduʔan,aredia,æɹiːdiə,ʔaɾedia,0
slynd,slaɪnd,sljnd,syeda,sɪɛdə,sjeda,1
mifeprex,maɪfpɹɛks,mifepɾeks,moviprep,muːvɪpɹɛp,movipɾep,0
diabeta,daɪəbɛɾə,diabeta,dermabet,dɜːmæbɪt,deɾmabet,0
sinequan,saɪŋkwən,sinekan,singulair,sɪŋgjʊlɛɹ,siŋulajɾ,1
cetirizine,sɛɾɪɹɪziːn,ketiɾizine,cimetidine,saɪmtɪdiːn,kimetidine,0
evista,ɪvɪstə,ʔevista,vivimusta,vɪvɪmʌstə,vivimusta,0
methotrexate,mɛθətɹɛkseɪt,methotksate,mtx patch,ɛmtiːɛks pætʃ,mtkspaʧ,1
proair hfa,pɹoʊɜːɹ eɪtʃɛfeɪ,pɾoajɾhfa,proair respiclick,pɹoʊɜː ɹɪspɪklɪk,pɾoajɾɾespikljsk,0
sertraline,sɜːtɹəlaɪn,seɾtɾaline,soriatane,soːɹɪæteɪn,soɾjataneʔ,1
clonidine,klɑːnɪdiːn,klonidine,clozapine,klɑːzɐpaɪn,klosapine,1
admelog,ɐdmɛlɑːg,ʔadmelog,dymelor,daɪmɛlɚ,djmeloɾ,0
lamictal,læmɪktəl,lamiktal,lamisil,læmɪsəl,lamisil,1
ms contin,ɛmɛs kəntɪn,mskontin,oxycontin,ɑːksɪkɔntɪn,ʔoksikeontin,1
metyrapone,mɛɾɪɹæpoʊn,metjɾapone,entacapone,ɛntækeɪpoʊn,ʔentakapone,0
dexmethylphenidate,dɛksmɪθəlfɛnɪdeɪt,deksmetjlphenidate,methadone,mɛθɐdoʊn,methadone,1
hydrochlorothiazide,haɪdɹəkloːɹoʊθɪeɪzaɪd,hjdɾoʧloɾothiʔazide,hydroxychloroquine,haɪdɹɑːksɪkloːɹoʊkwaɪn,hjdɾoksjʧloɾokine,1
hydropres 25,haɪdɹɑːpɚz twɛnti faɪv,hjdɾopɾes25,hydropres 50,haɪdɹɑːpɚz fɪfti,hjdɾopɾes50,0
bristamycin,bɹɪstɐmaɪsɪn,bɾistamjsjn,robimycin,ɹɑːbɪmaɪsɪn,ɾobimjsjn,0
renagel,ɹɪneɪdʒəl,ɾenagel,renvela,ɹɛnvɛlə,ɾenvela,1
estratest,ɛstɹeɪtɪst,ʔestɾatest,estratest hs,ɛstɹeɪtɪst eɪtʃɛs,ʔestɾatesths,1
pentobarbital,pɛntəbɑːɹbɪɾəl,pentobaɾbital,phenobarbital,fɛnəbɑːɹbɪɾəl,phenobaɾbital,1
aldoril 15,ɔːldoːɹəl fɪftiːn,ʔaldoɾil15,aldoril d30,ɔːldoːɹəl diː θɜːɾi,ʔaldoɾild30,0
fentanyl 37,fɛntɐnaɪl θɜːɾi sɛvən,fentanjl37,fentanyl 62,fɛntɐnaɪl sɪksti tuː,fentanjl62,0
methazolamide,mɛθeɪzɑːlɐmaɪd,methasolamide,metolazone,mɛɾəlæzoʊn,metolasone,1
phenaphen w codeine no 3,fɛnæfən dʌbəljuː koʊdaɪn noʊ θɹiː,phenaphenwkodejneno3,tylenol w codeine no 3,taɪlənɑːl dʌbəljuː koʊdaɪn noʊ θɹiː,tjlenolwkodejneno3,0
viokase,vaɪəkeɪs,viokase,invirase,ɪnvɜːɹeɪz,ʔinviɾase,0
brilinta,bɹɪlɪntə,bɾilinta,brintellix,bɹɪntɪlɪks,bɾinteliks,1
tiagabine,tiːəgæbaɪn,tiʔagabine,tyzavan,taɪzɐvæn,tjsavan,0
idarubicin,aɪdɑːɹɹuːbɪsɪn,ʔidaɾubjsjn,idamycin,aɪdɐmaɪsɪn,ʔidamjsjn,0
methadone hydrochloride intensol,mɛθɐdoʊn haɪdɹəkloːɹaɪd ɪntɛnsɑːl,methadonehjdɾoʧloɾideʔintensol,metoclopramide intensol,mɛɾəklɑːpɹɐmaɪd ɪntɛnsɑːl,metoklopɾamideʔintensol,0
enbrel,ɛnbɹɛl,ʔenbɾel,levbid,lɛvbɪd,levbid,1
hydralazine,haɪdɹɐlæziːn,hjdɾalasʔineʔ,hydrochlorothiazide,haɪdɹəkloːɹoʊθɪeɪzaɪd,hjdɾoʧloɾothiʔazide,1
fluphenazine,flʌfənæziːn,fluphenasʔineʔ,fluvoxamine,fluːvɑːksɐmiːn,fluvoksamine,1
foradil,fɔːɹɐdɪl,foɾadil,toradol,toːɹɐdɑːl,toɾadol,1
argatroban,ɑːɹgɐtɹɑːbən,ʔaɾgatɾoban,orgatrax,ɔːɹgɐtɹæks,ʔoɾgatɾaks,0
paxil,pæksɪl,paksil,trexall,tɹɛksɔːl,tɾeksol,1
symbyax,sɪmbɪæks,sjmbjaks,symbravo,sɪmbɹɑːvoʊ,sjmbɾavoʔ,0
oxybutynin,ɑːksɪbjuːtɪnɪn,ʔoksjbutjnin,oxymorphone,ɑːksɪmoːɹfoʊn,ʔoksjmoɾphone,1
rituximab,ɹɪɾəksɪmæb,ɾituksimab,truxima,tɹʌksɪmə,tɾuksima,0
dioval,dɪuːvəl,dioval,dovato,dəvɑːɾoʊ,dovatoʔ,0
tiagabine,tiːəgæbaɪn,tiʔagabine,tizanidine,tɪzɐnɪdiːn,tisanidine,1
mitomycin,maɪɾəmaɪsɪn,mitomjsjn,azithromycin,æzɪθɹəmaɪsɪn,ʔazitɾomjsjn,0
lexapro,lɛksæpɹoʊ,leksɾoʔ,loxitane,lɑːksɪteɪn,loksitaneʔ,1
dexmethylphenidate,dɛksmɪθəlfɛnɪdeɪt,deksmetjlphenidate,dexmethylphenidate mixed salts,dɛksmɪθəlfɛnɪdeɪt mɪkst sɔlts,deksmetjlphenidatemiksedsalts,1
cedax,sɛdæks,kedaks,cidex,saɪdɛks,sjks,1
tresiba,tɹɛzɪbə,tɾesiba,trudhesa,tɹʌdhɛsə,tɾudhesa,0
rifampin,ɹɪfɐmpɪn,ɾifampin,orfadin,ɔːɹfɐdɪn,ʔoɾfadin,0
testoderm,tɛstoʊdɜːm,testodeɾm,betaderm,beɪɾədɜːm,betadeɾm,0
comvax,kəmvæks,komvejks,cormax,kɔːɹmæks,koɾmaks,0
maalox,mɑːlɑːks,maʔaloks,maalox total stomach relief,mɑːlɑːks toʊɾəl stʌmək ɹɪliːf,maʔalokstotalstomaʧɾelief,1
glycotrol,glaɪkətɹɑːl,glikeotɾol,nicotrol,nɪkətɹɑːl,nikotɾol,0
docetaxel,doʊstæksəl,doketaksel,paclitaxel,pæklɪtæksəl,paklitaksel,1
ethambutol,ɛθɐmbjuːɾɑːl,ʔethambutol,ethmozine,ɛθməziːn,ʔetmozine,1
bendamustine hydrochloride,bɛndɐmʌstiːn haɪdɹəkloːɹaɪd,bendamustinehjdɾoʧloɾide,benoxinate hydrochloride,bɪnɑːksɪneɪt haɪdɹəkloːɹaɪd,benoksjnatehjdɾoʧloɾide,0
prednisolone,pɹɪdnɪsəloʊn,pɾednisolone,prednisone,pɹɪdnɪsoʊn,pɾednisone,1
retrovir,ɹɛtɹoʊvɜː,ɾetɾovjɾ,rextovy,ɹɪkstɑːvi,ɾeksovj,0
betaprone,beɪɾəpɹoʊn,betapɾone,repronex,ɹɪpɹoʊnɛks,ɾepɾoneks,0
zerit,zɛɹɪt,zeɾit,zyrtec,zɪətɛk,zjɾtek,1
carbamazepine,kɑːɹbɐmeɪzɪpaɪn,kaɾbamasepine,oxcarbazepine,ɑːkskɑːɹbeɪzpaɪn,ʔokskaɾbasepine,1
humira pen,hjuːmiəɹə pɛn,humiɾapen,humalog pen,hjuːmɐlɑːg pɛn,humalogpen,0
granulex,gɹænuːlɛks,gɾanuleks,regranex,ɹɪgɹeɪnɛks,ɾegɾaneks,1
diabeta,daɪəbɛɾə,diabeta,diapid,daɪəpɪd,diʔapid,0
beclovent,bɪkloʊvənt,beklavnt,theovent,θiːəvənt,theovent,0
oxybutynin,ɑːksɪbjuːtɪnɪn,ʔoksjbutjnin,oxycontin,ɑːksɪkɔntɪn,ʔoksikeontin,1
saquinavir mesylate,sækwɪnævɪɹ mɛsɪleɪt,sakinavjɾmesjlate,eribulin mesylate,ɛɹɪbjʊlɪn mɛsɪleɪt,ʔeɾibulinmesjlate,0
elvitegravir cobicistat emtricitabine and tenofovir alafenamide,ɛlvaɪtgɹævɪɹ kɑːbɪsɪstæt ɛmtɹɪsɪtæbaɪn ænd tɛnəfɑːvɪɹ ɐleɪfnɐmaɪd,ʔelvitegɾavjɾkobjsistatʔemtɾajsitabineʔandtenofovjɾʔalafenamide,elvitegravir cobicistat emtricitabine and tenofovir disoproxil fumarate,ɛlvaɪtgɹævɪɹ kɑːbɪsɪstæt ɛmtɹɪsɪtæbaɪn ænd tɛnəfɑːvɪɹ dɪsɑːpɹəksɪl fjuːmæɹət,ʔelvitegɾavjɾkobjsistatʔemtɾajsitabineʔandtenofovjɾdisopɾoksilfumaɾate,1
anticoagulant citrate dextrose solution formula a,æntɪkoʊægjʊlənt sɪtɹeɪt dɛkstɹoʊz səluːʃən fɔːɹmjʊlə eɪ,ʔantikoʔagulantkitɾatedekstɾosesolutionfoɾmulaʔa,anticoagulant sodium citrate solution,æntɪkoʊægjʊlənt soʊdiəm sɪtɹeɪt səluːʃən,ʔantikoʔagulantsodjumkitɾatesolution,1
metformin,mɛtfoːɹmɪn,metfoɾmin,metronidazole,mɛtɹənɪdɐzoʊl,metɾonidasole,1
xeloda,zɛloʊdə,kseloda,exelon,ɛgzɛlən,ʔekselon,0
novolin,nɑːvəlɪn,novolin,novolog,nɑːvəlɑːg,novolog,1
humalog mix 50 50,hjuːmɐlɑːg mɪks fɪfti fɪfti,humalogmiks5050,humalog mix 75 25,hjuːmɐlɑːg mɪks sɛvənti faɪv twɛnti faɪv,humalogmiks7525,0
argatroban,ɑːɹgɐtɹɑːbən,ʔaɾgatɾoban,orgaran,ɔːɹgæɹən,ʔoɾgaɾan,1
idarubicin,aɪdɑːɹɹuːbɪsɪn,ʔidaɾubjsjn,idarucizumab,aɪdɑːɹɹuːsɪzjuːmæb,ʔidaɾusjsumab,1
desogen,dɪsoʊdʒən,desogen,femogen,fɛmədʒən,femogen,0
jantoven,dʒæntoʊvən,ʤantoven,januvia,dʒænuːviə,ʤanuvja,1
healon,hiːlɑːn,healon,hyalgan,haɪælgən,hjalgan,1
zestoretic,zɛstoːɹɛɾɪk,zestoɾetik,zusduri,zʌsdʒuːɹi,zusduɾiʔ,0
escitalopram,ɛsɪtæləpɹæm,ʔessitalopɾam,aloprim,ɐlɑːpɹɪm,ʔalopɾim,0
carteolol hydrochloride,kɑːɹɾɪɑːlɑːl haɪdɹəkloːɹaɪd,kaɾteololhjdɾoʧloɾide,propoxyphene hydrochloride,pɹəpɑːksɪfiːn haɪdɹəkloːɹaɪd,pɾopoksjphenehjdɾoʧloɾide,0
hydrea,haɪdɹiə,hjdɾea,hydrap es,haɪdɹæp iːz,hjdɾapʔes,0
saxagliptin,sæksɐglɪptɪn,saksagliptin,sitagliptin,sɪɾɐglɪptɪn,sitagliptin,1
desipramine,dɪzɪpɹɐmiːn,desipɾamine,disopyramide,dɪsɑːpɪɹæmaɪd,disopjɾamide,1
regranex,ɹɪgɹeɪnɛks,ɾegɾaneks,reglan,ɹɪglæn,ɾeglan,0
zelapar,zɛlɐpɑːɹ,zelapaɾ,zelboraf,zɛlboːɹæf,zelboɾaf,0
celebrex,sɛlɪbɹɛks,kelebɾeks,cerebyx,sɛɹɪbɪks,keɾebjks,1
faslodex,fæsloʊdɛks,faslodeks,nasonex,næsoʊnɛks,nasoneks,0
dextrose 5 and potassium chloride 015 in plastic container,dɛkstɹoʊz faɪv ænd pətæsiəm kloːɹaɪd ziəɹoʊ fɪftiːn ɪn plæstɪk kənteɪnɚ,dekstɾose5ʔandpotasumʧloɾide015ʔinplastikkontaʔineɾ,dextrose 5 sodium chloride 033 and potassium chloride 015 in plastic container,dɛkstɹoʊz faɪv soʊdiəm kloːɹaɪd ziəɹoʊ θɜːɾi θɹiː ænd pətæsiəm kloːɹaɪd ziəɹoʊ fɪftiːn ɪn plæstɪk kənteɪnɚ,dekstɾose5sodjumʧloɾide033ʔandpotasumʧloɾide015ʔinplastikkontaʔineɾ,0
flonase,flɑːneɪs,flonase,flovent,flʌvɛnt,flavnt,1
alfentanil,ɐlfɛntɐnɪl,ʔalfentanil,fentanyl,fɛntɐnaɪl,fentanjl,1
motrin,mɑːtɹɪn,motɾin,neurontin,nʊɹɹɔntɪn,neuɾontin,1
chlorpromazine,kloːɹəpɹɑːmɐziːn,ʧloɾpɾomasʔineʔ,chloraprep one step,kloːɹɐpɹɛp wʌn stɛp,ʧloɾapɾepʔonestep,0
floranex,floːɹeɪnɛks,floɾaneks,flolan,flɑːlæn,flolan,0
cubicin,kjuːbɪsɪn,kubjsjn,ocumycin,ɑːkəmaɪsɪn,ʔokamjsjn,0
mitoxantrone,maɪɾəksæntɹoʊn,mitoksantɾone,metastron,mɛɾəstɹən,metastɾon,0
lipitor,lɪpɪɾɚ,lipitoɾ,zyrtec,zɪətɛk,zjɾtek,1
taxol,tæksɑːl,taksol,taxotere,tæksoʊɾɚ,taksoteɾe,1
codeine,koʊdaɪn,kodejne,lodine,lɑːdiːn,lodine,1
triavil 4 25,tɹaɪævəl foːɹ twɛnti faɪv,tɾiʔavjl425,triavil 4 50,tɹaɪævəl foːɹ fɪfti,tɾiʔavjl450,0
engerix b adult,ɛndʒɛɹɪks biː ɐdʌlt,ʔeŋeɾjksbʔadult,engerix b pediatric adolescent,ɛndʒɛɹɪks biː piːdɪætɹɪk ædəlɛsənt,ʔeŋeɾjksbpediʔatɾajsʔadoleskent,1
accupril,ɐkʌpɹəl,ʔakupɾil,aciphex,ɐsɪfɛks,ʔasipʤks,1
seroquel,sɛɹɑːkwəl,seɾokel,sinequan,saɪŋkwən,sinekan,1
bryrel,bɹaɪɹəl,bɾjɾel,lybrel,lɪbɹəl,ljbɾel,0
oxycontin,ɑːksɪkɔntɪn,ʔoksikeontin,oxytocin,ɑːksɪtɑːsɪn,ʔoksjosjn,1
aminocaproic acid in plastic container,ɐmɪnəkɐpɹoʊɪk æsɪd ɪn plæstɪk kənteɪnɚ,ʔaminokapɾojsʔasidʔinplastikkontaʔineɾ,plegisol in plastic container,plɛdʒɪsɑːl ɪn plæstɪk kənteɪnɚ,plegisolʔinplastikkontaʔineɾ,0
carboplatin,kɑːɹbəplætɪn,kaɾboplatin,carbidopa,kɑːɹbɪdoʊpə,kaɾbidopa,0
ambisome,æmbaɪsʌm,ʔambisome,amphotericin b,æmfoʊtɹɪsɪn biː,ʔamphoteɾajsjnb,1
hydro reserp,haɪdɹoʊ ɹɪsɜːp,hjdɾoɾeseɾp,hydropres 25,haɪdɹɑːpɚz twɛnti faɪv,hjdɾopɾes25,0
tradjenta,tɹædʒɛntə,tɾadʤenta,trudhesa,tɹʌdhɛsə,tɾudhesa,0
lovaza,lʌvɑːzə,lovasa,akovaz,ækəvæz,ʔakovas,0
seroquel,sɛɹɑːkwəl,seɾokel,serzone,sɜːzoʊn,seɾsone,1
morphine non concentrated oral liquid,mɔːɹfiːn nɑːn kɑːnsəntɹeɪɾɪd oːɹəl lɪkwɪd,moɾphinenonkkentɾatedʔoɾallikid,morphine oral liquid concentrate,mɔːɹfiːn oːɹəl lɪkwɪd kɑːnsəntɹeɪt,moɾphineʔoɾallikidkkentɾate,1
lanophyllin,lænəfɪlɪn,lanophjllin,neothylline,niːoʊθɪlaɪn,neotjlline,0
daunorubicin,dɔːnoːɹuːbɪsɪn,daʔunoɾubjsjn,idarubicin,aɪdɑːɹɹuːbɪsɪn,ʔidaɾubjsjn,1
ketorolac,kɛɾoːɹɑːlæk,ketoɾolak,methadone,mɛθɐdoʊn,methadone,1
neo cort dome,niːoʊ kɔːɹt doʊm,neokoɾtdome,neo cortef,niːoʊ kɔːɹɾɛf,neokoɾtef,0
bupivacaine,bjuːpɪveɪkeɪn,bupivakaʔineʔ,ropivacaine,ɹɑːpɪveɪkeɪn,ɾopivakaʔineʔ,1
nifedipine,naɪfdɪpaɪn,nifedipine,nimodipine,nɪmədɪpaɪn,nimodipine,1
paroxetine,pæɹəksɛtiːn,paɾoksetine,piroxicam,pɪɹəksɪkæm,piɾoksikam,1
amaryl,æmɑːɹɹɪl,ʔamaɾjl,reminyl,ɹɪmɪnaɪl,ɾeminjl,1
mirapex,mɜːɹeɪpɛks,miɾapeks,mirabegron,mɜːɹeɪbgɹən,miɾabegɾon,0
metyrosine,mɛɾɪɹɑːsaɪn,metjɾosine,myoscint,maɪəsɪnt,mjossjnt,0
thrombate iii,θɹɑːmbeɪt ɹoʊmən θɹiː,tɾombateʔiʔiiʔ,aerolate iii,ɛɹoʊleɪt ɹoʊmən θɹiː,ʔaeɾolateʔiʔiiʔ,0
neupogen,nuːpədʒən,neupogen,desogen,dɪsoʊdʒən,desogen,0
neulasta,nuːlæstə,neulasta,nuedexta,nuːdɛkstə,nuedekstaʔ,1
mafenide acetate,meɪfnaɪd æsɪteɪt,mafenideʔaketate,octreotide acetate,ɑːktɹɪɑːɾaɪd æsɪteɪt,ʔoktɾeotideʔaketate,0
tracleer,tɹæklɪɹ,tɾakeleɾ,tricor,tɹaɪkɚ,tɾajsoɾ,1
diprivan,dɪpɹɪvæn,dipɾivan,risvan,ɹɪsvæn,ɾisvan,0
cefotetan,sɛfoʊttən,kefotetan,ceftazidime,sɛftɐzɪdaɪm,keftasidime,1
protamine,pɹoʊɾɐmiːn,pɾotamine,protonix,pɹoʊtənɪks,pɾotonjks,1
physostigmine,faɪsəstɪgmaɪn,phjsostigmine,pyridostigmine,pɪɹɪdɑːstɪgmaɪn,pjɾidostigmine,1
zolpidem,zɑːlpaɪdəm,zolpidem,zyloprim,zaɪlɑːpɹɪm,zjlopɾim,1
potassium acetate,pətæsiəm æsɪteɪt,potasumʔaketate,sodium acetate,soʊdiəm æsɪteɪt,sodjumʔaketate,1
aerosporin,ɛɹoʊspoːɹɪn,ʔaeɾospoɾin,polysporin,pɑːlɪspoːɹɪn,poljspoɾin,0
micronase,maɪkɹoʊneɪs,mikɾonase,microzide,maɪkɹoʊzaɪd,mikɾozide,1
ampicillin sodium,æmpɪsɪlɪn soʊdiəm,ʔampisillinsodjum,micafungin sodium,mɪkɐfʌŋgɪn soʊdiəm,mikafuŋinsodjum,0
colchicine,kɑːltʃɪsiːn,kolʧikʔineʔ,cortrosyn,kɔːɹtɹəsɪn,koɾtɾosjn,1
pantoprazole sodium,pæntəpɹæzoʊl soʊdiəm,pantopɾasolesodjum,pentobarbital sodium,pɛntəbɑːɹbɪɾəl soʊdiəm,pentobaɾbitalsodjum,0
mucinex,mjuːsaɪnɛks,mukʔeks,mucinex allergy,mjuːsaɪnɛks ælɚdʒi,mukʔeksʔallɾgj,1
neo synephrine,niːoʊ saɪnɪfɹiːn,neosjnephɾine,neostigmine,niːoʊstɪgmaɪn,neostigmine,1
lunesta,lʌnɛstə,lunesta,bonjesta,bɑːndʒɛstə,bonʤesta,0
kadian,keɪdiən,kadiʔan,kapidex,kæpaɪdɛks,kapidjks,1
abiraterone acetate,æbɚɹæɾɚɹoʊn æsɪteɪt,ʔabiɾateɾoneʔaketate,guanabenz acetate,gwɑːneɪbənts æsɪteɪt,guʔanabensʔaketate,0
etravirine,ɪtɹævɪɹiːn,ʔetɾaviɾine,veraring,vɛɹɛɹɪŋ,veɾaɾiŋ,0
roxanol,ɹɑːksɐnɑːl,ɾoksanol,roxicet,ɹɑːksɪsɪt,ɾoksjset,1
humapen memoir,hjuːmeɪpən mɛmwɑːɹ,humapenmemojɾ,humira pen,hjuːmiəɹə pɛn,humiɾapen,1
sarafem,sæɹəfəm,saɾafem,serophene,sɛɹəfiːn,seɾophene,1
glipizide,glɪpɪzaɪd,glipizide,glyburide,glaɪbɪɹaɪd,gljbuɾide,1
citalopram,sɪɾɐlɑːpɹæm,kitalopɾam,escitalopram,ɛsɪtæləpɹæm,ʔessitalopɾam,1
bactrim ds,bæktɹɪm diːɛs,baktɾimds,bactrim pediatric,bæktɹɪm piːdɪætɹɪk,baktɾimpediʔatɾajs,0
sulfadiazine,sʌlfeɪdɪɐziːn,sulfadiasʔineʔ,sulfasalazine,sʌlfeɪzælɐziːn,sulfasalasʔineʔ,1
cefazolin,sɛfɐzɑːlɪn,kʔefasolin,cefaclor,sɛfæklɚ,kʔefakloɾ,0
carac,kæɹæk,kaɾak,kuric,kjʊɹɹɪk,kuɾjs,1
darvon,dɑːɹvɑːn,daɾvon,diovan,dɪɑːvæn,diovan,1
freamine ii 85,fɹiːmaɪn ɹoʊmən tuː eɪɾi faɪv,fɾeamineʔiiʔ85,freamine iii 10,fɹiːmaɪn ɹoʊmən θɹiː tɛn,fɾeamineʔiʔiiʔ10,0
doxorubicin liposomal,dɑːksoːɹuːbɪsɪn lɪpəsɑːməl,doksoɾubjsjnliposomal,doxil liposomal,dɑːksɪl lɪpəsɑːməl,doksilliposomal,0
pamelor,peɪmlɚ,pameloɾ,tambocor,tæmbɑːkɚ,tambokoɾ,1
tacrolimus,tækɹəlɪməs,takɾolimus,tracrium,tɹækɹiəm,tɾakɾjum,0
duzallo,duːzæloʊ,dusoloʔ,dycill,daɪsɪl,silj,0
alogliptin and metformin hydrochloride,ɐlɑːglɪptɪn ænd mɛtfoːɹmɪn haɪdɹəkloːɹaɪd,ʔalogliptinʔandmetfoɾminhjdɾoʧloɾide,dutasteride and tamsulosin hydrochloride,duːɾeɪstɹaɪd ænd tæmsuːlɑːsɪn haɪdɹəkloːɹaɪd,dutasteɾideʔandtamsulosinhjdɾoʧloɾide,0
loxitane,lɑːksɪteɪn,loksitaneʔ,lithane,lɪθeɪn,lithane,0
akovaz,ækəvæz,ʔakovas,alvaiz,ælveɪz,ʔalvejjs,0
vesanoid,vɛsɐnɔɪd,vesanoid,stanozide,stænəzaɪd,stanozide,0
prilosec,pɹɪloʊsək,pɾilosek,pristiq,pɹɪstɪk,pɾistik,1
hyalgan,haɪælgən,hjalgan,halcion,hælʃən,halsjon,0
sertraline,sɜːtɹəlaɪn,seɾtɾaline,setlakin,sɛtlɐkɪn,setlakin,0
avandia,ævændiə,ʔavandia,coumadin,kaʊmɐdɪn,koumadin,1
sitagliptin,sɪɾɐglɪptɪn,sitagliptin,sumatriptan,suːmɐtɹɪptən,sumatɾiptan,1
capozide 25 15,kæpəzaɪd twɛnti faɪv fɪftiːn,kapozide2515,capozide 50 25,kæpəzaɪd fɪfti twɛnti faɪv,kapozide5025,0
sarafem,sæɹəfəm,saɾafem,solaraze,soʊlæɹəz,solaɾaseʔ,0
ditropan,dɪtɹəpæn,ditɾopan,drolban,dɹɑːlbən,dɾolban,0
cardura,kɑːɹdʒuːɹə,kaɾduɾa,coumadin,kaʊmɐdɪn,koumadin,1
metyrapone,mɛɾɪɹæpoʊn,metjɾapone,metyrosine,mɛɾɪɹɑːsaɪn,metjɾosine,1
daunorubicin liposomal,dɔːnoːɹuːbɪsɪn lɪpəsɑːməl,daʔunoɾubjsjnliposomal,doxil liposomal,dɑːksɪl lɪpəsɑːməl,doksilliposomal,0
labetalol,læbɪtælɑːl,labetalol,lamictal,læmɪktəl,lamiktal,1
everolimus,ɛvɚɹɑːlɪməs,ʔeveɾolimus,temsirolimus,tɛmzɪɹɑːlɪməs,temseɾolimus,0
clindamycin phosphate and tretinoin,klɪndɐmaɪsɪn fɑːsfeɪt ænd tɹɛtɪnɔɪn,klindamjsjnphosphateʔandtɾetinojn,clindamycin phosphate in 09 sodium chloride,klɪndɐmaɪsɪn fɑːsfeɪt ɪn ziəɹoʊ naɪn soʊdiəm kloːɹaɪd,klindamjsjnphosphateʔin09sodjumʧloɾide,0
hydroxyprogesterone,haɪdɹɑːksɪpɹoʊdʒstɚɹoʊn,hjdɾoksjpɾogesteɾone,medroxyprogesterone,mɛdɹəksɪpɹoʊdʒstɚɹoʊn,medɾoksjpɾogesteɾone,1
tylenol,taɪlənɑːl,tjlenol,tylenol pm,taɪlənɑːl piːɛm,tjlenolpm,1
xeloda,zɛloʊdə,kseloda,xenical,zɛnɪkəl,ksjikal,1
atorvastatin,æɾoːɹvæstɐtɪn,ʔatoɾvastatin,lovastatin,lʌvɐstætɪn,lovastatin,0
metolazone,mɛɾəlæzoʊn,metolasone,mytelase,maɪɾɪleɪz,mjtelase,0
b o,biː oʊ,bʔo,beano,biːnoʊ,beano,1
lanoxin,lænəksɪn,lanoksin,lanophyllin,lænəfɪlɪn,lanophjllin,0
stalevo 50,stæliːvoʊ fɪfti,stalevoʔ50,stalevo 75,stæliːvoʊ sɛvənti faɪv,stalevoʔ75,0
diflucan,dɪfluːkən,diflukan,diflunisal,dɪfljuːnɪsəl,diflunisal,0
cefoxitin,sɛfəksɪtɪn,kefoksitin,ceftriaxone,sɛftɹɪæksoʊn,keftɾiʔaksone,1
toujeo,taʊdʒɪoʊ,toʔuʤeo,tresiba,tɹɛzɪbə,tɾesiba,1
novolog flexpen,nɑːvəlɑːg flɛkspən,novologflkspen,novolog mix 70 30 flexpen,nɑːvəlɑːg mɪks sɛvənti θɜːɾi flɛkspən,novologmiks7030flkspen,1
amiloride,æmɪloːɹaɪd,ʔamiloɾide,amlodipine,æmlədɪpaɪn,ʔamlodipine,1
humira pen,hjuːmiəɹə pɛn,humiɾapen,humulin r pen,hjuːmjʊlɪn ɑːɹ pɛn,humulinɾpen,0
femara,fɛmɑːɹɹə,femaɾa,femhrt,fɛmhət,femhɾt,1
fortical,fɔːɹɾɪkəl,foɾtikal,myfortic,maɪfɔːɹɾɪk,mjfoɾtik,0
zestril,zɛstɹəl,zestɾil,zyprexa,zɪpɹɛksə,zjpɾeksaʔ,1
cardene,kɑːɹdiːn,kaɾdene,cardizem,kɑːɹdaɪzəm,kaɾdizem,1
paclitaxel,pæklɪtæksəl,paklitaksel,paclitaxel protein bound particles,pæklɪtæksəl pɹoʊtiːn baʊnd pɑːɹɾɪkəlz,paklitakselpɾotejnboundpaɾtikles,1
covaryx hs,kɑːvɑːɹɹɪks eɪtʃɛs,kovaɾjkshs,covera hs,kʌvɚɹə eɪtʃɛs,koveɾahs,1
tresiba,tɹɛzɪbə,tɾesiba,tevimbra,tɛvɪmbɹə,tevimbɾa,0
clonidine,klɑːnɪdiːn,klonidine,klonopin,klɑːnəpɪn,klonopin,1
quinidine,kwɪnɪdiːn,kinidine,quinine,kwɪnaɪn,kinine,1
tranmep,tɹænmɛp,tɾanmep,trimpex,tɹɪmpɛks,tɾimpeks,0
nilotinib,naɪlətɪnɪb,nilotinib,niraparib,nɜːɹɐpæɹɪb,niɾapaɾib,1
potassium chloride 0037 in dextrose 10 and sodium chloride 045 in plastic container,pətæsiəm kloːɹaɪd ziəɹoʊziəɹoʊθɹiːsɛvən ɪn dɛkstɹoʊz tɛn ænd soʊdiəm kloːɹaɪd ziəɹoʊ foːɹɾi faɪv ɪn plæstɪk kənteɪnɚ,potasumʧloɾide0037ʔindekstɾose10ʔandsodjumʧloɾide045ʔinplastikkontaʔineɾ,potassium chloride 015 in sodium chloride 09 in plastic container,pətæsiəm kloːɹaɪd ziəɹoʊ fɪftiːn ɪn soʊdiəm kloːɹaɪd ziəɹoʊ naɪn ɪn plæstɪk kənteɪnɚ,potasumʧloɾide015ʔinsodjumʧloɾide09ʔinplastikkontaʔineɾ,0
labetalol,læbɪtælɑːl,labetalol,lamotrigine,læmətɹɪdʒɪn,lamotɾigine,1
clomiphene,klɑːmɪfiːn,klomiphene,clomipramine,kləmɪpɹɐmiːn,klomipɾamine,1
myleran,maɪlɚɹən,mjleɾan,myzilra,maɪzɪlɹə,mjzilɾa,0
benicar,bɪnɪkɑːɹ,benikaɾ,sensipar,sɛnsɪpɑːɹ,sensipaɾ,0
benadryl,bɛnɐdɹɪl,benadɾjl,bontril,bɔntɹəl,bontɾil,0
isordil,aɪsoːɹdɪl,ʔisoɾdil,plendil,plɛndɪl,plendil,1
depo medrol,dɪpoʊ mɛdɹɑːl,depomedɾol,solu medrol,sɑːluː mɛdɹɑːl,solumedɾol,1
pitocin,pɪɾəsɪn,pitosjn,pitressin,pɪtɹɪsɪn,pitɾessin,1
avandia,ævændiə,ʔavandia,lazanda,læzændə,lasanda,0
cometriq,kəmɛtɹɪk,kometɾik,contrave,kɑːntɹəviː,kontɾave,0
tegretol,tɛgɹɪtɑːl,tegɾetol,trental,tɹɛntəl,tɾental,1
poly rx,pɑːli ɑːɹɹɛks,poljɾks,polymox,pɑːlɪmɑːks,poljmoks,0
sorafenib,soːɹeɪfnɪb,soɾafenib,sunitinib,sjuːnɪtɪnɪb,sunitinib,1
remeron,ɹɪmɜːɹən,ɾemeɾon,demerol,dɛmɚɹɑːl,demeɾol,0
cefuroxime,sɛfjʊɹɹɑːksaɪm,kefuɾoksime,chibroxin,tʃɪbɹəksɪn,ʧibɾoksin,0
viracept,vɜːɹeɪsəpt,viɾakept,viramune,vɜːɹɐmjuːn,viɾamune,1
diabenese,daɪəbəniːz,diabenese,diamox,daɪəmɑːks,diʔamoks,1
bicillin c r,baɪsɪlɪn siː ɑːɹ,bjsillinkɾ,bicillin l a,baɪsɪlɪn ɛl eɪ,bjsillinlʔa,1
ancef in dextrose 5 in plastic container,ænsɛf ɪn dɛkstɹoʊz faɪv ɪn plæstɪk kənteɪnɚ,ʔankefʔindekstɾose5ʔinplastikkontaʔineɾ,branchamin 4 in plastic container,bɹæntʃɐmɪn foːɹ ɪn plæstɪk kənteɪnɚ,bɾanʧamin4ʔinplastikkontaʔineɾ,0
methazolamide,mɛθeɪzɑːlɐmaɪd,methasolamide,methimazole,mɛθɪmæzoʊl,methimasole,1
vascor,væskɚ,vkoɾ,vascoray,væskoːɹeɪ,vkoɾaj,0
clonazepam,klɑːneɪzpæm,klonasepam,clonidine,klɑːnɪdiːn,klonidine,1
migalastat,mɪgɐlæstæt,migalastat,miostat,mɪɑːstæt,miostat,0
glipizide,glɪpɪzaɪd,glipizide,glimepiride,glaɪmpɪɹɪd,glimepiɾide,0
mucinex d,mjuːsaɪnɛks diː,mukʔeksd,mucinex dm,mjuːsaɪnɛks diːɛm,mukʔeksdm,1
ditropan xl,dɪtɹəpæn ɛksɛl,ditɾopanksl,innopran xl,ɪnnɑːpɹən ɛksɛl,ʔinnopɾanksl,0
fiorinal,fɪoːɹɪnəl,fioɾinal,afrinol,æfɹɪnɑːl,ʔafɾinol,0
atrovent,ætɹoʊvənt,ʔatɾovent,gastrovist,gæstɹəvɪst,gastɾovist,0
inderide la 120 50,ɪndɪɹaɪd læ wʌnhʌndɹɪd twɛnti fɪfti,ʔindeɾidela12050,inderide la 80 50,ɪndɪɹaɪd læ eɪɾi fɪfti,ʔindeɾidela8050,0
cefazolin,sɛfɐzɑːlɪn,kʔefasolin,mezlin,mɛzlɪn,meslin,0
prednisolone,pɹɪdnɪsəloʊn,pɾednisolone,fernisolone p,fɜːnɪsɑːloʊn piː,feɾnisolonep,0
alprazolam,ælpɹɐzɑːlæm,ʔalpɾasolam,clonazepam,klɑːneɪzpæm,klonasepam,1
reprexain,ɹɪpɹɛkseɪn,ɾepɾeksaʔin,zyprexa,zɪpɹɛksə,zjpɾeksaʔ,1
actonel,æktoʊnəl,ʔaktonel,actos,æktoʊz,ʔaktos,1
menactra,mɛnæktɹə,menaktɾa,menomune,mɛnəmjuːn,menomune,1
carteolol hydrochloride,kɑːɹɾɪɑːlɑːl haɪdɹəkloːɹaɪd,kaɾteololhjdɾoʧloɾide,dobutamine hydrochloride,dəbjuːɾɐmiːn haɪdɹəkloːɹaɪd,dobutaminehjdɾoʧloɾide,0
celebrex,sɛlɪbɹɛks,kelebɾeks,celexa,sɛlɛksə,kʔelksaʔ,1
cefotetan,sɛfoʊttən,kefotetan,ceftriaxone,sɛftɹɪæksoʊn,keftɾiʔaksone,1
levemir,lɛvɪmɪɹ,levemiɾ,lovenox,lʌvnɑːks,lavnoks,1
dioval,dɪuːvəl,dioval,diovan,dɪɑːvæn,diovan,1
velosef 125,vɛloʊsəf wʌnhʌndɹɪd twɛnti faɪv,velosef125,velosef 250,vɛloʊsəf tuːhʌndɹɪd fɪfti,velosef250,0
tolazamide,tɑːlɐzæmaɪd,tolasamide,tolbutamide,tɑːlbjuːtæmaɪd,tolbutamide,1
oxybutynin,ɑːksɪbjuːtɪnɪn,ʔoksjbutjnin,oxycodone,ɑːksɪkɑːdoʊn,ʔoksikeodone,1
ogivri,ɑːdʒɪvɹi,ʔogivɾiʔ,osvyrti,ɑːsvɪəɾi,ʔosvjɾti,0
farxiga,fɑːɹksɪgə,faɾksigaʔ,fetzima,fɛtsɪmə,fetsima,1
letairis,lɛɾɛɹɪs,letaiɾis,soliris,sɑːlɪɹɪs,soliɾis,0
minoxidil,mɪnəksɪdɪl,minoksidil,monocid,mɑːnoʊsɪd,monosid,0
toradol,toːɹɐdɑːl,toɾadol,tofranil,tɑːfɹɐnɪl,tofɾanil,0
adderall 10,ædɚɹɔːl tɛn,ʔadɾol10,adderall 125,ædɚɹɔːl wʌnhʌndɹɪd twɛnti faɪv,ʔadɾol125,0
arista ah,æɹɪstə ɑː,ʔaɾistaa,arixtra,æɹɪkstɹə,ʔaɾikstɾa,1
stalevo 125,stæliːvoʊ wʌnhʌndɹɪd twɛnti faɪv,stalevoʔ125,stalevo 150,stæliːvoʊ wʌnhʌndɹɪd fɪfti,stalevoʔ150,0
k phos neutral,keɪ foʊz nuːtɹəl,kphosneutɾal,neutra phos k,nuːtɹə foʊz keɪ,neutɾaphosk,1
metadate,mɛɾədeɪt,metadate,methadone,mɛθɐdoʊn,methadone,1
brevibloc,bɹɛvɪblɑːk,bɾeviblok,brevital,bɹɛvaɪɾəl,bɾevital,1
flumazenil,fluːmeɪznɪl,flumaʔzenil,flaxedil,flæksɪdɪl,flaʔksedil,0
coenzyme q10,koʊɛnzaɪm kjuː tɛn,kojsjmek10,cometriq,kəmɛtɹɪk,kometɾik,1
centrax,sɛntɹæks,kentɾaks,contrave,kɑːntɹəviː,kontɾave,0
abiraterone acetate,æbɚɹæɾɚɹoʊn æsɪteɪt,ʔabiɾateɾoneʔaketate,icatibant acetate,aɪkɐtɪbənt æsɪteɪt,ʔikatibantʔaketate,0
cefazolin,sɛfɐzɑːlɪn,kʔefasolin,cefotetan,sɛfoʊttən,kefotetan,1
hydralazine,haɪdɹɐlæziːn,hjdɾalasʔineʔ,hydro d,haɪdɹoʊ diː,hjdɾod,0
cefazolin,sɛfɐzɑːlɪn,kʔefasolin,ceftriaxone,sɛftɹɪæksoʊn,keftɾiʔaksone,1
proscar,pɹəskɑːɹ,pɾoskaɾ,provera,pɹɑːvɚɹə,pɾoveɾa,1
activase,æktɪveɪs,ʔaktivase,cutivate,kjuːɾɪveɪt,kwtivate,0
memantine,mɛmɐntiːn,memantine,timentin,tɪməntɪn,timentin,0
enjuvia,ɛndʒuːviə,ʔenʤuvja,monjuvi,mɔndʒuːvi,monʤuvi,0
bayrab,beɪɹæb,bajɾab,bayrho d,beɪrhoʊ diː,bajɾhoʔd,1
amantadine hydrochloride,æmɐntædiːn haɪdɹəkloːɹaɪd,ʔamantadinehjdɾoʧloɾide,ethambutol hydrochloride,ɛθɐmbjuːɾɑːl haɪdɹəkloːɹaɪd,ʔethambutolhjdɾoʧloɾide,0
tarceva,tɑːɹsɛvə,taɾseva,tresiba,tɹɛzɪbə,tɾesiba,1
focalin,foʊkɐlɪn,fokalin,evoclin,ɪvɑːklɪn,ʔevoklin,0
dronabinol,dɹɑːnɐbɪnɑːl,dɾonabinol,droperidol,dɹoʊpɹɪdɑːl,dɾopeɾidol,1
ortho cyclen 28,ɔːɹθoʊ saɪklən twɛnti eɪt,ʔoɾthoʔsikeln28,ortho tri cyclen,ɔːɹθoʊ tɹaɪ saɪklən,ʔoɾthoʔtɾisikeln,0
dilacor xr,dɪlækɚɹ ɛksɑːɹ,dilakoɾksɾ,pilocar,paɪləkɑːɹ,pilokaɾ,1
lumify,luːmɪfaɪ,lumifj,lumryz,lʌmɹɪz,lumɾjs,0
sinequan,saɪŋkwən,sinekan,zonegran,zoʊŋgɹən,zonegɾan,1
talwin 50,tælwɪn fɪfti,talwin50,talwin compound,tælwɪn kɑːmpaʊnd,talwinko³³pɔ⁴¹und,0
fioricet,fɪoːɹɪsɪt,fioɾajset,fiorinal,fɪoːɹɪnəl,fioɾinal,1
amifostine,æmɪfɑːstiːn,ʔamifostine,carmustine,kɑːɹməstiːn,kaɾmustine,0
indocin,ɪndɑːsɪn,ʔindosjn,minocin,mɪnəsɪn,minosjn,0
tresiba,tɹɛzɪbə,tɾesiba,strensiq,stɹɛnsɪk,stɾensik,0
axitinib,æksɪtɪnɪb,ʔaksitinib,baricitinib,bæɹɪsɪtɪnɪb,baɾjsitinib,0
dexamethasone,dɛksɐmɛθɐsoʊn,deksʔamethasone,dexmedetomidine,dɛksmɪdɛɾəmɪdiːn,deksmedetomidine,1
lupron depot 3 month,lʌpɹɑːn diːpoʊ θɹiː mʌnθ,lupɾondepot3mont,lupron depot ped,lʌpɹɑːn diːpoʊ pɛd,lupɾondepotped,1
mitomycin,maɪɾəmaɪsɪn,mitomjsjn,erythromycin,ɜːɹɪθɹəmaɪsɪn,ʔeɾjtɾomjsjn,0
dilaudid,dɪlədɪd,dilawdid,dilaudid 5,dɪlədɪd faɪv,dilawdid5,1
nalbuphine,nælbəfiːn,nalbuphine,alphalin,ælfəlɪn,ʔalphalin,0
allegra,ɐlɛgɹə,ʔallegɾa,allegra anti itch cream,ɐlɛgɹə æntaɪ ɪtʃ kɹiːm,ʔallegɾaʔantiiʧkɾeam,1
toujeo,taʊdʒɪoʊ,toʔuʤeo,trulicity,tɹuːlɪsɪɾi,tɾuljsitj,1
idamycin,aɪdɐmaɪsɪn,ʔidamjsjn,indocin,ɪndɑːsɪn,ʔindosjn,0
oxaprozin,ɑːksɐpɹɑːzɪn,ʔoksapɾozin,tiopronin,tɪɑːpɹənɪn,tiopɾonin,0
caspofungin acetate,kæspəfʌŋgɪn æsɪteɪt,kaspofuŋinʔaketate,icatibant acetate,aɪkɐtɪbənt æsɪteɪt,ʔikatibantʔaketate,0
ultracet,ʊltɹæsɪt,ʔultɾaket,ultratag,ʊltɹɐtæg,ʔultɾatag,0
pneumococcal 7 valent vaccine,nuːməkɑːkəl sɛvən veɪlənt væksiːn,pneumokokal7valentvakʔineʔ,pneumococcal polyvalent vaccine,nuːməkɑːkəl pɑːlɪveɪlənt væksiːn,pneumokokalpoljvalentvakʔineʔ,1
ethaverine,ɛθɐvɚɹiːn,ʔetʔaveɾine,etravirine,ɪtɹævɪɹiːn,ʔetɾaviɾine,1
lamivudine zidovudine 150 mg 300 mg tablets co packaged with nevirapine 200 mg tablets,læmɪvjuːdiːn zɪdəvjuːdiːn wʌnhʌndɹɪd fɪfti ɛmdʒiː θɹiːhʌndɹɪd ɛmdʒiː tæbləts koʊ pækɪdʒd wɪð nɛvɚɹæpaɪn tuːhʌndɹɪd ɛmdʒiː tæbləts,lamivudinezidovudine150mʤi300mʤitableʧkopakkagedwitneviɾapine200mʤitableʧ,lamivudine zidovudine tabs 150mg 300mg co packaged with nevirapine tabs 200mg,læmɪvjuːdiːn zɪdəvjuːdiːn tæbz wʌnhʌndɹɪd fɪfti ɛmdʒiː θɹiːhʌndɹɪd ɛmdʒiː koʊ pækɪdʒd wɪð nɛvɚɹæpaɪn tæbz tuːhʌndɹɪd ɛmdʒiː,lamivudinezidovudinetabs150mʤi300mʤikopakkagedwitneviɾapinetabs200mʤi,0
medroxyprogesterone,mɛdɹəksɪpɹoʊdʒstɚɹoʊn,medɾoksjpɾogesteɾone,methyltestosterone,mɛθəlɾɪstɑːstɚɹoʊn,methjltestosteɾone,1
casodex,kæsoʊdɛks,kks,faslodex,fæsloʊdɛks,faslodeks,0
amikacin sulfate,æmɪkæsɪn sʌlfeɪt,ʔamikasjnsulfate,morphine sulfate,mɔːɹfiːn sʌlfeɪt,moɾphinesulfate,0
tradjenta,tɹædʒɛntə,tɾadʤenta,tresiba,tɹɛzɪbə,tɾesiba,1
oxycodone,ɑːksɪkɑːdoʊn,ʔoksikeodone,oxycontin,ɑːksɪkɔntɪn,ʔoksikeontin,1
cozaar,kəzɑːɹ,kosaʔaɾ,ecoza,ɛkoʊzə,ʔekosa,0
thrombate iii,θɹɑːmbeɪt ɹoʊmən θɹiː,tɾombateʔiʔiiʔ,thrombin topical,θɹɑːmbɪn tɑːpɪkəl,tɾombintopikal,1
ephedrine,ɛfɪdɹiːn,ʔephedɾine,phenurone,fɛnjʊɹɹoʊn,phenuɾone,0
serophene,sɛɹəfiːn,seɾophene,reserpine,ɹɪsɜːpaɪn,ɾeseɾpine,0
cisplatin,sɪsplɐtɪn,kisplatin,dilantin,dɪlɐntɪn,dilantin,0
norcuron,noːɹkjʊɹɹən,noɾsuɾon,norco,noːɹkoʊ,noɾko,0
activase,æktɪveɪs,ʔaktivase,tnkase,tiːɛŋkeɪs,tŋkase,1
antrenyl,æntɹənaɪl,ʔantɾenjl,pregnyl,pɹɛgnaɪl,pɾegnjl,0
rifamate,ɹɪfɐmeɪt,ɾifamate,topiramate,tɑːpɚɹæmeɪt,topiɾamate,0
