x_1,x_2,label
inoclav,penclav 1000,1
triderm,tridecon drops,1
aminoleban,aminolife,1
tetrahydrozoline hcl,antazoline hydrochloride tetrahydrozoline hydrochloride,1
bendared,bendamustine hydrochloride,1
zetrocyn,zetriz,1
koxib,moxif eye,1
vfresh aromatherapy green tea,vfresh aromatherapy lavender,1
effertab,fevertab plus,1
gasmodic,gasmid,1
tramid,tramadex,1
amiodarone hydrochloride,amio,1
tanafen,tazopen,1
vostrin,vextria,1
neostilex,neostin 10,1
fungsoft,flusoft day,1
vitacinc,vitacinc forte,1
gazgo,fizzgo,1
ceenovit,cefavit,1
blanc white,blanc by beautederm acne banishing toner,1
celejys,celesky,1
zytapram,retapraz r,1
metovasc,metofar,1
prinson,prenaxon,1
albutein 25 solution,alburx,1
decicord,denecort,1
remznc,lemzinc,1
efamed,cephamed,1
lewinamic,kenamic,1
vedolizumab,tocilizumab,1
pak c,pak c plus,1
bupivaxine iso,bupivaxine,1
gastropem,gastroprime,1
episert,episave,1
trental,tramadol paracetamol,1
ifosfaget,ifosfamide,1
aclasta,aggrastat,1
valium,valianz solo,1
astiget,bactigent,1
dextricyl,dextrovit,1
virbez,irbez 150,1
mucotech,mucotil,1
abisin,abizol easytab,1
trimaxone,trimex,1
licegone,vicaxone,1
muprivex beta,muprixine,1
cistovent,activent,1
belfur,bacefur,1
alco katinko,alqoket,1
carvemax,carbomux 500 ct,1
nir ns,noren,1
micophil,muconil,1
vagclr m,vagilin,1
progefil,pregaphil,1
multivitamins buclizine hydrochloride iron ferrous sulfate,multivitamins buclizine hydrochloride lysine hydrochloride ferrous sulfate,1
stilnox,stalmox cl 600,1
micophil,micoshield,1
sitaglinex,sitaglimin,1
conchoice,concore,1
fusedex,fusid,1
mistacor am,ristac,1
tsartan 40,tsartan plus,1
glycinorm 80,glycerin,1
harvimide,nervimin,1
rocemed,rociem,1
candiva v gel,candibec topical solution,1
sterica,sterile water for injection,1
ketorine,etoricon,1
epival,levipil,1
broncodam,bronchodox,1
clopida,clopidogrelas bisulfate,1
ceenovit,ceenovit kids,1
flamex,flanaxcool,1
eloxatin,duloxetine hydrochloride,1
teramol,tramadol hydrochloride dexketoprofen trometamol,1
carac h,cura c,1
trane west,tranexbest,1
coldrex ppa,clotrix,1
butamirate citrate,betamin forte,1
mucostan,mucast,1
asterol,astrodal,1
tamsudin,tamsulon xl,1
saphtriaxone,viptriaxone,1
ibuprofen,ibuprofen paracetamol,1
glucosur,glucor mr 60,1
brospec,purispec,1
candiva v gel,canditral,1
novthasone,ophthasone,1
betamethasone dipropionate gentamicin sulfate clotrimazole,betamethasone valerate clotrimazole gentamicin sulfate,1
cillox,ciloxan,1
albunorm 20,albulem,1
immutrax,immucare advance,1
prosride,prostriaz,1
folifron ob,folife,1
pak c,pak c plus d,1
trental,tramadol hydrochloride paracetamol,1
riscare odt,viscort,1
glucosamine sulfate scutellaria baicalensis baikal skullcap root extract acacia catechu catechu heartwood extract,glucosamine sulfate,1
rocuronium bromide,rocuroniusaph,1
loragen plus,foragen,1
saphbiotin,saphvidone,1
furimax 1500,furimax 1500 plus,1
cofzol cs,cefozol,1
capsuflex,capsicum extract zinc oxide,1
ceenovit,meno vita,1
mucolem,mucolief,1
vitaplex b,vitfolix,1
mistacor am,vistacom,1
xinprotec,protec,1
triloupe,trilacgen,1
maxitrol,maxtram,1
blanc white,blanc by beautederm acne banishing,1
oppisartan 40,novasartan,1
avertin,ascortin,1
medcit,metsita,1
lilasartan,vivasartan,1
medroxcure,medroxin,1
trental,tramadol hydrochloride dexketoprofen trometamol,1
zophizole,rapizole,1
altovox,altozol iv,1
sterica,steri q surgical cleanser,1
metsure,budesure,1
cyclolux,ciklox,1
poten cee,potenflo,1
avazart,avastin,1
medcit,meducil a,1
viteron,vitagen,1
effertab,eperton,1
fusid,fusidex,1
cylocortix,celecorvic,1
lisnoxl 10,isonix,1
teralev,terracef,1
butamirate citrate,butaciram,1
qvex,carvex,1
finox,folex,1
surinem 1000,arunem,1
curafen,curevein,1
sidprazole,mediprazole,1
bactier,bacterial lysate,1
synflorix,synproxin,1
sivab,ivabradine hydrochloride,1
harvifer,sorbifer durules,1
emend,zemande,1
azurin,azitan,1
vagclr m,meclormin,1
efamed,cepimed,1
ibuprofen,ibuprofen phenylephrine hydrochloride,1
olopatadine hydrochloride,olopatadine hydrochloride mometasone furoate monohydrate,1
regizole,regivell,1
allergo,allerin syrup reformulated,1
clonigen,clonigard,1
zytrex,zetrinx,1
invokana,invanz,1
xypen,hypen,1
zyklor,zyclodex,1
multivitamins lecithin lysine minerals,multivitamins minerals lysine,1
glysolin 3070,glysolin r,1
vildus,vildasure,1
merpetri,merprofez 1000,1
acce clav,aceclofenac,1
novarox 10,novaron fa,1
tored 10,tareg,1
neo penotran,novotran,1
solphride,belphrine,1
klopi,clopidogrel,1
actilyse,actibile,1
morvicor,nervicore,1
claribid,clarisaph 125,1
iron equivalent to 250 mg ferrous sulfate dried,iron ferrous sulfate,1
duasaph,hyosaph,1
eucalyptus oil dementholized mint oil cajuput oil menthol methyl salicylate juniper oil clove oil,eucalyptus oil cajuput oil clove oil juniper oil menthol peppermint oil methylsalicylate,1
amixol,amoxil forte,1
rexibile,rexiphrine,1
regizole,regixime,1
duasaph,duosan,1
methylcosaph,methycobal,1
bestricare,bactricef,1
broncodam,bronchogan,1
mixigil,maxigen,1
olangem od 10,olanz 5,1
premiliptin plus,premio,1
vostrin,vistrep,1
tres,thyres 100,1
zytapram,retapraz,1
salbproduo,calpro d,1
micophil,minipil,1
bluemedzole,zolmed,1
zytrex,zithrox,1
bdmero 1000,unomero 1000,1
hemaplus,hemamed plus,1
naflax,aflacin,1
tranex,ranex,1
re leaf,renaleaf,1
cefoxid,cefoxitin sodium,1
moxifloxacin hydrochloride dexamethasone phosphate sodium,moxiflo,1
tobramet,tobramycin sulfate dexamethasone sodium phosphate,1
mistacor am,vistachlor,1
immutrax,hemotrax,1
naflax,nebilax,1
bonpime,sanopime,1
tonavir,lopinavir ritonavir,1
dibavit,robivit,1
clopend 75,clophen,1
fusedex,fusadoc,1
trimaxone,trimagen,1
ingafol,ingesta for adults,1
micophil,mucopid,1
harvimide,harbimox,1
ceenovate,celenova,1
amlopure 10,amlopress,1
klarmyn,klarimed,1
ferrofer,zirofer,1
novamet,novamenthol,1
clariglob,clariget,1
zytrex,zithrix,1
zophizole,zovixol,1
plenacyl 600,planicid,1
urazole,frazole forte,1
ramgesic,pengesic,1
neozep,neozep z forte,1
bluemedzole,bluemox,1
deconsaph plus,lignosaph plus,1
epotin,zepotin,1
zobrixol,lebroxol,1
pharzole,prazolife,1
effertab,efervit,1
adisart,medisartan,1
celcarb,welcard 160,1
tarlonib 25,taflon,1
regizole,regison,1
allergo,allercet l,1
sitapro,sitaform 150,1
montrizin,motrigine,1
dapazox 10,dapafoz,1
velbastine,navelbine,1
telarb ccb,telarb plus,1
methyxale 500,medtaxel 100,1
panlec,panlox,1
nephrone,nefrinor,1
amnique 5,amika,1
gmet 1000,zymet,1
ramgesic,unigesic,1
multivitamins buclizine hydrochloride iron ferrous sulfate,multivitamins iron buclizine hydrochloride lysine hydrochloride,1
petroleum jelly,metrolol,1
ascor kid,ascor z plus,1
furojo,furonova,1
moxeth 125,moxen,1
acicare,acticare ob,1
chlorsaph,chlorsapheine,1
amiodarone hydrochloride,amiodal,1
ameval,amiabel,1
probal 75,adobal 75,1
multivitamins buclizine hydrochloride iron ferrous sulfate,multivitamins lysine hydrochloride buclizine hydrochloride iron,1
retazar,retazart plus,1
ibuprofen,ibuprofen phenylephrine hcl,1
iprazo 45,iprasal,1
pecfent,pecof syrup,1
levohab,levoday 750,1
sym2,symptoblo,1
bezogen,bitagen,1
gesidol,recedol plus,1
carbocisteine zinc,carbocisteine,1
adisart,amosartan q,1
depofemme,celofem,1
amlo med 5,amlodel 5,1
vostrin,vasitin,1
fina 5,finora,1
gotazidine,golzidine,1
klopi,clopidogen,1
afaxor 150,afix,1
iron sucrose ferric hydroxide sucrose complex,iron sucrose,1
ifamso,rifamox,1
ambisor,ambesar prime,1
khrizvela,khrizvate,1
philcet,philcef ds 250,1
valium,valianz,1
hydrocortibas,hydrocortisone,1
cholesol,cholestad,1
xora,coxoral,1
vertasanz,vertisaph 8,1
somex,tomexia,1
multivitamins and minerals orange flavor,multivitamins,1
clocephen,clozapine,1
blumea balsamifera l dc sambong leaf,blumea balsamifera l sambong leaf,1
linocaine,lidocaine hydrochloride,1
dabigatran etexilate,dabigatran etexilate mesilate,1
propicillin,propix,1
brinzolamide brimonidine tartrate,brinzolamide and brimonidine tartrate,1
invokana,invega,1
klopi,clopido m,1
eplidoc,relidol,1
fentare,fentanyl citrate,1
amiodarone hydrochloride,amiodasaph,1
zobrixol,ziproxyl,1
coughlogen,deslogen,1
celetor 200,aletor,1
doxylamine succinate pyridoxine hydrochloride,doxylin,1
retazar,retazet r,1
sanpara,sanpime 1000,1
fixidrops,moxidrop,1
multivitamins buclizine hydrochloride iron ferrous sulfate,multivitamins plus buclizine hydrochloride,1
vostrin,boostrix,1
gesidol,rasitol,1
metovasc,metopra,1
immunostan,immunosaph od,1
gasmodic,ismodin,1
lipisim,levizine,1
akidin,maxidine,1
loragen plus,lorazet,1
entyvio,entecavir,1
rhedin 75,cedine,1
linesave,omesave,1
astiget,rastigmine,1
eprohab,eproz,1
pecfent,pecof sf,1
eurolac,eurovasc 10,1
valium,valmin,1
sitaglinex,sitagliptin hydrochloride,1
recombinant human erythropoietin alfa,recombinant human erythropoietin,1
muravit b300,muravit cee plus forte,1
cymor 60,cimag,1
biolipy,lolip,1
ingesta for adults,congestapp,1
gentaxel 100,hentaxel,1
salbutamol guaifenesin,salbutamol sulfate bromhexine hydrochloride guaifenesin,1
satcapto 25,udcapro,1
sirdalud,seredol,1
angioten,angiotrust,1
gasmodic,gascosid,1
licegone,lefesone,1
ezitin,zitrin,1
rifampicin isoniazid,rifampicin ethambutol isoniazid,1
nebido,nebigo,1
progefil,progesterone,1
fusedex,fusitas,1
asmamed plus,asmamed,1
klopi,clopicare,1
rotavirus vaccine live,rotavirus vaccine live attenuated,1
ad c plus,apcee plus,1
clopida,clopidogrel bisulfite,1
clobazam,clobesaph,1
amiodex,amidrex od 4,1
levoxid,lavuzid,1
risponz,rispenza 2,1
panziv,panzel,1
aefur,zefur,1
retazar,retazar plus,1
pred forte,predfirst,1
eurovasc 10,trivasc,1
trifixime,fixime,1
xotacil,rotasiil,1
gasaide,gasidone,1
cyclolux,cycloxid,1
fusidic acid betamethasone dipropionate,betamethasone dipropionate,1
metovasc,metovin,1
avazart,avator,1
xinprotec,ciproted,1
capsuflex,capsugen forte,1
gentakast 10,gentavest,1
doripenem monohydrate,noriphen,1
oxy pol,oxypyro,1
ultra d,ultra cee,1
retamaxz,ketomax,1
cloracef,clorazepate dipotassium,1
zyklor,zycloran,1
rexta,restasis,1
rifampicin isoniazid,rifampicin isoniazid pyrazinamide,1
leverap,levecef 750,1
hyclens skin cleanser,hyclens ob,1
tdlplus,tdl,1
cixtor z,captor 25,1
mertazine,artazide,1
shepenem 1,seapenem,1
baamcillin 250,amzellin 500,1
irinovid,ironova,1
vancocym,vancocent,1
losacura,losacraft 50,1
santon,pantonil,1
diapid,diafat,1
eucet,gacet 500,1
welnano,melanov mr 30,1
rexibile,reximol,1
xozid,zaxid,1
koselugo,korsel,1
ole,olan odt,1
santron,saphtran,1
duomed,diamet,1
tivicav,nivicof,1
teralev,theracef s,1
esmolife,esmobloc,1
urify,uriflo d,1
tacrostal 1,tacrocord 1,1
vitguard c,sitaguard 50,1
zytrex,zetriz,1
herbamed,herbakid forte,1
bactier,bactrias,1
startline 25,stardine,1
plone 5,palonex,1
amiodarone hydrochloride,amiodex,1
tai chi ginger,tai chi ginger rub,1
femaron ob,femara,1
irnizet 500,irnocel,1
hydrocortibas,hydrocortef,1
sitrizine,sidrocine,1
teriflunomide,leflunomide,1
sitaglinex,sitagliptin hydrochloride monohydrate,1
multivitamins mineral buclizine,multivitamins buclizine hydrochloride iron ferrous sulfate,1
trental,tramadol hydrochloride,1
guaifenesin chlorphenamine maleate phenylpropanolamine,guaifenesin phenylpropanolamine hcl chlorphenamine maleate ammonium chloride sodium citrate,1
telcard 20,telcor 40,1
lipitune,glipitone 30,1
synflorix,genfloxin,1
corvita 8010,corvita 805,1
butamirate citrate,boramir,1
totilac,totacef 1000,1
ironsave,tranesave,1
clobazam,clonazepam,1
verist 16,veristine 24,1
clopida,clopitor,1
nephrone,nephrolyx,1
zinetab,sinutab cold,1
harvimide,harbipen,1
clocephen,cloxapen,1
betamethasone dipropionate gentamicin sulfate clotrimazole,betamethasone diproprionate clotrimazole gentamicin sulfate,1
propmed,ropimed,1
amiken,amikacin sulphate,1
viteron,vitarose,1
ceftibet,ceftisaph 500,1
onsett,one cet,1
l aspase,l asparaginase,1
cyclophos,syclop,1
doctri cee,doctri cee plus,1
bligem,teligen 40,1
dyvelamer,sevelamer hydrochloride,1
ziac,ziaton,1
htsone,hbsone,1
suncetin tab,vamcetin,1
natravox,natra c forte,1
rifampicin isoniazid,rifampicin isoniazid pyridoxine hydrochloride,1
fixidrops,fixin,1
ulzim,fulzimed,1
lykaspetin,glysiptin,1
azilin,hazolin,1
darzalex sc,marzole,1
curafen,curecine,1
epival,epibloc,1
ole,v olet,1
robitussin ex,ribomustin,1
yucordin,ascortin,1
nuvert 24,bevert,1
celejys,celecox,1
betamethasone dipropionate gentamicin sulfate clotrimazole,betamethasone valerate gentamicin sulfate,1
cyclolux,cyclotrax,1
guaifenesin chlorphenamine maleate phenylpropanolamine hcl sodium citrate ammonium chloride,guaifenesin phenylpropanolamine hydrochloride chlorphenamine maleate sodium citrate,1
trimaxone,trimacort,1
carboprost tromethamine,carboprost trometamol,1
metovasc,medivasc plus,1
hycid 40,hycid 20,1
cloracef,clircaf forte,1
ceenovit,sannovit,1
pantozisaph,pantosaph 20,1
premiliptin plus,premarin,1
eurythmic,erythromycin,1
belfur,bolburg,1
robitussin ex,robitussin sinus relief,1
iselpin,excelfin,1
prosride,prozrich,1
ritusin,rituximab,1
finox,furix,1
allergo,allergostop,1
curafen,curocent,1
dixspiro,respiro,1
neozep,neozefrax,1
cyclolux,ciclox,1
betzine,bestine,1
clocephen,cloxipen,1
fox balm,foxi,1
regizole,ricozole,1
conchoice,congease,1
chocoflem,disoflem,1
zobrixol,zobrixol ds,1
novataxel 20,novatasone,1
scheepril,saphril,1
gazgo,gazyva,1
c vita zn,c zin,1
peprazom,geoprazole,1
suncetin tab,cancetab,1
epotin,gepotin,1
cortizol,cortipro,1
immunostan,immunosure,1
cenprahep,centrabez,1
altovox,altovast,1
candiva v gel,candifen,1
dextromethorphan hydrobromide guaifenesin,dextromethorphan hydrobromide chlorphenamine maleate,1
adisart,avazart,1
eurogyl,eurozyllin 500,1
vitarose,vitarap,1
aminotrene,amoxitrene,1
valugan,valatan plus,1
phenylpropanolamine hcl,phenylpropanolamine hydrochloride chlorpheniramine maleate paracetamol,1
novazithro,novacetrin,1
angeliq,anagrelide hydrochloride,1
loragen plus,loraget,1
cefuroxime axetil clavulanate potassium,cefreexime,1
riscare odt,proscar,1
clopidogrel bisulfate aspirin,clopidra,1
robikids,robivit,1
duvadilan,duvadrine,1
asterol,asetron,1
fusedex,fusidane,1
pecfent,pecof,1
heparin sodium,hypharin,1
zyklor,zyclovir,1
medcit,medvit ob,1
rhinozal plus,nozal,1
zobrixol,lobrix,1
avazart,avsar,1
nephrone,nepromin,1
blicyclo 400,blicid,1
robitussin ex,robitussin,1
euroferron,neurofron forte,1
zytapram,sitapro,1
mcson scent,micoson,1
zophizole,hovizol,1
ulzim,relzin,1
paracetamol phenylephrine hcl chlorpheniramine maleate,paracetamol phenylephrine hydrochloride chlorphenamine maleate,1
losargard,losarcure,1
solphride,glipride,1
ibuprofen,ibuphen,1
atorzet,atorcad,1
pralec,preloc 75,1
perindopril erbumine,perindopril arginine indapamide,1
conchoice,conzace,1
sterica,sterizol,1
effertab,effer c kids,1
naflax,reflaxid,1
renalog,renacord 30,1
teralev,tenoliv,1
mistacor am,histacort,1
ulzim,melzin,1
flamitin,flamilium,1
lonoxie,lenoxa,1
remol 240,aemol,1
accetaxime,bactixime,1
dinclav,dincef,1
gesidol,rexidol forte,1
pubergen,pluragen,1
suncetin tab,san xitin,1
bactier,bactreat,1
ramgesic,guimgesic forte,1
co aleva,alevio,1
petroleum jelly,cetrolix,1
latochek,latosil,1
biopril,hypril,1
sterica,steri q hand cleanser,1
fevergan,efergen,1
sunpant 40,sunvas 40,1
zdonate,zudonas,1
premiliptin plus,primolut n,1
nephrone,nephromin,1
dobutamine,dobutax,1
zolefon,zole done,1
endurpin,enduprin,1
pred forte,fortipred,1
dabigatran etexilate,dabigatran etexilate mesylate,1
jon c,bone cee,1
cloracef,clircaf,1
tafnext,tarnax,1
ulzim,valzimox,1
vamcetin,vamcee,1
esotid 40,esotec,1
ambical,ambikacin 100,1
diapid,diahist,1
levizam 500,levotam 750,1
xovax,rovas 10,1
belfur,belphrine,1
lanzaph,lanzomep,1
iv pro,ivapro 75,1
neurotrene 300,neurothix,1
naflax,oflaz,1
sulfur zinc oxide salicylic acid,salicylic acid,1
finox,femax,1
resaire,hicaire,1
medliptin,medilexin,1
clostridium botulinum toxin type a,clostridium botulinum type a neurotoxin complex,1
cefepime hydrochloride with l arginine,cyfepime,1
viteron,vytorin,1
zinaf 500,co zincretin 50 500,1
bluemedzole,zolemed,1
duasaph,biosaph,1
lupizin,lipisim,1
hyclens skin cleanser,hyclens gargle,1
cetraxal plus,cetrimax,1
cefogram,cefigrand sb,1
teralev,triolev,1
metocirc,metogard,1
harvifer,harbipen,1
tenemax,fenemik,1
levipil 750,levipil xr 1500,1
fungsoft,fungyst,1
harvifer,sorbifer plus,1
omebloc 20,omebel,1
eurovox,eurovita plus,1
fever nil 200,fevral,1
novixon,novoxin,1
koselugo,esselogue,1
asterol,astrozole,1
veltezom,veltir,1
numazid,omezid,1
clusivol plus,calcivas,1
golfen 400,golxen,1
deslorastal,desloratadine,1
celabin,capebin,1
suncetin tab,zincet,1
tobrasaph,toprasenz,1
alnix plus,alnix,1
choicesulin,mucosolin,1
viteron,vineuron plus,1
craven,curafen,1
metxr 500,gliflomet 500 5,1
rinoease,rinozine,1
diavin 500 xr,diabemin xr,1
diapid,diameed,1
omepace,omemac gerd,1
amocled,amocleed,1
andros,zandropil,1
valium,valianz hct,1
tenemax,hemanex,1
nulong 20,nuloc,1
panto plus,pantop 40,1
nonacog alfa,nomason,1
coughlogen,diclogen,1
xtrem c,extreme c,1
duasaph,nysaph,1
eurythmic,erythcin,1
fixnar,fixin,1
rifampicin isoniazid,rifampicin isoniazid ethambutol hydrochloride,1
coughlogen,decolgen,1
harvifer,harvimide,1
prosride,proscar,1
skinoren,skin reborn,1
bendared,benadrex,1
betamethasone dipropionate gentamicin sulfate clotrimazole,betamethasone valerate gentamicin sulfate tolnaftate clioquinol,1
follitrope,follitropin delta,1
celejys,celex,1
aceclomed,clomep,1
alltrex,folitrex 50,1
loragen plus,loragen,1
levoxid,levexime,1
avazart,ajesart,1
pak c,paxus,1
clopida,clopidogen,1
saphmox 500,saphmicon,1
katinko ginger patchouli scent,katinko ginger patchouli oil scent,1
budeson,budecort respules,1
evofix,epovax,1
ramgesic,ritegesic,1
synflorix,gynoflor,1
rexibile,rexidol forte,1
furorad,furomidex,1
adisart,amisar plus,1
acalabrutinib,acaldin,1
monastar,dynastat,1
ezitin,zitrin plus,1
lczin,zaczin,1
butamirate citrate,kotamir,1
neovite,neuviton,1
doxycycline hyclate,doxyclen,1
clobazam,clabiza,1
accexime,accecef,1
dexamethasone,dexamethasone neomycin sulfate polymyxin b sulfate,1
capddpca 4,capddpca 2 stay safe link,1
dalinc,dalacin c,1
oratrime,oratane,1
bendared,bendamustine hydrochloride monohydrate,1
glycinorm 80,glycemed 750,1
gentimin,gentaxin,1
goutrol,goxetrol,1
gavlin,gablin plus,1
spivar,hapivir,1
gapaxin,plaxin,1
lostar,losark,1
epival,epibbas,1
tocilizumab,omalizumab,1
gesidol,gasidone,1
isoconazole nitrate diflucortolone valerate,iso quinosil,1
dyvelamer,sevelamer carbonate,1
rispedin 2,risperidone,1
neozep,neozep z non drowsy,1
licegone,accexone,1
episert,episartan,1
ketorine,ketoronav,1
gocifime,gocef iv,1
ciprosan 3,ciprodan 750,1
frosem,furosemide,1
frosem,furosam,1
amikacy 250,amikacent 500,1
efamed,efamed plus,1
krenazol,farmazole,1
immutrax,numetrax,1
