x_1,t_1,x_2,t_2,label
valzepam,væltsɪpæm,valopram,væləpɹæm,1
durazol,dʊɹɹɐzɑːl,ferazol,fɛɹɐzɑːl,1
finzant,fɪnzənt,folikant,fɑːlɪkənt,1
bactrigon,bæktɹɪgən,bactroban,bæktɹɑːbən,1
neopel,niːoʊpɛl,neoplin 150,niːoʊplɪn wʌnhʌndɹɪd fɪfti,1
peptobloc,pɛptəblɑːk,probloc,pɹɑːblɑːk,1
puxenon,pʌksɛnən,uxenta,ʌksɛntə,1
medivasc,mɛdɪvæsk,dilavasc,dɪlɐvæsk,1
ivetra 100,aɪvtɹə wʌnhʌndɹɪd,ivetra 500,aɪvtɹə faɪvhʌndɹɪd,1
rodazid,ɹɑːdɐzɪd,drozid,dɹɑːzɪd,1
rezotam,ɹɪzɑːɾæm,razytam,ɹeɪzɪtæm,1
eoroxime 750,eɪɚɹɑːksaɪm sɛvənhʌndɹɪd fɪfti,eoroxime 250,eɪɚɹɑːksaɪm tuːhʌndɹɪd fɪfti,1
easyef,iːzɪɛf,easyfive tt,iːzɪfɪv tiːtiː,1
green viii inj,gɹiːn ɹoʊmən eɪt ɪndʒ,gref,gɹɛf,1
vino de quina,viːnoʊ də kwɪnə,vinmox,vɪnmɑːks,1
hepabil,hɛpɐbɪl,reparil,ɹɪpæɹəl,1
conpanzole,kənpænzoʊl,cozole,kɑːzoʊl,1
enerstress,ɛnɚstɹəs,enerboss,ɛnɚbɔs,1
tazastar 225,tæzɐstɑːɹ tuːhʌndɹɪd twɛnti faɪv,tazasave 225,tæzɐseɪv tuːhʌndɹɪd twɛnti faɪv,1
ceftrash 1000,sɛftɹæʃ wʌn θaʊzənd,ceftris,sɛftɹɪs,1
cefkizon,sɛfkaɪzən,izon,aɪzɑːn,1
united home dermatec,juːnaɪɾɪd hoʊm dɜːmeɪɾək,imatech,ɪmeɪtɛk,1
madovin,mædəvɪn,madexin,meɪdksɪn,1
chiamin s,tʃaɪəmɪn ɛs,antiphlamine s,æntɪflæmaɪn ɛs,1
omepors,oʊmpɚz,omep,oʊməp,1
tarka,tɑːɹkə,tarnax,tɑːɹnæks,1
menquadfi,mɛŋkwɑːdfi,dequadin lemon,dɛkwədɪn lɛmən,1
pacitel 30,pæsɪɾəl θɜːɾi,paclimed 30,pæklaɪmd θɜːɾi,1
ephalox,ɛfɐlɑːks,cephalex,sɛfeɪlɛks,1
xygyn,zaɪdʒɪn,primigyn,pɹɪmɪdʒɪn,1
kalmeco,kælmiːkoʊ,kalem c,keɪləm siː,1
bucligen,bʌklaɪdʒən,mecligen,mɛklaɪdʒən,1
chiamin s,tʃaɪəmɪn ɛs,chiamin s 2,tʃaɪəmɪn ɛs tuː,1
atracursaph,ætɹɐkɜːsæf,atorsaph,æɾɔːɹsæf,1
metfor pr 1000,mɛtfɚ piːɑːɹ wʌn θaʊzənd,melfor,mɛlfɚ,1
lexibase,lɛksɪbeɪs,cefalexin as monohydrate,sɛfeɪlksɪn æz mɑːnoʊhaɪdɹeɪt,1
omecore,oʊmkɔːɹ,omcare,ɑːmkɛɹ,1
levollen,lɛvɑːlən,sevollen,sɛvɑːlən,1
moxidin,mɑːksɪdɪn,comoxdin,kəmɑːksdɪn,1
zoledius 4,zoʊldɪəs fɔːɹ,zolev,zoʊləv,1
halonol,heɪlənɑːl,haldol decanoas,hældɑːl dɪkɐnoʊəz,1
aspishield,æspɪʃiːld,micoshield,mɪkəʃiːld,1
startline 50,stɑːɹtlaɪn fɪfti,octin 50,ɑːktɪn fɪfti,1
amlogen,æmlədʒən,amlon,æmlɑːn,1
yulareb,juːlɛɹb,flarex,flɛɹks,1
ansed,ænst,ansulmed,ænsʌlmd,1
acellbia,ɐsɛlbiə,accellac,ɐksɛlæk,1
anb d5w,ænb diː faɪv dʌbəljuː,arb,ɑːɹb,1
relidomide 15,ɹɪlɪdəmaɪd fɪftiːn,relidomide 25,ɹɪlɪdəmaɪd twɛnti faɪv,1
omepracent 40,oʊmpɹeɪsənt fɔːɹɾi,noric 40,nɔːɹɪk fɔːɹɾi,1
clottam,klɑːɾæm,lotram,lɑːtɹæm,1
risgen,ɹɪsdʒən,rosgen,ɹɑːsdʒən,1
febuhil,fɛbjuːhɪl,febrinil,fɛbɹɪnɪl,1
bonsenz,bɑːnsɛnts,ginsenz,dʒɪnsɛnts,1
affolac,ɐfɑːlæk,apfolic,ɐpfɑːlɪk,1
clonisaph 75,klɑːnɪsæf sɛvənti faɪv,clonisea,klənaɪsiə,1
normglubin,nɔːɹmgluːbɪn,lynorm,laɪnɔːɹm,1
predfirst,pɹɪdfɜːst,parafirst,pæɹəfɜːst,1
prohexon 300,pɹoʊhɛksən θɹiːhʌndɹɪd,prohexon 350,pɹoʊhɛksən θɹiːhʌndɹɪd fɪfti,1
robitussin,ɹɑːbaɪtʌsɪn,atussin,æɾəsɪn,1
ponser,pɑːnsɚ,ponstan sf,pɑːnstən ɛsɛf,1
amnoset,æmnəsɛt,amso,æmsoʊ,1
muprivex,mʌpɹɪvɛks,mupirex,mjuːpaɪɚks,1
celeb 200,sɛlɛb tuːhʌndɹɪd,celebrex 400,sɛlɪbɹɛks fɔːɹhʌndɹɪd,1
tigecid,taɪgɪsɪd,tricid s,tɹaɪsɪd ɛs,1
immubulin,ɪmjuːbjʊlɪn,blinda,blaɪndə,1
paratuss,pæɹətʌs,para plus,pæɹə plʌs,1
combifen,kəmbaɪfən,combiflex lipid peri,kəmbɪflɛks lɪpɪd pɛɹi,1
laberfen,læbɚfən,allerfen,ælɚfən,1
bactrigon,bæktɹɪgən,trizon,tɹaɪzɑːn,1
amphot,æmfɑːt,amphotret,æmfɑːtɹɪt,1
elmox cv 3125,ɛlmɑːks siːviː θɹiː θaʊzənd wʌnhʌndɹɪd twɛnti faɪv,elmox cv 457,ɛlmɑːks siːviː fɔːɹhʌndɹɪd fɪfti sɛvən,1
gozol iv,gɑːzɑːl ɹoʊmən fɔːɹ,gezole iv,dʒɛzoʊl ɹoʊmən fɔːɹ,1
norphed,nɔːɹft,norphrine 1,nɔːɹfɹiːn wʌn,1
doctaxel,dɑːktæksəl,medtaxel 100,mɛdtæksəl wʌnhʌndɹɪd,1
c flam,siː flæm,better c plus,bɛɾɚ siː plʌs,1
sorbance 5,sɔːɹbəns faɪv,felo 5,fiːloʊ faɪv,1
finaplasia 1,faɪnɐpleɪʒə wʌn,finaplasia 5,faɪnɐpleɪʒə faɪv,1
durazol,dʊɹɹɐzɑːl,frazole,fɹæzoʊl,1
kaptroban,kæptɹɑːbən,bactroban,bæktɹɑːbən,1
lexibase,lɛksɪbeɪs,flexipas,flɛksɪpəz,1
qualcet,kwɔlsɪt,qualicef,kwɔlaɪsəf,1
gentagem,dʒɛnteɪdʒəm,gentam,dʒɛntæm,1
afebrin tf,ɐfɛbɹɪn tiːɛf,febrinil,fɛbɹɪnɪl,1
prohexon 300,pɹoʊhɛksən θɹiːhʌndɹɪd,ashexol 300,æʃɪksɑːl θɹiːhʌndɹɪd,1
xeomin,zɪɑːmɪn,xerin,zɛɹɪn,1
leucowel,luːkaʊəl,leukocel,luːkoʊsəl,1
lipirid,lɪpɪɹɪd,mipride,mɪpɹaɪd,1
lifort,lɪfɔːɹt,glixfort,glɪksfɔːɹt,1
metfor pr 1000,mɛtfɚ piːɑːɹ wʌn θaʊzənd,metpro 1000,mɛtpɹoʊ wʌn θaʊzənd,1
njectzole,ɛndʒɛktsoʊl,cezole,sɛzoʊl,1
metocol,mɛɾəkɑːl,metoclosil,mɛɾəklɑːsəl,1
njectzole,ɛndʒɛktsoʊl,njectxone,ɛndʒɛktksoʊn,1
ceprime,sɛpɹaɪm,cefrime 750,sɛfɹaɪm sɛvənhʌndɹɪd fɪfti,1
crezet,kɹɛzɪt,c zett,siː zɛt,1
onefix,wʌnfɪks,benefix,bɛnɪfɪks,1
mupivita,mjuːpɪviːɾə,mupin,mjuːpɪn,1
kaptroban,kæptɹɑːbən,s troban,ɛs tɹoʊbən,1
maxidine,mæksɪdiːn,maxidin,mæksɪdɪn,1
telmiheart plus 925,tɛlmɪhɑːɹt plʌs naɪnhʌndɹɪd twɛnti faɪv,ampinex plus,æmpaɪnɛks plʌs,1
hema k,hɛmə keɪ,hemarate fa,hɛmæɹət fɑː,1
rapidon,ɹæpɪdən,raphibon,ɹæfɪbən,1
drapolene,dɹæpoʊliːn,diprolene,dɪpɹoʊliːn,1
rabaphen,ɹæbæfən,traphen,tɹæfən,1
amloval 160 10,æmluːvəl wʌnhʌndɹɪd sɪksti tɛn,amloval 160 5,æmluːvəl wʌnhʌndɹɪd sɪksti faɪv,1
clozol,klɑːzɑːl,clotizole,klɑːɾɪzoʊl,1
ketoguard,kɛɾəgɑːɹd,keto,kiːɾoʊ,1
montior l,mɔntjɚɹ ɛl,monti plus,mɔnti plʌs,1
sitplixin 100,sɪtplɪksɪn wʌnhʌndɹɪd,sitplixin 50,sɪtplɪksɪn fɪfti,1
combifen,kəmbaɪfən,bufen,bjuːfən,1
perazovic,pɛɹɐzɑːvɪk,prazobac,pɹæzəbæk,1
dutasusaph,duːɾɐsuːsæf,dutass,duːɾæs,1
rh com,ɑːɹɹeɪtʃ kɑːm,beecom c ace,biːkɑːm siː eɪs,1
vitlex,vɪtlɛks,vitalex 500,vaɪɾeɪlɛks faɪvhʌndɹɪd,1
blirelin,blaɪɚlɪn,blicardene,blɪkɑːɹdiːn,1
gerdsol,dʒɜːdsɑːl,gesidol,dʒɛsɪdɑːl,1
celence 400,sɛləns fɔːɹhʌndɹɪd,celebrex 400,sɛlɪbɹɛks fɔːɹhʌndɹɪd,1
madovin,mædəvɪn,amlovin,æmləvɪn,1
permetrizz,pɜːmɪtɹɪz,medtri,mɛdtɹi,1
sorbance 5,sɔːɹbəns faɪv,eslo 5,ɛsloʊ faɪv,1
varivax,vɑːɹɹɪvæks,vivaxime 500,vɪvɐksaɪm faɪvhʌndɹɪd,1
fusidasol,fjuːsɪdæsɑːl,fusitas,fjuːsiːɾəz,1
puxenon,pʌksɛnən,proxen,pɹɑːksən,1
flosazin,flɑːsɐzɪn,daflozin,dæfləzɪn,1
pantosaph 20,pæntəsæf twɛnti,ojos 20,oʊdʒoʊz twɛnti,1
optinova,ɑːptɪnoʊvə,pentinova 300,pɛntɪnoʊvə θɹiːhʌndɹɪd,1
praxolin 150,pɹæksəlɪn wʌnhʌndɹɪd fɪfti,paxol,pæksɑːl,1
combe five,kəmɛ faɪv,momefine,moʊmfaɪn,1
febstat 40,fɛbstæt fɔːɹɾi,retatel plus 40 10,ɹɪteɪɾəl plʌs fɔːɹɾi tɛn,1
healthcare grille,hɛlθkɛɹ gɹɪl,healthcare tinea,hɛlθkɛɹ tɪniə,1
aizerone,aɪzɚɹoʊn,liverone,lɪvɚɹoʊn,1
fenitin,fɛnɪtɪn,danitin,dænɪtɪn,1
vildalion m 550,vɪldæliən ɛm faɪvhʌndɹɪd fɪfti,vildalion m 1050,vɪldæliən ɛm wʌn θaʊzənd fɪfti,1
izon,aɪzɑːn,izon b6,aɪzɑːn biː sɪks,1
thiamine mononitrate vit b pyridoxine hydrochloride vit b6 cyanocobalamin vit b12,θaɪəmaɪn mɑːnoʊnaɪtɹeɪt vɪt biː pɪɹɪdɑːksaɪn haɪdɹəklɔːɹaɪd vɪt biː sɪks saɪɐnɑːkəbælɐmɪn vɪt biː twɛlv,thiamine hydrochloride vitamin b1 pyridoxine hydrochloride vitamin b6 cyanocobalamin vitamin b12,θaɪəmaɪn haɪdɹəklɔːɹaɪd vaɪɾəmɪn biː wʌn pɪɹɪdɑːksaɪn haɪdɹəklɔːɹaɪd vaɪɾəmɪn biː sɪks saɪɐnɑːkəbælɐmɪn vaɪɾəmɪn biː twɛlv,1
fozal,foʊzəl,focale,foʊkeɪl,1
rapid c plus d1000,ɹæpɪd siː plʌs diː wʌn θaʊzənd,rapid c,ɹæpɪd siː,1
tioconazole tinidazole,tɪɑːkənæzoʊl tɪnɪdæzoʊl,nidaz,nɪdæz,1
telmiheart 40,tɛlmɪhɑːɹt fɔːɹɾi,telmiheart 80,tɛlmɪhɑːɹt eɪɾi,1
sevomond,sɛvɑːmənd,sevofran,sɛvɑːfɹən,1
celtere,kɛltɚ,celtrix,kɛltɹɪks,1
madovin,mædəvɪn,madrovas 20,mædɹoʊvəz twɛnti,1
zandropil,zændɹɑːpəl,atrophil,ætɹəfɪl,1
healthcare grille,hɛlθkɛɹ gɹɪl,healthgard,hɛlθgɑːɹd,1
tenol,tɛnɑːl,atenol 100,eɪtnɑːl wʌnhʌndɹɪd,1
metrex,miːɾɚks,pemtrex,pɛmtɹɛks,1
zandropil,zændɹɑːpəl,drospill,dɹɑːspɪl,1
spevigo,spɛvɪgoʊ,nervigo,nɜːvɪgoʊ,1
gozol iv,gɑːzɑːl ɹoʊmən fɔːɹ,gozolin,gɑːzəlɪn,1
vizef,vaɪzəf,trizef,tɹaɪzɛf,1
tioconazole tinidazole,tɪɑːkənæzoʊl tɪnɪdæzoʊl,aldazole,ɔːldɐzoʊl,1
herperax,hɜːpɚɹæks,herpex,hɜːpɛks,1
ceftrash 1000,sɛftɹæʃ wʌn θaʊzənd,ceftrex,sɛftɹɛks,1
gablin,gæblɪn,regabalin,ɹɪgæbɐlɪn,1
lipibrate,lɪpɪbɹeɪt,ibra,ɪbɹə,1
aubrex,ɔːbɹɛks,abrexin,ɐbɹɛksɪn,1
ephalox,ɛfɐlɑːks,cefaclox,sɛfɐklɑːks,1
affolac,ɐfɑːlæk,folacid,fɑːlɐsɪd,1
rifelac,ɹaɪflæk,trilac,tɹaɪlæk,1
hizid,hɪzɪd,irzid,ɜːzɪd,1
magnilek,mægnaɪlək,magnafer,mægneɪfɚ,1
amnoset,æmnəsɛt,amkoket,æmkɑːkɪt,1
endusol r,ɛnduːsɑːl ɑːɹ,multisol r in d5 water,mʌltisɑːl ɑːɹ ɪn diː faɪv wɔːɾɚ,1
minox 5,mɪnɑːks faɪv,aminoplasmal b braun 5 e,ɐmɪnəplæzməl biː bɹɔːn faɪv iː,1
ceftrash 1000,sɛftɹæʃ wʌn θaʊzənd,ceftax,sɛftæks,1
insuget 70 30,ɪnsuːgɪt sɛvənti θɜːɾi,insuget r,ɪnsuːgɪt ɑːɹ,1
clobesaph,kloʊbsæf,globisaph,glɑːbɪsæf,1
rainoxone,ɹeɪnəksoʊn,inox,ɪnɑːks,1
silrec 50,sɪlɹɛk fɪfti,jansar 50 plus,dʒænsɑːɹ fɪfti plʌs,1
extreme c,ɛkstɹiːm siː,c zett,siː zɛt,1
clophen,klɑːfən,saphclophenesin,sæfkləfɛnɪsɪn,1
vitlex,vɪtlɛks,vitaplex b,vɪɾɐplɛks biː,1
lifort,lɪfɔːɹt,iriforte 4,ɪɹɪfɔːɹɾeɪ fɔːɹ,1
fusidasol,fjuːsɪdæsɑːl,fucid,fjuːsɪd,1
normglubin,nɔːɹmgluːbɪn,normak,nɔːɹmæk,1
ascorp cee,ɐskɔːɹp siː,ascorb,ɐskɔːɹb,1
celeb 200,sɛlɛb tuːhʌndɹɪd,celex,sɛlɛks,1
dutasusaph,duːɾɐsuːsæf,tamsusaph 400,tæmsuːsæf fɔːɹhʌndɹɪd,1
cutasept f colorless,kjuːɾeɪsəpt ɛf kʌlɚləs,cutasept f,kjuːɾeɪsəpt ɛf,1
fentyn,fɛntɪn,trofentyl,tɹoʊfəntaɪl,1
fentyn,fɛntɪn,fensyd,fɛnsɪd,1
xanginart,zændʒɪnɑːɹt,xanem,zeɪnəm,1
ansed,ænst,astedart,ɐstɛdɑːɹt,1
paratuss,pæɹətʌs,clarituss,klæɹɪtʌs,1
united home dermatec,juːnaɪɾɪd hoʊm dɜːmeɪɾək,lomatec,lɑːmeɪɾək,1
paranat,pæɹənæt,prenat,pɹɪnæt,1
lipibrate,lɪpɪbɹeɪt,ipratec,ɪpɹeɪɾək,1
gentagem,dʒɛnteɪdʒəm,aletagem 200,ɐlɛɾeɪdʒəm tuːhʌndɹɪd,1
kalmeco,kælmiːkoʊ,almetica,ɔlmɛɾɪkə,1
sethair duo,sɛɾaɪɚ duːoʊ,kastair,kæstɛɹ,1
drapolene,dɹæpoʊliːn,rapizole,ɹæpɪzoʊl,1
flammasul,flæmæsəl,flammazine,flæmɐziːn,1
telmiheart 40,tɛlmɪhɑːɹt fɔːɹɾi,elzar 40,ɛlzɑːɹ fɔːɹɾi,1
clottam,klɑːɾæm,clotritas,klətɹiːɾəz,1
rinobact spray,ɹɪnəbækt spɹeɪ,rhinol,ɹaɪnɑːl,1
clindamycin as hydrochloride,klɪndɐmaɪsɪn æz haɪdɹəklɔːɹaɪd,mycin,maɪsɪn,1
allutamide,ɐluːɾɐmaɪd,tamin,tæmɪn,1
arpipo,ɑːɹpɪpoʊ,arpivex 10,ɑːɹpɪvɛks tɛn,1
prolipidz,pɹɑːlɪpɪdz,prolix,pɹɑːlɪks,1
mupivita,mjuːpɪviːɾə,mupivaroz,mjuːpɪvæɹɑːz,1
menquadfi,mɛŋkwɑːdfi,equfina,ɛkwəfaɪnə,1
febsan 120,fɛbsən wʌnhʌndɹɪd twɛnti,febstat 40,fɛbstæt fɔːɹɾi,1
alprazitel,ælpɹeɪzɪɾəl,prazic,pɹeɪzɪk,1
acode 200,ækoʊd tuːhʌndɹɪd,acode 100,ækoʊd wʌnhʌndɹɪd,1
altussan,ɔːltʌsən,salusan,sæluːsən,1
biopril,baɪoʊpɹɪl,biopred,baɪoʊpɹɛd,1
allutamide,ɐluːɾɐmaɪd,dimide,dɪmaɪd,1
metsaphtin 50 850,mɛtsɐftɪn fɪfti eɪthʌndɹɪd fɪfti,aartmin 850,ɑːɹtmɪn eɪthʌndɹɪd fɪfti,1
predixone,pɹiːdɪksoʊn,predex,pɹɪdɛks,1
glutarite,gluːɾɑːɹɹaɪt,glucart,gluːkɑːɹt,1
xygyn,zaɪdʒɪn,broxygen,bɹɑːksɪdʒən,1
cizolin,sɪzəlɪn,zolin iv,zɑːlɪn ɹoʊmən fɔːɹ,1
melifrin ds,mɛlɪfɹɪn diːɛs,melifirin,mɛlɪfɪɹɪn,1
normglubin,nɔːɹmgluːbɪn,gludin,gluːdɪn,1
aldopiem,ɔːldoʊpɪm,aldomet,ɔːldɑːmɪt,1
felizen,fɛlɪzən,folazen,fɑːleɪzən,1
gablin,gæblɪn,gabalion 100,gæbæliən wʌnhʌndɹɪd,1
esonex iv,ɛsoʊnɛks ɹoʊmən fɔːɹ,esomex,ɛsoʊmɛks,1
crezet,kɹɛzɪt,atorzet 40,æɾɔːɹzɪt fɔːɹɾi,1
fozal,foʊzəl,affozole,ɐfɑːzoʊl,1
asmagen,ɐsmeɪdʒən,astagen,ɐsteɪdʒən,1
imbruvica,ɪmbɹuːvɪkə,vorica,vɔːɹɪkə,1
natrasol plus,nætɹɐsɑːl plʌs,iso plus,aɪzoʊ plʌs,1
melanov mr 30,mɛlɐnɑːv mɪstɚ θɜːɾi,melmag,mɛlmæg,1
coughsaph 1,kɔfsæf wʌn,s 1 20,ɛs wʌn twɛnti,1
rapid c plus d1000,ɹæpɪd siː plʌs diː wʌn θaʊzənd,rapid c plus,ɹæpɪd siː plʌs,1
montelev,mɔntɪlɛv,montelukast as sodium,mɔntɪluːkæst æz soʊdiəm,1
dermaidmanza,dɜːmeɪdmænzə,dermafina,dɜːmɐfaɪnə,1
tracrium,tɹækɹiəm,tracid,tɹæsɪd,1
rivanex 20,ɹɪveɪnɛks twɛnti,rixan 20,ɹɪksən twɛnti,1
essencia maravillosa,ɛsɛnʃə mæɹɐvɪloʊsə,marvit,mɑːɹvɪt,1
osteomeg,ɑːstɪoʊməg,osteofree,ɑːstɪɑːfɹiː,1
vuznerv,vʌznɜːv,zynerva,zaɪnɚvə,1
hidrasec,hɪdɹeɪsək,hirafen,hɜːɹeɪfən,1
varivax,vɑːɹɹɪvæks,cervarix,sɜːvɑːɹɹɪks,1
varivax,vɑːɹɹɪvæks,saphrivax,sæfɹɪvæks,1
ezomephil,ɛzoʊmfɪl,esomep,ɛsoʊməp,1
startline 50,stɑːɹtlaɪn fɪfti,startline 100,stɑːɹtlaɪn wʌnhʌndɹɪd,1
mupivita,mjuːpɪviːɾə,mupirina,mjuːpɪɹiːnə,1
mioclof,mɪɑːklɑːf,diclofed,dɪkloʊft,1
pipercil 45,paɪpɚsəl fɔːɹɾi faɪv,ptz 45,piːtiːziː fɔːɹɾi faɪv,1
tazastar 225,tæzɐstɑːɹ tuːhʌndɹɪd twɛnti faɪv,tazeast,teɪzæst,1
satcapto 25,sætkæptoʊ twɛnti faɪv,savator 50,sæveɪɾɚ fɪfti,1
divalpro 125 sprinkles,dɪvælpɹoʊ wʌnhʌndɹɪd twɛnti faɪv spɹɪŋkəlz,calmol 125,kɑːmɑːl wʌnhʌndɹɪd twɛnti faɪv,1
clavorilz,klævɔːɹɪlz,clavco,klævkoʊ,1
bersevel,bɚsɛvəl,bearse,bɛɹs,1
satcapto 25,sætkæptoʊ twɛnti faɪv,sitazit 25,sɪɾɐzɪt twɛnti faɪv,1
clottam,klɑːɾæm,clintam,klɪntæm,1
capd dpca 3,kæpd diːpiːsiːeɪ θɹiː,capd dpca 18,kæpd diːpiːsiːeɪ eɪtiːn,1
hemosdin,hiːməsdɪn,hemoxin,hiːməksɪn,1
saphcisin 100,sæfsɪsɪn wʌnhʌndɹɪd,saphcisin od,sæfsɪsɪn ɑːd,1
fenitin,fɛnɪtɪn,fentin,fɛntɪn,1
basagine,bæsɐdʒɪn,vastazine,væstɐziːn,1
cefromaxil,sɛfɹəmæksɪl,cefroxime,sɛfɹəksaɪm,1
imbruvica,ɪmbɹuːvɪkə,ibra,ɪbɹə,1
xanginart,zændʒɪnɑːɹt,angihart,æŋgɪhɑːɹt,1
roysal,ɹɔɪsəl,diprosalic,dɪpɹəzælɪk,1
colchicine,kɑːltʃɪsiːn,colchimed,kɑːltʃaɪmd,1
rovecol,ɹoʊvkɑːl,rowachol,ɹoʊɐkɑːl,1
fisteride,fɪstɚɹaɪd,foster,fɑːstɚ,1
aldopiem,ɔːldoʊpɪm,almopin,ɔlməpɪn,1
amnoset,æmnəsɛt,amnotic,æmnɑːɾɪk,1
clindavint,klɪndɐvɪnt,clindalev,klɪndeɪləv,1
luotriaxone,ljuːətɹɪɐksoʊn,triaxone,tɹaɪɐksoʊn,1
ximvex,zɪmvɛks,irvex,ɜːvɛks,1
irbekon,ɜːbɛkən,irbegen,ɜːbɪdʒən,1
neuromard,nʊɹɹəmɑːɹd,neuroaid ii mlc 901,nʊɹɹoʊɪd ɹoʊmən tuː ɛmɛlsiː naɪnhʌndɹɪd wʌn,1
asconzee,ɐskɑːnziː,azcon,æzkən,1
clobesaph,kloʊbsæf,clobex,kloʊbɛks,1
berodual f udv,bɪɹɑːdʒuːəl ɛf ʌdv,riber,ɹaɪbɚ,1
povistat,pɑːvɪstæt,povibact,pɑːvɪbækt,1
glotoxan 1,glɑːɾɑːksən wʌn,broxan,bɹɑːksən,1
risgen,ɹɪsdʒən,tripgen,tɹɪpdʒən,1
clozol,klɑːzɑːl,clozil,klɑːzɪl,1
dicloxiri,dɪkləksiəɹi,ciclox,sɪklɑːks,1
esmazol,ɛsmɐzɑːl,esomaz,ɛsəmæz,1
beztin,bɛztɪn,bestine,bɪstiːn,1
pure cee,pjʊɹ siː,pure ceez,pjʊɹ siːz,1
boost,buːst,booster z,buːstɚ ziː,1
bonsenz,bɑːnsɛnts,foxsenz,fɑːkssɛnts,1
newmacdol,nuːmɐkdɑːl,cetamadol,sɛɾɐmædɑːl,1
alprazitel,ælpɹeɪzɪɾəl,parazel,pæɹəzəl,1
ciprodin fc,sɪpɹədɪn ɛfsiː,ciproquin,sɪpɹəkwɪn,1
glotoxan 1,glɑːɾɑːksən wʌn,oxan,ɑːksən,1
letrocord 25,lɛtɹəkɔːɹd twɛnti faɪv,tacrocord 5,tækɹəkɔːɹd faɪv,1
mednosetron,mɛdnoʊstɹɑːn,onsetron,ɑːnsɪtɹɑːn,1
teno em,tiːnoʊ ɛm,tenemed,tɛnəmd,1
puxenon,pʌksɛnən,bufencon,bjuːfɛŋkən,1
ledrocid,lɛdɹəsɪd,zerocid,ziəɹəsɪd,1
ezomephil,ɛzoʊmfɪl,omehil,oʊmhɪl,1
combe five,kəmɛ faɪv,combiver,kəmbɪvɚ,1
letrocord 25,lɛtɹəkɔːɹd twɛnti faɪv,cetrocord,sɛtɹəkɔːɹd,1
tobracor,tɑːbɹækɚ,tobralcin,tɑːbɹɐlsɪn,1
sethair duo,sɛɾaɪɚ duːoʊ,hairos,hɛɹoʊz,1
ximvex,zɪmvɛks,qvex,kjuːvɛks,1
tracrium,tɹækɹiəm,acurium,ɐkjʊɹɹiəm,1
nivicof,nɪvɪkɑːf,vicod,vɪkɑːd,1
gozol iv,gɑːzɑːl ɹoʊmən fɔːɹ,gozolide,gɑːzəlaɪd,1
vino de quina,viːnoʊ də kwɪnə,quinapro,kwɪnæpɹoʊ,1
biopril,baɪoʊpɹɪl,bisophil,baɪsɑːfɪl,1
nutrimin forte,njuːtɹɪmɪn fɔːɹɾeɪ,nutrimin fez,njuːtɹɪmɪn fɛz,1
osteomeg,ɑːstɪoʊməg,osteoflam,ɑːstɪɑːflæm,1
rahika,ɹæhɪkə,hikast,hɪkæst,1
zitabin 1000,zɪɾɐbɪn wʌn θaʊzənd,zitabin 200,zɪɾɐbɪn tuːhʌndɹɪd,1
retasarc,ɹɪtæsɑːɹk,retalac,ɹɪtælæk,1
nax d,næks diː,calpro d,kælpɹoʊ diː,1
caxetil,kæksɪtɪl,goxetil,gɑːksɪtɪl,1
minox 5,mɪnɑːks faɪv,apixastal 5,ɐpɪksæstəl faɪv,1
capd dpca 3,kæpd diːpiːsiːeɪ θɹiː,capd dpca 19,kæpd diːpiːsiːeɪ naɪntiːn,1
leucowel,luːkaʊəl,ferowell,fɛɹoʊɛl,1
clophen,klɑːfən,lophenil,lɑːfənɪl,1
sandostatin,sændəstætɪn,neostatin,niːoʊstætɪn,1
tribacef,tɹaɪbeɪsəf,triascef,tɹaɪɐsɛf,1
guaifenesin dextromethorpan hydrobromide,gwɑːaɪfnɛsɪn dɛkstɹoʊmθɔːɹpæn haɪdɹəbɹoʊmaɪd,dexton,dɛkstən,1
gaviscon double action,gævɪskən dʌbəl ækʃən,gavlin,gævlɪn,1
glucophage,gluːkɑːfɪdʒ,glucopride,gluːkəpɹaɪd,1
sorbance 5,sɔːɹbəns faɪv,fina 5,faɪnə faɪv,1
perazovic,pɛɹɐzɑːvɪk,pantovic,pæntɑːvɪk,1
ponser,pɑːnsɚ,visponerv,vɪspoʊnɜːv,1
febuhil,fɛbjuːhɪl,febuphil,fɛbəfɪl,1
corvizem,kɔːɹvaɪzəm,corvizo 1000,kɔːɹvɪzoʊ wʌn θaʊzənd,1
tioconazole tinidazole,tɪɑːkənæzoʊl tɪnɪdæzoʊl,secnidazole,sɛknɪdæzoʊl,1
nerveplex ae,nɜːvɪplɛks eɪiː,ceplex,sɛplɛks,1
zandropil,zændɹɑːpəl,zantol,zæntɑːl,1
bomozid,bɑːməzɪd,emizid,ɛmɪzɪd,1
xanginart,zændʒɪnɑːɹt,xanor,zænɚ,1
ikshatob,ɪkʃɐtɑːb,ikshadex,ɪkʃeɪdɛks,1
altussan,ɔːltʌsən,salbussin,sælbəsɪn,1
felizen,fɛlɪzən,fenolizen,fɛnəlɪzən,1
ketoguard,kɛɾəgɑːɹd,ketozar,kɛɾəzɑːɹ,1
lipibrate,lɪpɪbɹeɪt,tripibra,tɹaɪpɪbɹə,1
multizine,mʌltɪziːn,multinem,mʌltinəm,1
cilvex,sɪlvɛks,bilex,baɪlɛks,1
roysal,ɹɔɪsəl,rosan,ɹɑːsən,1
muldezar,mʌldɪzɑːɹ,lifezar,laɪfzɑːɹ,1
neuromard,nʊɹɹəmɑːɹd,neuromed,nʊɹɹɑːmd,1
perazovic,pɛɹɐzɑːvɪk,eraze,ɪɹeɪz,1
salrite,sælɹaɪt,salmate,sælmeɪt,1
param iv,pæɹəm ɹoʊmən fɔːɹ,param,pæɹəm,1
welltrate,wɛltɹeɪt,caltrate advance,kæltɹeɪt ɐdvæns,1
mioclof,mɪɑːklɑːf,diclofen 50,dɪkloʊfən fɪfti,1
omecore,oʊmkɔːɹ,omecare,oʊmkɛɹ,1
melanov mr 30,mɛlɐnɑːv mɪstɚ θɜːɾi,melanov m od,mɛlɐnɑːv ɛm ɑːd,1
sharjvax,ʃɑːɹdʒvæks,shafurox,ʃæfjʊɹɹɑːks,1
montior l,mɔntjɚɹ ɛl,montair,mɔntɛɹ,1
nax d,næks diː,acce d forte,ɐksi diː fɔːɹɾeɪ,1
metocol,mɛɾəkɑːl,medicol,mɛdɪkɑːl,1
aizerone,aɪzɚɹoʊn,aizet,aɪzɪt,1
lidocaine hydrochloride epinephrine as bitartrate,lɪdəkeɪn haɪdɹəklɔːɹaɪd ɛpɪnɛfɹiːn æz baɪtɑːɹtɹeɪt,clindamycin as hydrochloride,klɪndɐmaɪsɪn æz haɪdɹəklɔːɹaɪd,1
salveo odt,sælvɪoʊ ɑːt,salveo,sælvɪoʊ,1
valzepam,væltsɪpæm,vazemia,veɪziːmiə,1
conpanzole,kənpænzoʊl,donprazole,dɑːnpɹɐzoʊl,1
aubrex,ɔːbɹɛks,flubrex,flʌbɹɛks,1
newmacdol,nuːmɐkdɑːl,femadol,fɛmɐdɑːl,1
clindacare,klɪndɐkɛɹ,clindarene,klɪndɐɹɛn,1
aceamen 500,ɐsiːmɛn faɪvhʌndɹɪd,varcelan 500,vɑːɹsɪlæn faɪvhʌndɹɪd,1
multizine,mʌltɪziːn,multizee,mʌltiziː,1
domperone,dɑːmpɚɹoʊn,domper,dɑːmpɚ,1
optinova,ɑːptɪnoʊvə,clopinova,klɑːpɪnoʊvə,1
xygyn,zaɪdʒɪn,xydon,zaɪdɑːn,1
paranat,pæɹənæt,abiranat,æbɚɹænæt,1
gaviscon double action,gævɪskən dʌbəl ækʃən,avicon,ævɪkən,1
st martin,sənt mɑːɹtɪn,cortin,kɔːɹtɪn,1
omepors,oʊmpɚz,omeprastar 20,oʊmpɹɐstɑːɹ twɛnti,1
tazomed 25,tæzəmd twɛnti faɪv,torval h 160 25,tɔːɹvəl eɪtʃ wʌnhʌndɹɪd sɪksti twɛnti faɪv,1
oxanova,ɑːksɐnoʊvə,floxanova 750,flɑːksɐnoʊvə sɛvənhʌndɹɪd fɪfti,1
mioclof,mɪɑːklɑːf,diclofam,dɪkləfæm,1
teli 80,tɛli eɪɾi,amplify 80 10,æmplɪfaɪ eɪɾi tɛn,1
welltrate,wɛltɹeɪt,azentrate,eɪzəntɹeɪt,1
robitussin,ɹɑːbaɪtʌsɪn,pertussin,pɚtʌsɪn,1
berrydazole,bɛɹɪdæzoʊl,fadzole,fædzoʊl,1
vilomet 500,vaɪlɑːmɪt faɪvhʌndɹɪd,metsaphtin 50 500,mɛtsɐftɪn fɪfti faɪvhʌndɹɪd,1
clavorilz,klævɔːɹɪlz,voriz,vɔːɹɪz,1
maxidine,mæksɪdiːn,dermaxidine,dɜːmɐksɪdiːn,1
amnoset,æmnəsɛt,ambroset,æmbɹəsɛt,1
fozal,foʊzəl,epinozal od 10,ɛpɪnɑːzəl ɑːd tɛn,1
irbekon,ɜːbɛkən,pyrekon,paɪɹɛkən,1
biopril,baɪoʊpɹɪl,emlopril,ɛmlɑːpɹəl,1
saphcisin 100,sæfsɪsɪn wʌnhʌndɹɪd,saphcisin 200,sæfsɪsɪn tuːhʌndɹɪd,1
fentyn,fɛntɪn,fenitin,fɛnɪtɪn,1
allutamide,ɐluːɾɐmaɪd,tramide,tɹæmaɪd,1
amgathran 150,æmgæθɹən wʌnhʌndɹɪd fɪfti,arthran,ɑːɹθɹən,1
blatin 50,bleɪtɪn fɪfti,metsaphtin 50 1000,mɛtsɐftɪn fɪfti wʌn θaʊzənd,1
diprolene,dɪpɹoʊliːn,diprosone,dɪpɹəsoʊn,1
cloxin,klɑːksɪn,cloxil,klɑːksɪl,1
rapidon,ɹæpɪdən,aspidon,æspɪdən,1
pocym 250,pɑːsɪm tuːhʌndɹɪd fɪfti,polynerv 250 zinc 20,pɑːlɪnɜːv tuːhʌndɹɪd fɪfti zɪŋk twɛnti,1
caxetil,kæksɪtɪl,laxedil,læksɪdɪl,1
folicard,fɑːlɪkɑːɹd,folik,fɑːlɪk,1
aviar,eɪvɪɑːɹ,viartril s,vaɪɚtɹəl ɛs,1
aizerone,aɪzɚɹoʊn,aizene,aɪziːn,1
gasmodic,gæzmɑːdɪk,mobic,moʊbɪk,1
esonex iv,ɛsoʊnɛks ɹoʊmən fɔːɹ,essox,ɛsɑːks,1
oranair plus,ɔːɹɐnɛɹ plʌs,medifortan c plus zinc,mɛdɪfɔːɹtən siː plʌs zɪŋk,1
rivanex 20,ɹɪveɪnɛks twɛnti,rivazest 20,ɹɪveɪzɪst twɛnti,1
aerinex,ɛɹaɪnɛks,acernix,ɐsɜːnɪks,1
exerta,ɛgzɜːɾə,rexta,ɹɪkstæ,1
rainoxone,ɹeɪnəksoʊn,trioxone,tɹaɪəksoʊn,1
macromycin,mækɹəmaɪsɪn,bacrocin,bækɹəsɪn,1
aceamen 500,ɐsiːmɛn faɪvhʌndɹɪd,cetagen 500,sɛɾədʒən faɪvhʌndɹɪd,1
berrydazole,bɛɹɪdæzoʊl,bestdazole,bɪstdæzoʊl,1
mioclof,mɪɑːklɑːf,micofred,mɪkɑːfɹɪd,1
vaxol,væksɑːl,broncho vaxom,bɹɑːŋkoʊ væksəm,1
praxolin 150,pɹæksəlɪn wʌnhʌndɹɪd fɪfti,praxid,pɹæksɪd,1
nerveplex ae,nɜːvɪplɛks eɪiː,nerv e,nɜːv iː,1
o gold 20,oʊ goʊld twɛnti,preven z gold na,pɹɪvɛn ziː goʊld nɑː,1
adrepine,ɐdɹɛpaɪn,adreprez,ɐdɹɛpɹɛz,1
combifen,kəmbaɪfən,combiver,kəmbɪvɚ,1
glixa,glɪksə,elixaban,ɪlɪksæbən,1
ampisaph 500,æmpɪsæf faɪvhʌndɹɪd,azisaph 500,æzɪsæf faɪvhʌndɹɪd,1
lifemet,laɪfmɪt,lifetan,laɪftən,1
kaptroban,kæptɹɑːbən,atropan,ætɹəpæn,1
aubrex,ɔːbɹɛks,novabrex 200,noʊvəbɹɛks tuːhʌndɹɪd,1
amlogen,æmlədʒən,amlodn,æmlɑːdən,1
osteomeg,ɑːstɪoʊməg,osteomol,ɑːstɪɑːmɑːl,1
curocent,kjʊɹɹoʊsənt,profocent,pɹɑːfoʊsənt,1
gentagem,dʒɛnteɪdʒəm,gentameed,dʒɛntɐmiːd,1
pocym 250,pɑːsɪm tuːhʌndɹɪd fɪfti,goxycholic 250,gɑːksɪkɑːlɪk tuːhʌndɹɪd fɪfti,1
kalomin s,kæləmɪn ɛs,kremil s for export only,kɹɛmɪl ɛs fɔːɹ ɛkspɔːɹt oʊnli,1
flulon,fluːlɑːn,fluonazole,fljuːənæzoʊl,1
cosimetz,kɑːsaɪməts,doximetz,dɑːksaɪməts,1
immubulin,ɪmjuːbjʊlɪn,immuzinc,ɪmjuːzɪŋk,1
norphed,nɔːɹft,noriphed,nɔːɹɪft,1
finaplasia 1,faɪnɐpleɪʒə wʌn,envira 1,ɛnviəɹə wʌn,1
giomox,dʒɪɑːmɑːks,ginox,dʒɪnɑːks,1
iztam 45,ɪztæm fɔːɹɾi faɪv,pipzotam 45,pɪpzətæm fɔːɹɾi faɪv,1
dsinfex,diːsɪnfɛks,drinex,dɹaɪnɛks,1
nerveplex ae,nɜːvɪplɛks eɪiː,nervaplex,nɜːvɐplɛks,1
retapenem,ɹɪteɪpnəm,mepenem,mɛpɛnəm,1
levollen,lɛvɑːlən,dexollen,dɛksɑːlən,1
blatin 50,bleɪtɪn fɪfti,blatin 10,bleɪtɪn tɛn,1
saphtriaxone sb,sæftɹɪæksoʊn ɛsbiː,saphtriaxone,sæftɹɪæksoʊn,1
sevomond,sɛvɑːmənd,levomont,lɛvəmɔnt,1
nicardilex,nɪkɑːɹdaɪlɛks,nicardize,nɪkɚdaɪz,1
cytamax 100,saɪɾɐmæks wʌnhʌndɹɪd,cymta,sɪmtə,1
alprazitel,ælpɹeɪzɪɾəl,alprazolam,ælpɹɐzɑːlæm,1
o gold 20,oʊ goʊld twɛnti,c cure max gold,siː kjʊɹ mæks goʊld,1
tribacef,tɹaɪbeɪsəf,triacef,tɹaɪeɪsəf,1
celeb 200,sɛlɛb tuːhʌndɹɪd,celbex 200,sɛlbɛks tuːhʌndɹɪd,1
iopamedix,aɪəpeɪmdɪks,olamedix,ɑːleɪmdɪks,1
melanov mr 30,mɛlɐnɑːv mɪstɚ θɜːɾi,melanov mr 60,mɛlɐnɑːv mɪstɚ sɪksti,1
efergen,ɛfɚdʒən,feragen plus cap,fɛɹədʒən plʌs kæp,1
allase,æleɪz,allecur d,ɐlɛkɜː diː,1
cosimetz,kɑːsaɪməts,calsimet,kælsɪmɪt,1
moxidin,mɑːksɪdɪn,amoxden,æmɑːksdən,1
extreme c,ɛkstɹiːm siː,c cure max gold,siː kjʊɹ mæks goʊld,1
metsaphtin 50 850,mɛtsɐftɪn fɪfti eɪthʌndɹɪd fɪfti,metsaphtin 50 500,mɛtsɐftɪn fɪfti faɪvhʌndɹɪd,1
medglor 90,mɛdʒlɚ naɪnti,medrol,mɛdɹɑːl,1
metrex,miːɾɚks,motirex,moʊɾaɪɚks,1
actyl 100,æktaɪl wʌnhʌndɹɪd,actyl,æktaɪl,1
mednosetron,mɛdnoʊstɹɑːn,nostero,nəstɛɹoʊ,1
fusidasol,fjuːsɪdæsɑːl,auspidol,ɔːspɪdɑːl,1
clindavint,klɪndɐvɪnt,clindavest,klɪndeɪvɪst,1
neuromard,nʊɹɹəmɑːɹd,neurofed,nʊɹɹoʊft,1
maxidine,mæksɪdiːn,moxidin,mɑːksɪdɪn,1
zevelatab,zɛvɪlæɾæb,zevlar,zɛvlɚ,1
myelax,maɪɪlæks,dylax,daɪlæks,1
boost,buːst,neuboost,nuːbuːst,1
c flam,siː flæm,brilliant c pluz,bɹɪliənt siː plʌz,1
clonisaph 75,klɑːnɪsæf sɛvənti faɪv,clonisur,klɑːnɪsɜː,1
ephalox,ɛfɐlɑːks,aloxi,ɐlɑːksi,1
asmagen,ɐsmeɪdʒən,asmaler,ɐsmeɪlɚ,1
cilvex,sɪlvɛks,escivex 5,ɛsɪvɛks faɪv,1
dexmer,dɛksmɚ,dexmed,dɛksəmd,1
vistachlor,vɪstɐklɔːɹɚ,vistacom,vɪstɐkɑːm,1
teno em,tiːnoʊ ɛm,enom,iːnəm,1
saphcisin 100,sæfsɪsɪn wʌnhʌndɹɪd,saphcisin 125,sæfsɪsɪn wʌnhʌndɹɪd twɛnti faɪv,1
prolipidz,pɹɑːlɪpɪdz,prolia,pɹoʊliə,1
rapid c plus d1000,ɹæpɪd siː plʌs diː wʌn θaʊzənd,ad c plus,æd siː plʌs,1
dolan fp,dɑːlæn ɛfpiː,olan,oʊlæn,1
combe five,kəmɛ faɪv,b com,biː kɑːm,1
ximvex,zɪmvɛks,ximex,zaɪmɛks,1
febsan 120,fɛbsən wʌnhʌndɹɪd twɛnti,febsan 40,fɛbsən fɔːɹɾi,1
relidomide 15,ɹɪlɪdəmaɪd fɪftiːn,relidomide 75,ɹɪlɪdəmaɪd sɛvənti faɪv,1
clonisaph 75,klɑːnɪsæf sɛvənti faɪv,clotrisaph,klɑːtɹɪsæf,1
muprivex,mʌpɹɪvɛks,noxprivex,nɑːkspɹɪvɛks,1
robitussin,ɹɑːbaɪtʌsɪn,biotuss,baɪoʊtʌs,1
greenxime,gɹiːŋksaɪm,gixime,dʒɪksaɪm,1
uricobles 40,jʊɹɹɪkɑːbəlz fɔːɹɾi,eso 40,iːsoʊ fɔːɹɾi,1
febuhil,fɛbjuːhɪl,cefuhil,sɛfjuːhɪl,1
cafgard forte,kæfgɑːɹd fɔːɹɾeɪ,forteo,fɔːɹɾɪoʊ,1
levollen,lɛvɑːlən,levocent,lɛvoʊsənt,1
migco,mɪgkoʊ,diamicron mr,daɪəmaɪkɹɑːn mɪstɚ,1
yulareb,juːlɛɹb,klarex,klɛɹks,1
imbruvica,ɪmbɹuːvɪkə,vitruvia,vɪtɹuːviə,1
sitplixin 100,sɪtplɪksɪn wʌnhʌndɹɪd,plaxin,plæksɪn,1
hikacure,hɪkɐkjʊɹ,clindacure,klɪndɐkjʊɹ,1
ramitob,ɹæmɪtɑːb,ramipro,ɹæmɪpɹoʊ,1
migco,mɪgkoʊ,glomicol,glɑːmɪkɑːl,1
herperax,hɜːpɚɹæks,hepravasc 5000,hɛpɹɐvæsk faɪv θaʊzənd,1
pure cee,pjʊɹ siː,pure ceez capsule,pjʊɹ siːz kæpsjuːl,1
clavtri 625,klævtɹi sɪkshʌndɹɪd twɛnti faɪv,clavistan 625,klævɪstæn sɪkshʌndɹɪd twɛnti faɪv,1
conpanzole,kənpænzoʊl,apzole,ɐpzoʊl,1
neopel,niːoʊpɛl,neophen,niːoʊfən,1
hikacure,hɪkɐkjʊɹ,clacure,klækjʊɹ,1
gloww e,gloʊwə iː,love supplements glow e,lʌv sʌplɪmənts gloʊ iː,1
robitussin sinus relief,ɹɑːbaɪtʌsɪn saɪnəs ɹɪliːf,robitussin dx,ɹɑːbaɪtʌsɪn diːɛks,1
tracrium,tɹækɹiəm,dynacurium,daɪnɐkjʊɹɹiəm,1
pacitel 30,pæsɪɾəl θɜːɾi,pacitel 260,pæsɪɾəl tuːhʌndɹɪd sɪksti,1
suncetin tab,sʌnsɪtɪn tæb,cerin,sɛɹɪn,1
altacar,ɔːltɐkɑːɹ,lalaca,lælɑːkə,1
telmiheart 40,tɛlmɪhɑːɹt fɔːɹɾi,lomoh 40,lɑːmoʊ fɔːɹɾi,1
kalomin s,kæləmɪn ɛs,glik s,glɪk ɛs,1
prohexon 300,pɹoʊhɛksən θɹiːhʌndɹɪd,prolohex,pɹɑːloʊhɛks,1
mioclof,mɪɑːklɑːf,medclof,mɛdklɑːf,1
hepabil,hɛpɐbɪl,hepabig,hɛpɐbɪg,1
dutasusaph,duːɾɐsuːsæf,duasaph 450,duːɐsæf fɔːɹhʌndɹɪd fɪfti,1
febuhil,fɛbjuːhɪl,febulitt,fɛbjʊlɪt,1
aizerone,aɪzɚɹoʊn,zeronem,ziəɹoʊnəm,1
sandostatin,sændəstætɪn,simvastatin,sɪmvɐstætɪn,1
pantrex,pæntɹɛks,pantec,pæntɛk,1
femostal 20,fɛmoʊstəl twɛnti,etostal 90,ɛɾɑːstəl naɪnti,1
norphed,nɔːɹft,orphen plus,ɔːɹfən plʌs,1
aerinex,ɛɹaɪnɛks,burinex,bɛɹaɪnɛks,1
newmacdol,nuːmɐkdɑːl,newmet,nuːmɪt,1
melifrin ds,mɛlɪfɹɪn diːɛs,melifrin,mɛlɪfɹɪn,1
nicarfree,nɪkɑːɹfɹiː,ticafred,tɪkæfɹɪd,1
durazol,dʊɹɹɐzɑːl,irazol,ɪɹæzɑːl,1
rinobact spray,ɹɪnəbækt spɹeɪ,lysobact p spray,laɪsəbækt piː spɹeɪ,1
tigecid,taɪgɪsɪd,tigecare,taɪgɪkɛɹ,1
rh com,ɑːɹɹeɪtʃ kɑːm,b com forte,biː kɑːm fɔːɹɾeɪ,1
aldopiem,ɔːldoʊpɪm,abdopen,æbdoʊpən,1
green viii inj,gɹiːn ɹoʊmən eɪt ɪndʒ,evergreen,ɛvɚgɹiːn,1
sitplixin 100,sɪtplɪksɪn wʌnhʌndɹɪd,aplixatin 100,ɐplɪksɐtɪn wʌnhʌndɹɪd,1
optinova,ɑːptɪnoʊvə,zoplinova,zɑːplɪnoʊvə,1
tazomed 25,tæzəmd twɛnti faɪv,tazomed 45,tæzəmd fɔːɹɾi faɪv,1
mupivita,mjuːpɪviːɾə,multivita,mʌltɪviːɾə,1
optinova,ɑːptɪnoʊvə,citinova,sɪtɪnoʊvə,1
amgathran 150,æmgæθɹən wʌnhʌndɹɪd fɪfti,amgathran 75,æmgæθɹən sɛvənti faɪv,1
curocent,kjʊɹɹoʊsənt,hydrocent,haɪdɹoʊsənt,1
efergen,ɛfɚdʒən,feragen plus tab,fɛɹədʒən plʌs tæb,1
afebrin tf,ɐfɛbɹɪn tiːɛf,fedrin,fɛdɹɪn,1
predixone,pɹiːdɪksoʊn,predzone,pɹɪdzoʊn,1
dsinfex,diːsɪnfɛks,xinflex,zɪnflɛks,1
osteomeg,ɑːstɪoʊməg,osteomax,ɑːstɪɑːmæks,1
aceamen 500,ɐsiːmɛn faɪvhʌndɹɪd,aceamen 125,ɐsiːmɛn wʌnhʌndɹɪd twɛnti faɪv,1
normglubin,nɔːɹmgluːbɪn,normix,nɔːɹmɪks,1
acode 200,ækoʊd tuːhʌndɹɪd,acode 150,ækoʊd wʌnhʌndɹɪd fɪfti,1
aldopiem,ɔːldoʊpɪm,dopinem,dɑːpaɪnəm,1
vilomet 500,vaɪlɑːmɪt faɪvhʌndɹɪd,vilomet,vaɪlɑːmɪt,1
lidocaine hydrochloride epinephrine as bitartrate,lɪdəkeɪn haɪdɹəklɔːɹaɪd ɛpɪnɛfɹiːn æz baɪtɑːɹtɹeɪt,alendronic acid as alendronate sodium trihydrate colecalciferol vitamin d3,ɐləndɹɑːnɪk æsɪd æz ɐlɛndɹəneɪt soʊdiəm tɹaɪhaɪdɹeɪt koʊlkɐlsɪfɚɹɑːl vaɪɾəmɪn diː θɹiː,1
rezotam,ɹɪzɑːɾæm,perzotam,pɜːzətæm,1
uricobles 40,jʊɹɹɪkɑːbəlz fɔːɹɾi,uricobles 80,jʊɹɹɪkɑːbəlz eɪɾi,1
ciprodin fc,sɪpɹədɪn ɛfsiː,ciprodan 500,sɪpɹɑːdən faɪvhʌndɹɪd,1
natrasol plus,nætɹɐsɑːl plʌs,rapcvit plus chewtab,ɹæpkvɪt plʌs tʃuːɾæb,1
lidocaine hydrochloride epinephrine as bitartrate,lɪdəkeɪn haɪdɹəklɔːɹaɪd ɛpɪnɛfɹiːn æz baɪtɑːɹtɹeɪt,ciprofloxacin as hydrochloride,sɪpɹəflɑːksɐsɪn æz haɪdɹəklɔːɹaɪd,1
ledrocid,lɛdɹəsɪd,drozid,dɹɑːzɪd,1
cafgard forte,kæfgɑːɹd fɔːɹɾeɪ,asgard,æzgɑːɹd,1
spevigo,spɛvɪgoʊ,nebigo,nɛbɪgoʊ,1
asmagen,ɐsmeɪdʒən,asmagone,ɐsmægən,1
dicloxiri,dɪkləksiəɹi,dialox,daɪəlɑːks,1
migco,mɪgkoʊ,diamicron,daɪəmaɪkɹɑːn,1
diprolene,dɪpɹoʊliːn,diprogenta,dɪpɹoʊdʒɛntə,1
euvichol plus,juːvɪkɑːl plʌs,muravit cee plus forte,mjʊɹɹɐvɪt siː plʌs fɔːɹɾeɪ,1
dota plus,doʊɾə plʌs,biozart plus 125,baɪoʊzɑːɹt plʌs wʌnhʌndɹɪd twɛnti faɪv,1
bonsenz,bɑːnsɛnts,omesenz,oʊmsɛnts,1
dolan fp,dɑːlæn ɛfpiː,dolac,dɑːlæk,1
eye glo moist,aɪ gloʊ mɔɪst,eye mo red eyes formula,aɪ moʊ ɹɛd aɪz fɔːɹmjʊlə,1
melanov mr 30,mɛlɐnɑːv mɪstɚ θɜːɾi,melnna,mɛlnə,1
clavorilz,klævɔːɹɪlz,levoriz,lɛvɔːɹɪz,1
indiurex,ɪndɪjuːɹɛks,virex,vaɪɚks,1
cutasept f colorless,kjuːɾeɪsəpt ɛf kʌlɚləs,varucefa f,vɑːɹɹuːsɛfə ɛf,1
pacitel 30,pæsɪɾəl θɜːɾi,dacihep 30,dæsɪhɛp θɜːɾi,1
omepors,oʊmpɚz,norepors,nɔːɹpɚz,1
rovecol,ɹoʊvkɑːl,nurocol,njʊɹɹəkɑːl,1
femostal 20,fɛmoʊstəl twɛnti,feme,fiːm,1
ciprophil,sɪpɹəfɪl,spirophil,spɪɹəfɪl,1
puroxan,pjʊɹɹɑːksən,furoxen,fjʊɹɹɑːksən,1
melifrin ds,mɛlɪfɹɪn diːɛs,medifer,mɛdɪfɚ,1
cartine,kɑːɹtiːn,cartin,kɑːɹtɪn,1
spevigo,spɛvɪgoʊ,spegic forte,spɛdʒɪk fɔːɹɾeɪ,1
cholsuvin,kɑːlsuːvɪn,acholine,ɐtʃɑːliːn,1
paulonorest,pɔːlənɔːɹst,reston,ɹɪstɑːn,1
basagine,bæsɐdʒɪn,butasine,bjuːɾɐsaɪn,1
lamtac 25,læmtæk twɛnti faɪv,torval h 160 25,tɔːɹvəl eɪtʃ wʌnhʌndɹɪd sɪksti twɛnti faɪv,1
ezomephil,ɛzoʊmfɪl,zomep,zoʊməp,1
insuljack r,ɪnsʌldʒæk ɑːɹ,insuljack 3070,ɪnsʌldʒæk θɹiː θaʊzənd sɛvənti,1
paranat,pæɹənæt,paranova,pæɹənoʊvə,1
actyl 100,æktaɪl wʌnhʌndɹɪd,cysaphteine 100,saɪsɐftiːn wʌnhʌndɹɪd,1
tecum 003,tɛkəm ziəɹoʊziəɹoʊ θɹiː,tecum 01,tɛkəm ziəɹoʊ wʌn,1
flosazin,flɑːsɐzɪn,invaflozin 10,ɪnvæfləzɪn tɛn,1
caxetil,kæksɪtɪl,caxol,kæksɑːl,1
satcapto 25,sætkæptoʊ twɛnti faɪv,captivo 25,kæptɪvoʊ twɛnti faɪv,1
gerdsol,dʒɜːdsɑːl,seredol,sɛɹɪdɑːl,1
ceftrash 1000,sɛftɹæʃ wʌn θaʊzənd,ceftrash 500,sɛftɹæʃ faɪvhʌndɹɪd,1
nivicof,nɪvɪkɑːf,nicocef,nɪkoʊsəf,1
combifen,kəmbaɪfən,combiflex lipid central,kəmbɪflɛks lɪpɪd sɛntɹəl,1
altacar,ɔːltɐkɑːɹ,healthcare paracetamol,hɛlθkɛɹ pæɹəsɛɾɐmɑːl,1
felizen,fɛlɪzən,felojen,fɛloʊdʒən,1
sharjvax,ʃɑːɹdʒvæks,saphrivax,sæfɹɪvæks,1
ciprophil,sɪpɹəfɪl,ciproprime,sɪpɹəpɹaɪm,1
macromycin,mækɹəmaɪsɪn,romycin,ɹɑːmɪsɪn,1
clophen,klɑːfən,clophil,klɑːfɪl,1
metsaphtin 50 850,mɛtsɐftɪn fɪfti eɪthʌndɹɪd fɪfti,amiksan 50,æmɪksən fɪfti,1
aceamen 500,ɐsiːmɛn faɪvhʌndɹɪd,aceamen 250,ɐsiːmɛn tuːhʌndɹɪd fɪfti,1
lidocaine hydrochloride epinephrine as bitartrate,lɪdəkeɪn haɪdɹəklɔːɹaɪd ɛpɪnɛfɹiːn æz baɪtɑːɹtɹeɪt,amoxicillin as trihydrate,æməksɪsɪlɪn æz tɹaɪhaɪdɹeɪt,1
norphed,nɔːɹft,noriphen,nɔːɹɪfən,1
medivasc,mɛdɪvæsk,cardivasc,kɑːɹdɪvæsk,1
ewel zee plus,juːəl ziː plʌs,jewel zee plus,dʒuːəl ziː plʌs,1
oticom,ɑːɾɪkɑːm,tricomb,tɹaɪkoʊm,1
metsaphtin 50 850,mɛtsɐftɪn fɪfti eɪthʌndɹɪd fɪfti,metsaphtin 50 1000,mɛtsɐftɪn fɪfti wʌn θaʊzənd,1
euvichol plus,juːvɪkɑːl plʌs,polynerv 250 plus zinc 40,pɑːlɪnɜːv tuːhʌndɹɪd fɪfti plʌs zɪŋk fɔːɹɾi,1
ifos,aɪfoʊz,ifosfaxil,aɪfəsfæksɪl,1
dsinfex,diːsɪnfɛks,sinudex,sɪnuːdɛks,1
teno em,tiːnoʊ ɛm,tenemax,tɛnəmæks,1
cosimetz,kɑːsaɪməts,simet,sɪmɪt,1
gascopan,gæskəpæn,iscopan,ɪskəpæn,1
visiocare,vɪsɪɑːkɛɹ,visine,vɪsaɪn,1
pantosaph 20,pæntəsæf twɛnti,rixan 20,ɹɪksən twɛnti,1
euvichol plus,juːvɪkɑːl plʌs,ceelin plus chewables,siːlɪn plʌs tʃuːəbəlz,1
robitussin dm,ɹɑːbaɪtʌsɪn diːɛm,robitussin,ɹɑːbaɪtʌsɪn,1
xeomin,zɪɑːmɪn,xetocin,zɛɾəsɪn,1
rosubest 20,ɹɑːsuːbɪst twɛnti,rosuu,ɹɑːsuː,1
multizine,mʌltɪziːn,multizin,mʌltizɪn,1
zevelatab,zɛvɪlæɾæb,sevelaget,sɛvɪlægɪt,1
izon,aɪzɑːn,trizon,tɹaɪzɑːn,1
ledrocid,lɛdɹəsɪd,accord zoledronic 4,ɐkɔːɹd zoʊldɹɑːnɪk fɔːɹ,1
teno em,tiːnoʊ ɛm,tenofo b,tɛnoʊfoʊ biː,1
easyef,iːzɪɛf,isef,aɪsəf,1
xanginart,zændʒɪnɑːɹt,xanil,zænɪl,1
colchicine,kɑːltʃɪsiːn,orlicin,ɔːɹlɪsɪn,1
veeta,viːɾə,vometa,voʊmtə,1
glixa,glɪksə,agliza,ɐglɪzə,1
gaviscon double action,gævɪskən dʌbəl ækʃən,gaviscon,gævɪskən,1
ximvex,zɪmvɛks,cimex,saɪmɛks,1
retapenem,ɹɪteɪpnəm,seapenem,siːpɛnəm,1
elmox cv 3125,ɛlmɑːks siːviː θɹiː θaʊzənd wʌnhʌndɹɪd twɛnti faɪv,elmox cv 375,ɛlmɑːks siːviː θɹiːhʌndɹɪd sɛvənti faɪv,1
vizef,vaɪzəf,vinsef,vɪnsɛf,1
nicardilex,nɪkɑːɹdaɪlɛks,nicardime,nɪkɑːɹdaɪm,1
cutasept f colorless,kjuːɾeɪsəpt ɛf kʌlɚləs,aperus f,eɪpɚɹəs ɛf,1
sanzepir 50,sænzɪpɪɹ fɪfti,sitanova plus 50 500,sɪtɐnoʊvə plʌs fɪfti faɪvhʌndɹɪd,1
rh com,ɑːɹɹeɪtʃ kɑːm,com b forte,kɑːm biː fɔːɹɾeɪ,1
alkacit,ælkɐsɪt,alkacel,ælkeɪsəl,1
ventcare,vɛntkɛɹ,fencare,fɛŋkɛɹ,1
folicard,fɑːlɪkɑːɹd,folicure,fɑːlɪkjʊɹ,1
glutarite,gluːɾɑːɹɹaɪt,losarite,lɑːsɑːɹɹaɪt,1
katinko ginger amp patchouli oil scent,kætɪŋkoʊ dʒɪndʒɚɹ æmp pætʃuːli ɔɪl sɛnt,katinko,kætɪŋkoʊ,1
xygyn,zaɪdʒɪn,gynogen hp,gaɪnədʒən eɪtʃpiː,1
insuljack r,ɪnsʌldʒæk ɑːɹ,insulet r,ɪnsəlɪt ɑːɹ,1
aritero 5,æɹɪtɛɹoʊ faɪv,amosartan q 5 100 20mg,æməsɑːɹtən kjuː faɪv wʌnhʌndɹɪd twɛnti ɛmdʒiː,1
trixophin w,tɹɪksəfɪn dʌbəljuː,rixophil,ɹɪksəfɪl,1
alergiquit,ɐlɜːdʒɪkwɪt,alerid,ɐlɛɹɪd,1
ivapro 5,ɪvæpɹoʊ faɪv,ivapro 75,ɪvæpɹoʊ sɛvənti faɪv,1
picinaf,pɪsɪnæf,epicin,ɛpɪsɪn,1
lipibrate,lɪpɪbɹeɪt,macfibrate 145,mækfɪbɹeɪt wʌnhʌndɹɪd fɔːɹɾi faɪv,1
diprolene,dɪpɹoʊliːn,dipronex,dɪpɹoʊnɛks,1
laberfen,læbɚfən,alfaren,ælfɚɹən,1
saphceetrate,sæfsiːtɹeɪt,saphtotrexate,sæftətɹɛkseɪt,1
hemosdin,hiːməsdɪn,hemoden,hiːmoʊdən,1
allutamide,ɐluːɾɐmaɪd,ramide,ɹæmaɪd,1
arpipo,ɑːɹpɪpoʊ,tapipzo 225,tæpɪpzoʊ tuːhʌndɹɪd twɛnti faɪv,1
zitabin 1000,zɪɾɐbɪn wʌn θaʊzənd,zita 100,ziːɾə wʌnhʌndɹɪd,1
gasmodic,gæzmɑːdɪk,gasmid,gæzmɪd,1
herperax,hɜːpɚɹæks,herpex newgen,hɜːpɛks nuːdʒən,1
vibee,vɪbiː,virbez,vɜːbɛz,1
voltaren forte,voʊltæɹən fɔːɹɾeɪ,voren forte,vɔːɹən fɔːɹɾeɪ,1
ikshatob,ɪkʃɐtɑːb,optob,ɑːptoʊb,1
clavtri 625,klævtɹi sɪkshʌndɹɪd twɛnti faɪv,lavtrim,lævtɹɪm,1
aerinex,ɛɹaɪnɛks,lewinex,luːaɪnɛks,1
ciprophil,sɪpɹəfɪl,ciproflo,sɪpɹɑːfloʊ,1
muldezar,mʌldɪzɑːɹ,idezar,aɪdzɑːɹ,1
c flam,siː flæm,fam c,fæm siː,1
flammasul,flæmæsəl,phamsul,fæmsəl,1
irbekon,ɜːbɛkən,irbenov 150,ɜːbənɑːv wʌnhʌndɹɪd fɪfti,1
metrex,miːɾɚks,mtrex,ɛmtɹɛks,1
esonex iv,ɛsoʊnɛks ɹoʊmən fɔːɹ,somex,sʌmks,1
vildalion m 550,vɪldæliən ɛm faɪvhʌndɹɪd fɪfti,vildalion 50,vɪldæliən fɪfti,1
axonedu,æksoʊnduː,axonex,æksoʊnɛks,1
stanxime,stæŋksaɪm,sanxib,sæŋksɪb,1
norphed,nɔːɹft,norpho,nɔːɹfoʊ,1
axonedu,æksoʊnduː,plaxone,plæksoʊn,1
perazovic,pɛɹɐzɑːvɪk,prazic,pɹeɪzɪk,1
guaifenesin dextromethorpan hydrobromide,gwɑːaɪfnɛsɪn dɛkstɹoʊmθɔːɹpæn haɪdɹəbɹoʊmaɪd,guaifenesin salbutamol,gwɑːaɪfnɛsɪn sælbjuːtæmɑːl,1
lamtac 25,læmtæk twɛnti faɪv,lamotrin odt 25,læmətɹɪn ɑːt twɛnti faɪv,1
nerveplex ae,nɜːvɪplɛks eɪiː,nervex,nɜːvɛks,1
gascopan,gæskəpæn,gascosin,gæskəsɪn,1
albestan,ælbɪstɑːn,besartan,bɪsɑːɹtən,1
cosimetz,kɑːsaɪməts,coxime,kɑːksaɪm,1
united home dermatec,juːnaɪɾɪd hoʊm dɜːmeɪɾək,dermovate,dɜːmuːveɪt,1
divalpro 125 sprinkles,dɪvælpɹoʊ wʌnhʌndɹɪd twɛnti faɪv spɹɪŋkəlz,akudiva 125 er,ækjuːdɪvə wʌnhʌndɹɪd twɛnti faɪv ɜː,1
vizef,vaɪzəf,viacef,vaɪəsɛf,1
aldopiem,ɔːldoʊpɪm,dopine,dɑːpaɪn,1
newmacdol,nuːmɐkdɑːl,fermacold,fɜːmɐkoʊld,1
biposaph g10,baɪpɑːsæf dʒiː tɛn,bilesaph ge300,baɪlɛsæf dʒiː θɹiːhʌndɹɪd,1
febsan 120,fɛbsən wʌnhʌndɹɪd twɛnti,febstat 80,fɛbstæt eɪɾi,1
vistachlor,vɪstɐklɔːɹɚ,diachloroz,daɪəklɔːɹoʊz,1
fisteride,fɪstɚɹaɪd,dutasteride,duːɾeɪstɹaɪd,1
rinobact spray,ɹɪnəbækt spɹeɪ,lysobact spray,laɪsəbækt spɹeɪ,1
neurocil,nʊɹɹəsɪl,nurocol,njʊɹɹəkɑːl,1
povistat,pɑːvɪstæt,pov it,pɑːv ɪt,1
vizef,vaɪzəf,dimzef,dɪmzɛf,1
param iv,pæɹəm ɹoʊmən fɔːɹ,medpara iv,mɛdpɑːɹɹɚ ɹoʊmən fɔːɹ,1
medglor 90,mɛdʒlɚ naɪnti,medgyl,mɛdʒɪl,1
kephazon s q,kɛfeɪzən ɛs kjuː,cozith s,kɑːzɪθ ɛs,1
mupivita,mjuːpɪviːɾə,mucovita,mjuːkəviːɾə,1
kalomin s,kæləmɪn ɛs,kremil s advance,kɹɛmɪl ɛs ɐdvæns,1
dia bplex,daɪə biːplɛks,dialexib,daɪəlɪksɪb,1
suncetin tab,sʌnsɪtɪn tæb,cetil,sɛɾɪl,1
puroxan,pjʊɹɹɑːksən,purogen,pjʊɹɹədʒən,1
berodual f udv,bɪɹɑːdʒuːəl ɛf ʌdv,betaroid,beɪɾɚɹɔɪd,1
aceamen 500,ɐsiːmɛn faɪvhʌndɹɪd,encorate chrono 500,ɛŋkɔːɹeɪt kɹoʊnoʊ faɪvhʌndɹɪd,1
alergiquit,ɐlɜːdʒɪkwɪt,erge,ɜːdʒ,1
fusidasol,fjuːsɪdæsɑːl,fusidane,fjuːsɪdeɪn,1
pantrex,pæntɹɛks,pantro,pæntɹoʊ,1
dypita 225,daɪpiːɾə tuːhʌndɹɪd twɛnti faɪv,ampita,æmpiːɾə,1
acode 200,ækoʊd tuːhʌndɹɪd,gemaccord 200,dʒɛmɐkɔːɹd tuːhʌndɹɪd,1
bomozid,bɑːməzɪd,terozid forte,tɛɹəzɪd fɔːɹɾeɪ,1
relidomide 15,ɹɪlɪdəmaɪd fɪftiːn,relidomide 5,ɹɪlɪdəmaɪd faɪv,1
peptobloc,pɛptəblɑːk,pantoloc,pæntəlɑːk,1
celeb 200,sɛlɛb tuːhʌndɹɪd,celetor 200,sɛlɛɾɚ tuːhʌndɹɪd,1
aubrex,ɔːbɹɛks,lubrex,lʌbɹɛks,1
cilvex,sɪlvɛks,silvex,sɪlvɛks,1
celence 400,sɛləns fɔːɹhʌndɹɪd,celehan,sɛlɛhən,1
ketoguard,kɛɾəgɑːɹd,metogard,mɛɾəgɑːɹd,1
endusol r,ɛnduːsɑːl ɑːɹ,endusol imb,ɛnduːsɑːl ɪm,1
moxclatab,mɑːksklɐtæb,datab,deɪɾəb,1
losarkip 50,lɑːsɑːɹkɪp fɪfti,losarkip 100,lɑːsɑːɹkɪp wʌnhʌndɹɪd,1
nerveplex ae,nɜːvɪplɛks eɪiː,nervx,nɜːvks,1
st martin,sənt mɑːɹtɪn,stardine,stɑːɹdiːn,1
nirsaph 600,nɜːsæf sɪkshʌndɹɪd,nir ns,nɜːɹ ɛnɛs,1
iztam 45,ɪztæm fɔːɹɾi faɪv,avitam 45,ævɪtæm fɔːɹɾi faɪv,1
domperone,dɑːmpɚɹoʊn,perdone,pɜːdoʊn,1
algabin 75,ælgɐbɪn sɛvənti faɪv,maxgalin 75,mæksgɐlɪn sɛvənti faɪv,1
neurocil,nʊɹɹəsɪl,neurolin,nʊɹɹəlɪn,1
zenith,ziːnɪθ,zentan am,zɛntən ɐm,1
acitrate,ɐsɪtɹeɪt,gitrate,gɪtɹeɪt,1
doctaxel,dɑːktæksəl,docetax,doʊstæks,1
predfirst,pɹɪdfɜːst,prend,pɹɛnd,1
rifoxyn,ɹɪfəksɪn,brofoxin,bɹɑːfəksɪn,1
coglitazone 30,kɑːglɪtæzoʊn θɜːɾi,glito 30,gliːɾoʊ θɜːɾi,1
pipercil 45,paɪpɚsəl fɔːɹɾi faɪv,pencil 50,pɛnsəl fɪfti,1
glurexa,glʊɹɹɛksə,lubrex,lʌbɹɛks,1
tribacef,tɹaɪbeɪsəf,tribact,tɹaɪbækt,1
esmazol,ɛsmɐzɑːl,esozole,ɛsəzoʊl,1
dapzin m 5 forte,dæpzɪn ɛm faɪv fɔːɹɾeɪ,amlo med 5,æmloʊ mɛd faɪv,1
indiurex,ɪndɪjuːɹɛks,indax,ɪndæks,1
clozol,klɑːzɑːl,clazol,klæzɑːl,1
finstal 1,fɪnstɔːl wʌn,finstal 5,fɪnstɔːl faɪv,1
onefix,wʌnfɪks,ropenefix,ɹoʊpnɪfɪks,1
rosubest 20,ɹɑːsuːbɪst twɛnti,rosett 20,ɹoʊzət twɛnti,1
extreme c,ɛkstɹiːm siː,xtrem c,ɛkstɹɛm siː,1
montior l,mɔntjɚɹ ɛl,montil,mɔntəl,1
welltrate,wɛltɹeɪt,techtrate,tɛktɹeɪt,1
montior l,mɔntjɚɹ ɛl,monterio,mɔntɪɹioʊ,1
ifos,aɪfoʊz,ifosmide 1000,aɪfəzmaɪd wʌn θaʊzənd,1
fisteride,fɪstɚɹaɪd,itoride,aɪɾɔːɹaɪd,1
divalpro 125 sprinkles,dɪvælpɹoʊ wʌnhʌndɹɪd twɛnti faɪv spɹɪŋkəlz,asthavert 125,ɐsθævɜːt wʌnhʌndɹɪd twɛnti faɪv,1
puroxan,pjʊɹɹɑːksən,furosan,fjʊɹɹɑːsən,1
varsa,vɑːɹsə,vasacad 160,væsɐkæd wʌnhʌndɹɪd sɪksti,1
rapid c plus d1000,ɹæpɪd siː plʌs diː wʌn θaʊzənd,rapid c plus d200,ɹæpɪd siː plʌs diː tuːhʌndɹɪd,1
nicarfree,nɪkɑːɹfɹiː,nicafar,nɪkɐfɑːɹ,1
bruhep,bɹuːhɛp,bluehep,bluːhɛp,1
onefix,wʌnfɪks,oneflex,wʌnflɛks,1
multizine,mʌltɪziːn,multimin,mʌltimɪn,1
sacriva 750,sækɹɪvə sɛvənhʌndɹɪd fɪfti,clariva 500,klæɹɪvə faɪvhʌndɹɪd,1
colchicine,kɑːltʃɪsiːn,colis,koʊliz,1
tazastar 225,tæzɐstɑːɹ tuːhʌndɹɪd twɛnti faɪv,sitastar 50,sɪɾeɪstɑːɹ fɪfti,1
njectzole,ɛndʒɛktsoʊl,cozole,kɑːzoʊl,1
minox 5,mɪnɑːks faɪv,minox 2,mɪnɑːks tuː,1
alergiquit,ɐlɜːdʒɪkwɪt,lergic,lɜːdʒɪk,1
kercip 400,kɜːsɪp fɔːɹhʌndɹɪd,erlocip 150,ɜːləsɪp wʌnhʌndɹɪd fɪfti,1
ifos,aɪfoʊz,ifosmide 2000,aɪfəzmaɪd tuː θaʊzənd,1
rh com,ɑːɹɹeɪtʃ kɑːm,recombicyte,ɹiːkəmbɪsaɪt,1
ketoran,kɛɾɔːɹən,ketorine,kɛɾɔːɹiːn,1
eoroxime 750,eɪɚɹɑːksaɪm sɛvənhʌndɹɪd fɪfti,theoroxime 750,θiəɹəksaɪm sɛvənhʌndɹɪd fɪfti,1
lipirid,lɪpɪɹɪd,lipiruvin,lɪpɚɹuːvɪn,1
immubulin,ɪmjuːbjʊlɪn,sulfin,sʌlfɪn,1
salrite,sælɹaɪt,saphlite,sæflaɪt,1
ampisaph 500,æmpɪsæf faɪvhʌndɹɪd,ampi 500,æmpi faɪvhʌndɹɪd,1
pantosaph 20,pæntəsæf twɛnti,entax 20,ɛntæks twɛnti,1
rosubest 20,ɹɑːsuːbɪst twɛnti,rosubest 10,ɹɑːsuːbɪst tɛn,1
drapolene,dɹæpoʊliːn,drazone,dɹæzoʊn,1
diosid,dɪɑːsɪd,diozide,dɪɑːzaɪd,1
amphot,æmfɑːt,amphoter iv,æmfoʊɾɚ ɹoʊmən fɔːɹ,1
bepsar,bɛpsɑːɹ,bensarex,bɛnsɛɹks,1
teli 80,tɛli eɪɾi,amity 80 10,æmɪɾi eɪɾi tɛn,1
lifort,lɪfɔːɹt,gliformin,glɪfɔːɹmɪn,1
ponser,pɑːnsɚ,pronerv,pɹoʊnɜːv,1
hizid,hɪzɪd,emizid,ɛmɪzɪd,1
losarkip 50,lɑːsɑːɹkɪp fɪfti,metsaphtin 50 500,mɛtsɐftɪn fɪfti faɪvhʌndɹɪd,1
green viii inj,gɹiːn ɹoʊmən eɪt ɪndʒ,greenxime,gɹiːŋksaɪm,1
ramitob,ɹæmɪtɑːb,mitoban,maɪɾɑːbən,1
coglitazone 30,kɑːglɪtæzoʊn θɜːɾi,glizen 30,glaɪzən θɜːɾi,1
xeomin,zɪɑːmɪn,saphzeemin,sæfziːmɪn,1
enerstress,ɛnɚstɹəs,obstress,əbstɹɛs,1
greenxime,gɹiːŋksaɪm,groxime,gɹɑːksaɪm,1
eoroxime 750,eɪɚɹɑːksaɪm sɛvənhʌndɹɪd fɪfti,euroxime,jʊɹɹoʊksaɪm,1
picinaf,pɪsɪnæf,ampicin,æmpɪsɪn,1
ewel zee plus,juːəl ziː plʌs,muravit cee plus forte,mjʊɹɹɐvɪt siː plʌs fɔːɹɾeɪ,1
ferrqure,fɛrkwɚɹə,zcure,ziːkjʊɹ,1
sacriva 750,sækɹɪvə sɛvənhʌndɹɪd fɪfti,saphrivax 200,sæfɹɪvæks tuːhʌndɹɪd,1
lexibase,lɛksɪbeɪs,flexivate,flɛksɪveɪt,1
folicard,fɑːlɪkɑːɹd,folicap,fɑːlɪkæp,1
nicarfree,nɪkɑːɹfɹiː,nicargen,nɪkɑːɹdʒən,1
rovecol,ɹoʊvkɑːl,rotelol,ɹoʊtlɑːl,1
luotriaxone,ljuːətɹɪɐksoʊn,protriaxone,pɹɑːtɹɪæksoʊn,1
easyef,iːzɪɛf,essefuroxime,ɛsɪfjʊɹɹəksaɪm,1
vaxol,væksɑːl,voxoll,vɑːksɑːl,1
novestrol,noʊvstɹɑːl,neoverzol,niːoʊvɚzɑːl,1
hidrasec,hɪdɹeɪsək,dehidralyte,diːhɪdɹɐlaɪt,1
cloxin,klɑːksɪn,cloxim,klɑːksɪm,1
clavoxsea 457,klævəkssiː fɔːɹhʌndɹɪd fɪfti sɛvən,clavoxel,klævɑːksəl,1
enerflow,ɛnɚfloʊ,uriflow,jʊɹɹaɪfloʊ,1
albestan,ælbɪstɑːn,rabesta,ɹeɪbɛstə,1
varivax,vɑːɹɹɪvæks,varilrix,vɑːɹɹɪlɹɪks,1
startline 50,stɑːɹtlaɪn fɪfti,metsaphtin 50 1000,mɛtsɐftɪn fɪfti wʌn θaʊzənd,1
vibee,vɪbiː,vitree,vɪtɹiː,1
essentiale forte p,ɛsɛnʃəl fɔːɹɾeɪ piː,ascof forte,ɐskɑːf fɔːɹɾeɪ,1
hemosdin,hiːməsdɪn,hespadin,hɛspɐdɪn,1
clozol,klɑːzɑːl,cilozol 100,saɪləzɑːl wʌnhʌndɹɪd,1
gentagem,dʒɛnteɪdʒəm,gentamin,dʒɛntɐmɪn,1
zoledius 4,zoʊldɪəs fɔːɹ,accord zoledronic 4,ɐkɔːɹd zoʊldɹɑːnɪk fɔːɹ,1
sanzepir 50,sænzɪpɪɹ fɪfti,sitamac m 50 1000,sɪɾɐmæk ɛm fɪfti wʌn θaʊzənd,1
hikacure,hɪkɐkjʊɹ,tizacure 150,tɪzɐkjʊɹ wʌnhʌndɹɪd fɪfti,1
cefkizon,sɛfkaɪzən,cefazone,sɛfɐzoʊn,1
aspishield,æspɪʃiːld,pureshield,pjʊɹɹɪʃiːld,1
sethair duo,sɛɾaɪɚ duːoʊ,cetiair,sɛʃɪaɪɚ,1
losar 50,lɑːsɑːɹ fɪfti,losarx 50,lɑːsɑːɹks fɪfti,1
united home dermatec,juːnaɪɾɪd hoʊm dɜːmeɪɾək,dermvast,dɜːmvæst,1
guaifenesin dextromethorpan hydrobromide,gwɑːaɪfnɛsɪn dɛkstɹoʊmθɔːɹpæn haɪdɹəbɹoʊmaɪd,bromed,bɹoʊmd,1
prohexon 300,pɹoʊhɛksən θɹiːhʌndɹɪd,provex,pɹuːvɛks,1
ewel zee plus,juːəl ziː plʌs,rapid c plus d200 mono,ɹæpɪd siː plʌs diː tuːhʌndɹɪd mɑːnoʊ,1
laberfen,læbɚfən,berafen,bɪɹeɪfən,1
tecum 003,tɛkəm ziəɹoʊziəɹoʊ θɹiː,protec,pɹətɛk,1
exerta,ɛgzɜːɾə,excelta,ɛksɛltə,1
oticom,ɑːɾɪkɑːm,levotic cr,lɛvɑːɾɪk siːɑːɹ,1
aspishield,æspɪʃiːld,alcoshield,ælkəʃiːld,1
lidocaine hydrochloride epinephrine as bitartrate,lɪdəkeɪn haɪdɹəklɔːɹaɪd ɛpɪnɛfɹiːn æz baɪtɑːɹtɹeɪt,diphenhydramine as hydrochloride,dɪfənhaɪdɹɐmiːn æz haɪdɹəklɔːɹaɪd,1
rezotam,ɹɪzɑːɾæm,pipzotam 225,pɪpzətæm tuːhʌndɹɪd twɛnti faɪv,1
vitlex,vɪtlɛks,trivitplex,tɹɪvɪtplɛks,1
efergen,ɛfɚdʒən,ferogen,fɛɹədʒən,1
flulon,fluːlɑːn,fluclox,flʌklɑːks,1
visiocare,vɪsɪɑːkɛɹ,nasocare,næsəkɛɹ,1
teli 80,tɛli eɪɾi,telwin 80,tɛlwɪn eɪɾi,1
tenol,tɛnɑːl,tenoliv,tɛnəlɪv,1
maricoxia 90,mæɹɪkɑːksiə naɪnti,ricoxib,ɹɪkəksɪb,1
losarkip 50,lɑːsɑːɹkɪp fɪfti,losark,lɑːsɑːɹk,1
risgen,ɹɪsdʒən,rispen,ɹɪspən,1
clottam,klɑːɾæm,ciltamin 15,sɪltɐmɪn fɪftiːn,1
biopril,baɪoʊpɹɪl,biofil,baɪoʊfɪl,1
glurexa,glʊɹɹɛksə,urixa,jʊɹɹɪksə,1
oticom,ɑːɾɪkɑːm,bicom,bɪkɑːm,1
finstal 1,fɪnstɔːl wʌn,ipstal,ɪpstəl,1
clindavint,klɪndɐvɪnt,clindamit,klɪndɐmɪt,1
clavorilz,klævɔːɹɪlz,riliz,ɹɪlɪz,1
fisteride,fɪstɚɹaɪd,gastride,gæstɹaɪd,1
ivetra 100,aɪvtɹə wʌnhʌndɹɪd,vexplatin ve 100,vɛksplɐtɪn viː wʌnhʌndɹɪd,1
celence 400,sɛləns fɔːɹhʌndɹɪd,celenav,sɛlənæv,1
paratuss,pæɹətʌs,pertussin,pɚtʌsɪn,1
alergiquit,ɐlɜːdʒɪkwɪt,alerix,ɐlɛɹɪks,1
pocym 250,pɑːsɪm tuːhʌndɹɪd fɪfti,polynerv 250 plus zinc 40,pɑːlɪnɜːv tuːhʌndɹɪd fɪfti plʌs zɪŋk fɔːɹɾi,1
esmazol,ɛsmɐzɑːl,espazol,ɛspæzɑːl,1
rezotam,ɹɪzɑːɾæm,prazotam,pɹæzətæm,1
bepsar,bɛpsɑːɹ,zebesar,zɛbɪsɑːɹ,1
diprolene,dɪpɹoʊliːn,ciprollen,sɪpɹoʊlən,1
mednosetron,mɛdnoʊstɹɑːn,setrof,sɛtɹɑːf,1
oxanova,ɑːksɐnoʊvə,roxinova,ɹɑːksɪnoʊvə,1
colchicine,kɑːltʃɪsiːn,colchicare,kɑːltʃɪkɛɹ,1
fisteride,fɪstɚɹaɪd,gosterid,gɑːstɚɹɪd,1
gerdsol,dʒɜːdsɑːl,gerdstop,dʒɜːdstɑːp,1
guaifenesin dextromethorpan hydrobromide,gwɑːaɪfnɛsɪn dɛkstɹoʊmθɔːɹpæn haɪdɹəbɹoʊmaɪd,dextro,dɛkstɹoʊ,1
spevigo,spɛvɪgoʊ,phesgo,fɛsgoʊ,1
sevomond,sɛvɑːmənd,rosumond,ɹɑːsuːmənd,1
katinko ginger amp patchouli oil scent,kætɪŋkoʊ dʒɪndʒɚɹ æmp pætʃuːli ɔɪl sɛnt,katinko oil,kætɪŋkoʊ ɔɪl,1
paranat,pæɹənæt,paranerve plus,pæɹənɜːv plʌs,1
iopamedix,aɪəpeɪmdɪks,medox,mɛdɑːks,1
aviar,eɪvɪɑːɹ,avarix 20,ævɑːɹɹɪks twɛnti,1
finzant,fɪnzənt,finaplasia 1,faɪnɐpleɪʒə wʌn,1
voltaren forte,voʊltæɹən fɔːɹɾeɪ,voltaren,voʊltæɹən,1
bomozid,bɑːməzɪd,comoxi,kəmɑːksi,1
kephazon s q,kɛfeɪzən ɛs kjuː,amosartan q 5 100 20mg,æməsɑːɹtən kjuː faɪv wʌnhʌndɹɪd twɛnti ɛmdʒiː,1
robitussin dm,ɹɑːbaɪtʌsɪn diːɛm,robitussin me,ɹɑːbaɪtʌsɪn miː,1
valzepam,væltsɪpæm,vexepam,vɛksɪpæm,1
letrocord 25,lɛtɹəkɔːɹd twɛnti faɪv,letov 25,lɛɾɑːv twɛnti faɪv,1
ketoguard,kɛɾəgɑːɹd,ketorz,kɛɾɔːɹz,1
prolipidz,pɹɑːlɪpɪdz,trolip,tɹɑːlɪp,1
natrasol plus,nætɹɐsɑːl plʌs,natrasol,nætɹɐsɑːl,1
irbekon,ɜːbɛkən,irbenox,ɜːbənɑːks,1
njectzole,ɛndʒɛktsoʊl,metzole,mɛtsoʊl,1
minox 5,mɪnɑːks faɪv,alamin sn 5,ɐlæmɪn ɛsɛn faɪv,1
zenith,ziːnɪθ,azent,eɪzənt,1
rapidon,ɹæpɪdən,rapidol,ɹæpɪdɑːl,1
sevomond,sɛvɑːmənd,sevomed,sɛvəmd,1
telmiheart plus 925,tɛlmɪhɑːɹt plʌs naɪnhʌndɹɪd twɛnti faɪv,amlomel plus,æmloʊməl plʌs,1
ampisaph 500,æmpɪsæf faɪvhʌndɹɪd,azi 500,æzi faɪvhʌndɹɪd,1
multizine,mʌltɪziːn,metrizine,mɛtɹɪziːn,1
cafgard forte,kæfgɑːɹd fɔːɹɾeɪ,cifrem forte,sɪfɹəm fɔːɹɾeɪ,1
dexmer,dɛksmɚ,dexmedeton,dɛksmɪdɛtən,1
beztin,bɛztɪn,buztin,bʌztɪn,1
ponser,pɑːnsɚ,serc,sɜːk,1
clophen,klɑːfən,clofepen,kloʊfpən,1
risgen,ɹɪsdʒən,irigen,ɪɹaɪdʒən,1
glotoxan 1,glɑːɾɑːksən wʌn,glotoxan 500,glɑːɾɑːksən faɪvhʌndɹɪd,1
vizef,vaɪzəf,corvizem,kɔːɹvaɪzəm,1
glutarite,gluːɾɑːɹɹaɪt,glutabion,gluːɾɐbɪən,1
durazol,dʊɹɹɐzɑːl,urazole,jʊɹɹɐzoʊl,1
vitlex,vɪtlɛks,revitaplex,ɹɪvɪɾɐplɛks,1
tazastar 225,tæzɐstɑːɹ tuːhʌndɹɪd twɛnti faɪv,tazastar 45,tæzɐstɑːɹ fɔːɹɾi faɪv,1
propitaz iv,pɹəpɪɾæz ɹoʊmən fɔːɹ,onitaz,ɑːnɪtæz,1
clavoxsea 457,klævəkssiː fɔːɹhʌndɹɪd fɪfti sɛvən,clavoxsea 625,klævəkssiː sɪkshʌndɹɪd twɛnti faɪv,1
combe five,kəmɛ faɪv,combifen,kəmbaɪfən,1
vaxol,væksɑːl,paxol,pæksɑːl,1
sacriva 750,sækɹɪvə sɛvənhʌndɹɪd fɪfti,losacraft 50,lɑːsɐkɹæft fɪfti,1
clindavint,klɪndɐvɪnt,clindaxin,klɪndɐksɪn,1
extreme c,ɛkstɹiːm siː,extreme z,ɛkstɹiːm ziː,1
sunpant 40,sʌnpənt fɔːɹɾi,pantin 40,pæntɪn fɔːɹɾi,1
amloval 160 10,æmluːvəl wʌnhʌndɹɪd sɪksti tɛn,amlus 10,æmləs tɛn,1
pantazil,pæntɐzɪl,pantaz,pæntæz,1
sacriva 750,sækɹɪvə sɛvənhʌndɹɪd fɪfti,toriva 75,tɔːɹɪvə sɛvənti faɪv,1
telmiheart 40,tɛlmɪhɑːɹt fɔːɹɾi,olmax 40,ɑːlmæks fɔːɹɾi,1
dia bplex,daɪə biːplɛks,b plex,biː plɛks,1
glotoxan 1,glɑːɾɑːksən wʌn,doxan,dɑːksən,1
clariwin dt,klæɹɪwɪn diːtiː,clarion,klæɹiən,1
rinobact spray,ɹɪnəbækt spɹeɪ,rinobact p spray,ɹɪnəbækt piː spɹeɪ,1
candegen,kændɛdʒən,candifen,kændaɪfən,1
lifort,lɪfɔːɹt,medifortan,mɛdɪfɔːɹtən,1
prolipidz,pɹɑːlɪpɪdz,prolide,pɹɑːlaɪd,1
oxanova,ɑːksɐnoʊvə,laxanova,læksɐnoʊvə,1
dexmer,dɛksmɚ,dexameds,dɛkseɪmdz,1
dutasusaph,duːɾɐsuːsæf,duasaph,duːɐsæf,1
caxetil,kæksɪtɪl,axet,æksɪt,1
co amoxisaph 457,koʊ æməksɪsæf fɔːɹhʌndɹɪd fɪfti sɛvən,co amoxisaph 125,koʊ æməksɪsæf wʌnhʌndɹɪd twɛnti faɪv,1
cosimetz,kɑːsaɪməts,coximed,kɑːksaɪmd,1
boost,buːst,booster c,buːstɚ siː,1
febstat 40,fɛbstæt fɔːɹɾi,febsan 40,fɛbsən fɔːɹɾi,1
medivasc,mɛdɪvæsk,metovasc,mɛɾəvæsk,1
kogzib 60,kɑːgzɪb sɪksti,korzid,kɔːɹzɪd,1
novestrol,noʊvstɹɑːl,norvatrol,nɔːɹvɐtɹɑːl,1
laberfen,læbɚfən,larfen,lɑːɹfən,1
visiocare,vɪsɪɑːkɛɹ,vispocaf,vɪspəkæf,1
melifrin ds,mɛlɪfɹɪn diːɛs,melfor,mɛlfɚ,1
blirelin,blaɪɚlɪn,bliron,blaɪɚn,1
beztin,bɛztɪn,brestin,bɹɛstɪn,1
ivetra 100,aɪvtɹə wʌnhʌndɹɪd,ivetra 250,aɪvtɹə tuːhʌndɹɪd fɪfti,1
luotriaxone,ljuːətɹɪɐksoʊn,gotriaxone,gɑːtɹɪæksoʊn,1
losar 50,lɑːsɑːɹ fɪfti,duoglica plus 50 500,duːɑːglɪkə plʌs fɪfti faɪvhʌndɹɪd,1
nicardilex,nɪkɑːɹdaɪlɛks,nicardin,nɪkɑːɹdɪn,1
glurexa,glʊɹɹɛksə,glicarex,glɪkɛɹks,1
hema k,hɛmə keɪ,hemafer f,hɛmeɪfɚɹ ɛf,1
hikacure,hɪkɐkjʊɹ,tizacure 100,tɪzɐkjʊɹ wʌnhʌndɹɪd,1
acellbia,ɐsɛlbiə,celabin,sɛlɐbɪn,1
myelax,maɪɪlæks,mulax,mjʊlæks,1
tecum 003,tɛkəm ziəɹoʊziəɹoʊ θɹiː,rocum,ɹɑːkəm,1
dapzin m 5 forte,dæpzɪn ɛm faɪv fɔːɹɾeɪ,aml 5,æməl faɪv,1
torcand 8,tɔːɹkænd eɪt,torcand 32,tɔːɹkænd θɜːɾi tuː,1
ventcare,vɛntkɛɹ,ventar,vɛntɚ,1
carbosaph c500,kɑːɹbəsæf siː faɪvhʌndɹɪd,carbonish 150,kɑːɹbɑːnɪʃ wʌnhʌndɹɪd fɪfti,1
stanxime,stæŋksaɪm,stanis,stæniz,1
omecore,oʊmkɔːɹ,ometor,oʊmtɚ,1
zevelatab,zɛvɪlæɾæb,sevelasan,sɛvɪlæsən,1
kercip 400,kɜːsɪp fɔːɹhʌndɹɪd,vercin,vɜːsɪn,1
flulon,fluːlɑːn,fluocinolone acetonide,fljuːəsɪnəloʊn æsɪtɑːnaɪd,1
telsar 80,tɛlsɑːɹ eɪɾi,telsartin 80,tɛlsɑːɹtɪn eɪɾi,1
glutarite,gluːɾɑːɹɹaɪt,gluta iv,gluːɾɚ ɹoʊmən fɔːɹ,1
montelev,mɔntɪlɛv,montezel,mɔntɛzəl,1
affolac,ɐfɑːlæk,aflacin,ɐflæsɪn,1
hema k,hɛmə keɪ,hemamed plus,hɛmeɪmd plʌs,1
prolipidz,pɹɑːlɪpɪdz,liprol,lɪpɹɑːl,1
combifen,kəmbaɪfən,combigan,kəmbɪgən,1
rivanex 20,ɹɪveɪnɛks twɛnti,ranex,ɹeɪnɛks,1
retapenem,ɹɪteɪpnəm,retapentin,ɹɪɾeɪpɛntɪn,1
saphceetrate,sæfsiːtɹeɪt,saphcorzee forte,sæfkɔːɹziː fɔːɹɾeɪ,1
predixone,pɹiːdɪksoʊn,prednizole,pɹɪdnɪzoʊl,1
neurobiz,nʊɹɹəbɪz,neurovit,nʊɹɹəvɪt,1
berodual f udv,bɪɹɑːdʒuːəl ɛf ʌdv,ural,juːɚɹəl,1
saphceetrate,sæfsiːtɹeɪt,saphcee,sæfsiː,1
neuromard,nʊɹɹəmɑːɹd,neocard,niːoʊkɑːɹd,1
eye glo moist,aɪ gloʊ mɔɪst,eye glo relief,aɪ gloʊ ɹɪliːf,1
lexibase,lɛksɪbeɪs,lexib,lɛksɪb,1
medivasc,mɛdɪvæsk,metavasc,mɛɾəvæsk,1
adrepine,ɐdɹɛpaɪn,mardepine,mɑːɹdɪpaɪn,1
picinaf,pɪsɪnæf,mupicin,mjuːpɪsɪn,1
tigecid,taɪgɪsɪd,tigeclin,taɪgɪklɪn,1
o gold 20,oʊ goʊld twɛnti,o gold 40,oʊ goʊld fɔːɹɾi,1
sharjvax,ʃɑːɹdʒvæks,shaltrax,ʃæltɹæks,1
vistachlor,vɪstɐklɔːɹɚ,sustachlor,sʌstɐklɔːɹɚ,1
povistat,pɑːvɪstæt,rovista,ɹɑːvɪstə,1
cholsuvin,kɑːlsuːvɪn,cholib,kɑːlɪb,1
doctaxel,dɑːktæksəl,dolcetal,dɑːlsɛɾəl,1
param iv,pæɹəm ɹoʊmən fɔːɹ,parazar iv,pæɹəzɑːɹ ɹoʊmən fɔːɹ,1
felizen,fɛlɪzən,ferbizin,fɜːbɪzɪn,1
varivax,vɑːɹɹɪvæks,claribax,klæɹɪbæks,1
candegen,kændɛdʒən,cardigen,kɑːɹdaɪdʒən,1
esmazol,ɛsmɐzɑːl,epimazol,ɛpɪmæzɑːl,1
gasmodic,gæzmɑːdɪk,domic,dɑːmɪk,1
fusidasol,fjuːsɪdæsɑːl,fusid,fjuːsɪd,1
atracursaph,ætɹɐkɜːsæf,atracor,ætɹækɚ,1
rezotam,ɹɪzɑːɾæm,medzotam,mɛdzətæm,1
amphot,æmfɑːt,amphostal,æmfɑːstəl,1
capd dpca 3,kæpd diːpiːsiːeɪ θɹiː,capd dpca 17,kæpd diːpiːsiːeɪ sɛvəntiːn,1
myrevit,maɪɹɪvɪt,marvit,mɑːɹvɪt,1
endusol r,ɛnduːsɑːl ɑːɹ,duosol without potassium solution for haemofiltration,duːəsɑːl wɪðaʊt pətæsiəm səluːʃən fɔːɹ hiːməfɪltɹeɪʃən,1
flammasul,flæmæsəl,lamsul,læmsəl,1
gablin,gæblɪn,gablin plus,gæblɪn plʌs,1
myelax,maɪɪlæks,myelorex,maɪɪlɔːɹɛks,1
elmox cv 3125,ɛlmɑːks siːviː θɹiː θaʊzənd wʌnhʌndɹɪd twɛnti faɪv,elmox cv 2285,ɛlmɑːks siːviː tuː θaʊzənd tuːhʌndɹɪd eɪɾi faɪv,1
losar 50,lɑːsɑːɹ fɪfti,losaar 50,ləsɑːɹ fɪfti,1
medglor 90,mɛdʒlɚ naɪnti,sedlor,sɛdlɚ,1
ponser,pɑːnsɚ,onsetron,ɑːnsɪtɹɑːn,1
atracursaph,ætɹɐkɜːsæf,atracure,ætɹɐkjʊɹ,1
permetrizz,pɜːmɪtɹɪz,mperi,ɛmpɛɹi,1
piptazorixx,pɪptɐzɔːɹɪks,piotaz,pɪɑːɾæz,1
sharjvax,ʃɑːɹdʒvæks,varivax,vɑːɹɹɪvæks,1
rovix,ɹɑːvɪks,grovixin 625,gɹɑːvɪksɪn sɪkshʌndɹɪd twɛnti faɪv,1
rosubest 20,ɹɑːsuːbɪst twɛnti,rosubet 40,ɹɑːsuːbɪt fɔːɹɾi,1
pacitel 30,pæsɪɾəl θɜːɾi,pacitel 100,pæsɪɾəl wʌnhʌndɹɪd,1
rodazid,ɹɑːdɐzɪd,roxavid,ɹɑːksɐvɪd,1
pipercil 45,paɪpɚsəl fɔːɹɾi faɪv,piperacillin as sodium tazobactam as sodium,paɪpɹɐsɪlɪn æz soʊdiəm tæzəbæktæm æz soʊdiəm,1
salrite,sælɹaɪt,olrite,ɑːlɹaɪt,1
silrec 50,sɪlɹɛk fɪfti,metsaphtin 50 500,mɛtsɐftɪn fɪfti faɪvhʌndɹɪd,1
levollen,lɛvɑːlən,phenollen b500,fɛnoʊlən biː faɪvhʌndɹɪd,1
vibee,vɪbiː,vibert,vaɪbɜːt,1
vuznerv,vʌznɜːv,zinerve forte,zaɪnɚv fɔːɹɾeɪ,1
ketoran,kɛɾɔːɹən,ketorac,kɛɾɔːɹæk,1
felizen,fɛlɪzən,felizen ob,fɛlɪzən ɑːb,1
altussan,ɔːltʌsən,flustan,flʌstən,1
nicardilex,nɪkɑːɹdaɪlɛks,nicardimeds,nɪkɑːɹdaɪmdz,1
cosvit c plus,kɑːsvɪt siː plʌs,bamvit c,bæmvɪt siː,1
telsar 80,tɛlsɑːɹ eɪɾi,telmisar 80,tɛlmɪsɑːɹ eɪɾi,1
aspishield,æspɪʃiːld,shield,ʃiːld,1
vibee,vɪbiː,vitcee,vɪtsiː,1
finstal 1,fɪnstɔːl wʌn,piostal 15,pɪɑːstəl fɪftiːn,1
voltaren forte,voʊltæɹən fɔːɹɾeɪ,voltaren emulgel 12 hours,voʊltæɹən ɛmʌldʒəl twɛlv aʊɚz,1
sandostatin,sændəstætɪn,novastatin,noʊvəstætɪn,1
vibee,vɪbiː,vitzee,vɪtsiː,1
aviar,eɪvɪɑːɹ,avirin,ævɪɹɪn,1
flosazin,flɑːsɐzɪn,flamizin,flæmɪzɪn,1
robitussin dm,ɹɑːbaɪtʌsɪn diːɛm,robitussin dx,ɹɑːbaɪtʌsɪn diːɛks,1
silrec 50,sɪlɹɛk fɪfti,co zincretin 50 500,koʊ zɪŋkɹɪtɪn fɪfti faɪvhʌndɹɪd,1
insuget 70 30,ɪnsuːgɪt sɛvənti θɜːɾi,insuget n,ɪnsuːgɪt ɛn,1
enerstress,ɛnɚstɹəs,ventress,vɛntɹəs,1
riscare odt,ɹɪskɛɹ ɑːt,uricare,jʊɹɹɪkɛɹ,1
rifoxyn,ɹɪfəksɪn,rifoxib,ɹɪfəksɪb,1
conpanzole,kənpænzoʊl,panzole,pænzoʊl,1
optinova,ɑːptɪnoʊvə,toponova,tɑːpənoʊvə,1
neurobiz,nʊɹɹəbɪz,neorobia,niːoʊɹoʊbiə,1
berrydazole,bɛɹɪdæzoʊl,diazole,daɪəzoʊl,1
dypita 225,daɪpiːɾə tuːhʌndɹɪd twɛnti faɪv,avitam 225,ævɪtæm tuːhʌndɹɪd twɛnti faɪv,1
glutarite,gluːɾɑːɹɹaɪt,gentamite,dʒɛntɐmaɪt,1
clindacare,klɪndɐkɛɹ,clindacin,klɪndɐsɪn,1
gablin,gæblɪn,gabatin,gæbɐtɪn,1
losarkip 50,lɑːsɑːɹkɪp fɪfti,novasit m 50 1000,noʊvəsɪt ɛm fɪfti wʌn θaʊzənd,1
ivetra 100,aɪvtɹə wʌnhʌndɹɪd,nervepentin 100,nɜːvɪpɛntɪn wʌnhʌndɹɪd,1
moxclatab,mɑːksklɐtæb,calta,kɔltə,1
metocol,mɛɾəkɑːl,methocel,mɛθoʊsəl,1
natrasol plus,nætɹɐsɑːl plʌs,rapid c plus d200 mono,ɹæpɪd siː plʌs diː tuːhʌndɹɪd mɑːnoʊ,1
zevelatab,zɛvɪlæɾæb,zevas,zɛvəz,1
permetrizz,pɜːmɪtɹɪz,metris,mɛtɹɪs,1
varsa,vɑːɹsə,bicarsaph,baɪkɑːɹsæf,1
trixophin w,tɹɪksəfɪn dʌbəljuː,trixophin,tɹɪksəfɪn,1
dapzin m 5 forte,dæpzɪn ɛm faɪv fɔːɹɾeɪ,alodine 5,ɐlɑːdiːn faɪv,1
amgathran 150,æmgæθɹən wʌnhʌndɹɪd fɪfti,zithran,zɪθɹən,1
neurobiz,nʊɹɹəbɪz,neurobion,nʊɹɹoʊbɪən,1
puroxan,pjʊɹɹɑːksən,broxan,bɹɑːksən,1
rifoxyn,ɹɪfəksɪn,ricoxin,ɹɪkəksɪn,1
montelev,mɔntɪlɛv,montelast,mɔntɪlæst,1
giomox,dʒɪɑːmɑːks,imox,ɪmɑːks,1
clobesaph,kloʊbsæf,condesaph,kəndɛsæf,1
prohexon 300,pɹoʊhɛksən θɹiːhʌndɹɪd,hexolin 300,hɛksəlɪn θɹiːhʌndɹɪd,1
xeomin,zɪɑːmɪn,geomin,dʒiːoʊmɪn,1
cefkizon,sɛfkaɪzən,ceficzone,sɛfɪkzoʊn,1
ewel zee plus,juːəl ziː plʌs,ceelin plus chewables,siːlɪn plʌs tʃuːəbəlz,1
anb d5w,ænb diː faɪv dʌbəljuː,anb mannitol,ænb mænɪtɑːl,1
roysal,ɹɔɪsəl,ferosal,fəɹoʊzəl,1
myrevit,maɪɹɪvɪt,myrept,maɪɹɛpt,1
essentiale forte p,ɛsɛnʃəl fɔːɹɾeɪ piː,betrim forte,bɪtɹɪm fɔːɹɾeɪ,1
crezet,kɹɛzɪt,cerazette,sɛɹɐzɛt,1
neurocil,nʊɹɹəsɪl,neurocare plus,nʊɹɹəkɛɹ plʌs,1
cilvex,sɪlvɛks,escivex 10,ɛsɪvɛks tɛn,1
yulareb,juːlɛɹb,acoreb,ækəɹɛb,1
hepabil,hɛpɐbɪl,hepavir,hɛpɐvɪɹ,1
greenxime,gɹiːŋksaɪm,goxime,gɑːksaɪm,1
glucophage,gluːkɑːfɪdʒ,glimphage,glɪmfɪdʒ,1
melanov mr 30,mɛlɐnɑːv mɪstɚ θɜːɾi,meliane,mɛliən,1
finaplasia 1,faɪnɐpleɪʒə wʌn,castra 1,kæstɹə wʌn,1
thiamine mononitrate vit b pyridoxine hydrochloride vit b6 cyanocobalamin vit b12,θaɪəmaɪn mɑːnoʊnaɪtɹeɪt vɪt biː pɪɹɪdɑːksaɪn haɪdɹəklɔːɹaɪd vɪt biː sɪks saɪɐnɑːkəbælɐmɪn vɪt biː twɛlv,thiamine mononitrate vitamin b1 pyridoxine hydrochloride vitamin b6 cyanocobalamin vitamin b12,θaɪəmaɪn mɑːnoʊnaɪtɹeɪt vaɪɾəmɪn biː wʌn pɪɹɪdɑːksaɪn haɪdɹəklɔːɹaɪd vaɪɾəmɪn biː sɪks saɪɐnɑːkəbælɐmɪn vaɪɾəmɪn biː twɛlv,1
cefromaxil,sɛfɹəmæksɪl,cefroxil,sɛfɹəksɪl,1
riscare odt,ɹɪskɛɹ ɑːt,icare,aɪkɛɹ,1
albestan,ælbɪstɑːn,olmestan,ɑːlmɪstɑːn,1
kercip 400,kɜːsɪp fɔːɹhʌndɹɪd,rofcip,ɹɑːfsɪp,1
neurobiz,nʊɹɹəbɪz,neuroliz,nʊɹɹəlɪz,1
alprazitel,ælpɹeɪzɪɾəl,altrazide,ɔːltɹeɪzaɪd,1
clindacare,klɪndɐkɛɹ,clindabas,klɪndɑːbəz,1
zenith,ziːnɪθ,zenil,zɛnɪl,1
clonisaph 75,klɑːnɪsæf sɛvənti faɪv,clonisaph 150,klɑːnɪsæf wʌnhʌndɹɪd fɪfti,1
clariwin dt,klæɹɪwɪn diːtiː,clarimid,klæɹɪmɪd,1
glurexa,glʊɹɹɛksə,plurex,plʊɹɹɛks,1
affolac,ɐfɑːlæk,avolac,ævəlæk,1
tarka,tɑːɹkə,tartan 40,tɑːɹtən fɔːɹɾi,1
retapenem,ɹɪteɪpnəm,ertapenem as sodium,ɜːɾeɪpnəm æz soʊdiəm,1
ketoguard,kɛɾəgɑːɹd,ketogo,kɛtoʊgoʊ,1
celtere,kɛltɚ,celebrex,sɛlɪbɹɛks,1
fozal,foʊzəl,rhinozal plus,ɹaɪnɑːzəl plʌs,1
visiocare,vɪsɪɑːkɛɹ,vesicare,vɛsɪkɛɹ,1
iopamedix,aɪəpeɪmdɪks,maedix,miːdɪks,1
piptazorixx,pɪptɐzɔːɹɪks,piptaz,pɪptæz,1
blatin 50,bleɪtɪn fɪfti,metsaphtin 50 500,mɛtsɐftɪn fɪfti faɪvhʌndɹɪd,1
nicarfree,nɪkɑːɹfɹiː,nicarden,nɪkɑːɹdən,1
albestan,ælbɪstɑːn,bestatin,bɪstætɪn,1
mednosetron,mɛdnoʊstɹɑːn,hensetron,hɛnsɪtɹɑːn,1
letrocord 25,lɛtɹəkɔːɹd twɛnti faɪv,metrocor,mɛtɹɑːkɚ,1
rifelac,ɹaɪflæk,retalac,ɹɪtælæk,1
hizid,hɪzɪd,clizid,klɪzɪd,1
neopel,niːoʊpɛl,neopeptine,niːoʊpɛptiːn,1
atracursaph,ætɹɐkɜːsæf,atra cure,ætɹə kjʊɹ,1
lifemet,laɪfmɪt,lifedex,laɪfdɛks,1
finstal 1,fɪnstɔːl wʌn,fepimed 1 plus,fɛpaɪmd wʌn plʌs,1
clindacare,klɪndɐkɛɹ,clindacure,klɪndɐkjʊɹ,1
vildalion m 550,vɪldæliən ɛm faɪvhʌndɹɪd fɪfti,vildal,vɪldəl,1
anb d5w,ænb diː faɪv dʌbəljuː,multi ion mb in d5w,mʌltaɪ aɪɑːn ɛmbiː ɪn diː faɪv dʌbəljuː,1
neopel,niːoʊpɛl,mepel,mɛpɛl,1
essencia maravillosa,ɛsɛnʃə mæɹɐvɪloʊsə,essencee,ɛsənsiː,1
voltaren forte,voʊltæɹən fɔːɹɾeɪ,volt,voʊlt,1
hema k,hɛmə keɪ,hemavin ob,hɛmɐvɪn ɑːb,1
lifort,lɪfɔːɹt,elicort,ɪlɪkɔːɹt,1
greenxime,gɹiːŋksaɪm,geoxime,dʒiːoʊksaɪm,1
berrydazole,bɛɹɪdæzoʊl,anazole,ænɐzoʊl,1
tarka,tɑːɹkə,trekal,tɹɛkəl,1
adrepine,ɐdɹɛpaɪn,adrenin,ɐdɹɛnɪn,1
nicarfree,nɪkɑːɹfɹiː,nicarpure,nɪkɑːɹpjʊɹ,1
biposaph g10,baɪpɑːsæf dʒiː tɛn,biosaph,baɪoʊsæf,1
vildalion m 550,vɪldæliən ɛm faɪvhʌndɹɪd fɪfti,vildalion m 900,vɪldæliən ɛm naɪnhʌndɹɪd,1
propitaz iv,pɹəpɪɾæz ɹoʊmən fɔːɹ,japitaz,dʒæpɪtæz,1
neurobiz,nʊɹɹəbɪz,neorobic,niːoʊɹoʊbɪk,1
clindamycin as hydrochloride,klɪndɐmaɪsɪn æz haɪdɹəklɔːɹaɪd,piperacillin as sodium tazobactam as sodium,paɪpɹɐsɪlɪn æz soʊdiəm tæzəbæktæm æz soʊdiəm,1
bepsar,bɛpsɑːɹ,ambesar prime,æmbɪsɑːɹ pɹaɪm,1
alkacit,ælkɐsɪt,blokacid,blɑːkɐsɪd,1
ramitob,ɹæmɪtɑːb,ramavit,ɹæmɐvɪt,1
vistachlor,vɪstɐklɔːɹɚ,vistaflox,vɪstɐflɑːks,1
salveo odt,sælvɪoʊ ɑːt,salbo,sælboʊ,1
torcand 8,tɔːɹkænd eɪt,toricard 5,tɔːɹɪkɑːɹd faɪv,1
ramitob,ɹæmɪtɑːb,tramicet,tɹæmɪsɪt,1
ventcare,vɛntkɛɹ,venacare,vɛnɐkɛɹ,1
clonisaph 75,klɑːnɪsæf sɛvənti faɪv,clonisaph inf,klɑːnɪsæf ɪnf,1
carbosaph c500,kɑːɹbəsæf siː faɪvhʌndɹɪd,carbonish 450,kɑːɹbɑːnɪʃ fɔːɹhʌndɹɪd fɪfti,1
amloval 160 10,æmluːvəl wʌnhʌndɹɪd sɪksti tɛn,amlovart 160 10,æmləvɑːɹt wʌnhʌndɹɪd sɪksti tɛn,1
propitaz iv,pɹəpɪɾæz ɹoʊmən fɔːɹ,propix,pɹəpɪks,1
diquas,dɪkwəz,duasaph 450,duːɐsæf fɔːɹhʌndɹɪd fɪfti,1
gerdsol,dʒɜːdsɑːl,ferosol,fɛɹəsɑːl,1
varsa,vɑːɹsə,varoxa,væɹɑːksə,1
telmiheart plus 925,tɛlmɪhɑːɹt plʌs naɪnhʌndɹɪd twɛnti faɪv,telmiheart plus 525,tɛlmɪhɑːɹt plʌs faɪvhʌndɹɪd twɛnti faɪv,1
cosvit c plus,kɑːsvɪt siː plʌs,cosvit c,kɑːsvɪt siː,1
axonedu,æksoʊnduː,sanaxone 1000,sænɐksoʊn wʌn θaʊzənd,1
paranat,pæɹənæt,paratam,pæɹətæm,1
metfor pr 1000,mɛtfɚ piːɑːɹ wʌn θaʊzənd,metform,mɛtfɔːɹm,1
doctaxel,dɑːktæksəl,ocetax,oʊstæks,1
insuljack r,ɪnsʌldʒæk ɑːɹ,insulyf r regular,ɪnsuːlɪf ɑːɹ ɹɛgjʊlɚ,1
predfirst,pɹɪdfɜːst,pred 1,pɹɛd wʌn,1
tioconazole tinidazole,tɪɑːkənæzoʊl tɪnɪdæzoʊl,gonidazole,gɑːnɪdæzoʊl,1
co amoxisaph 457,koʊ æməksɪsæf fɔːɹhʌndɹɪd fɪfti sɛvən,moxisaph,mɑːksɪsæf,1
maxidine,mæksɪdiːn,raxidine,ɹæksɪdiːn,1
enerflow,ɛnɚfloʊ,e flo,iː floʊ,1
praxolin 150,pɹæksəlɪn wʌnhʌndɹɪd fɪfti,praxol,pɹæksɑːl,1
alkacit,ælkɐsɪt,faracit,fæɹɐsɪt,1
rovix,ɹɑːvɪks,provex,pɹuːvɛks,1
eye glo moist,aɪ gloʊ mɔɪst,eye glo regular,aɪ gloʊ ɹɛgjʊlɚ,1
cosvit c plus,kɑːsvɪt siː plʌs,ascorb c,ɐskɔːɹb siː,1
praxolin 150,pɹæksəlɪn wʌnhʌndɹɪd fɪfti,praxolin 75,pɹæksəlɪn sɛvənti faɪv,1
elmox cv 3125,ɛlmɑːks siːviː θɹiː θaʊzənd wʌnhʌndɹɪd twɛnti faɪv,elmox 500,ɛlmɑːks faɪvhʌndɹɪd,1
halonol,heɪlənɑːl,halomood,heɪləmuːd,1
dolan fp,dɑːlæn ɛfpiː,dolcap,dɑːlkæp,1
dicloxiri,dɪkləksiəɹi,diclon,dɪklɑːn,1
teli 80,tɛli eɪɾi,teli 40,tɛli fɔːɹɾi,1
sethair duo,sɛɾaɪɚ duːoʊ,faseth,feɪsəθ,1
cholsuvin,kɑːlsuːvɪn,cholinerv,kɑːlɪnɜːv,1
lifemet,laɪfmɪt,rifemetrin,ɹaɪfmɪtɹɪn,1
uricobles 40,jʊɹɹɪkɑːbəlz fɔːɹɾi,cosec 40,koʊsɛk fɔːɹɾi,1
cartine,kɑːɹtiːn,cardin,kɑːɹdɪn,1
robitussin dm,ɹɑːbaɪtʌsɪn diːɛm,robitussin ex,ɹɑːbaɪtʌsɪn ɛks,1
telsar 80,tɛlsɑːɹ eɪɾi,telsar 40,tɛlsɑːɹ fɔːɹɾi,1
oranair plus,ɔːɹɐnɛɹ plʌs,oranair,ɔːɹɐnɛɹ,1
moxclatab,mɑːksklɐtæb,caltab,kɔltæb,1
ikshatob,ɪkʃɐtɑːb,iksharti,ɪkʃɑːɹɾi,1
blirelin,blaɪɚlɪn,blicarpine,blɪkɑːɹpaɪn,1
vilomet 500,vaɪlɑːmɪt faɪvhʌndɹɪd,philmet 500,fɪlmɪt faɪvhʌndɹɪd,1
ciprophil,sɪpɹəfɪl,zithrophil,zɪθɹəfɪl,1
femostal 20,fɛmoʊstəl twɛnti,ecosta,iːkoʊstə,1
asconzee,ɐskɑːnziː,ascof,ɐskɑːf,1
clavoxsea 457,klævəkssiː fɔːɹhʌndɹɪd fɪfti sɛvən,clavoxsea 1000,klævəkssiː wʌn θaʊzənd,1
corvizem,kɔːɹvaɪzəm,corbizee,kɔːɹbɪziː,1
anb d5w,ænb diː faɪv dʌbəljuː,anb,ænb,1
welltrate,wɛltɹeɪt,imwell,ɪmwɛl,1
ferrqure,fɛrkwɚɹə,curel,kjʊɹɹəl,1
cizolin,sɪzəlɪn,phizolin,fɪzəlɪn,1
minox 5,mɪnɑːks faɪv,inox,ɪnɑːks,1
clobesaph,kloʊbsæf,s clobe,ɛs kloʊb,1
dicloxiri,dɪkləksiəɹi,diclox,dɪklɑːks,1
tenol,tɛnɑːl,tenormin,tɛnɔːɹmɪn,1
cholsuvin,kɑːlsuːvɪn,choicesulin,tʃɔɪssuːlɪn,1
ketoran,kɛɾɔːɹən,ketosan,kɛɾɑːsən,1
gozol iv,gɑːzɑːl ɹoʊmən fɔːɹ,gotazo iv,gətɑːzoʊ ɹoʊmən fɔːɹ,1
febsan 120,fɛbsən wʌnhʌndɹɪd twɛnti,febsan 80,fɛbsən eɪɾi,1
zenith,ziːnɪθ,genzith,dʒɛnzɪθ,1
kogzib 60,kɑːgzɪb sɪksti,ethezib 60,iːθɪzɪb sɪksti,1
chiamin s,tʃaɪəmɪn ɛs,kremil s advance,kɹɛmɪl ɛs ɐdvæns,1
hidrasec,hɪdɹeɪsək,hydrafen,haɪdɹeɪfən,1
ivetra 100,aɪvtɹə wʌnhʌndɹɪd,ivetra 1000,aɪvtɹə wʌn θaʊzənd,1
febstat 40,fɛbstæt fɔːɹɾi,esomeprasaph 40,ɛsoʊmpɹæsæf fɔːɹɾi,1
hemosdin,hiːməsdɪn,isdin,ɪsdɪn,1
sitplixin 100,sɪtplɪksɪn wʌnhʌndɹɪd,eploxin 100,ɛpləksɪn wʌnhʌndɹɪd,1
visiocare,vɪsɪɑːkɛɹ,vispocef,vɪspoʊsəf,1
moxclatab,mɑːksklɐtæb,amoxilab,æməksɪlæb,1
novestrol,noʊvstɹɑːl,noveron,noʊvɚɹən,1
ikshatob,ɪkʃɐtɑːb,dikshamin,dɪkʃɐmɪn,1
nivicof,nɪvɪkɑːf,ranivic,ɹænɪvɪk,1
gloww e,gloʊwə iː,flow,floʊ,1
asconzee,ɐskɑːnziː,scorbzee,skɔːɹbziː,1
dicloxiri,dɪkləksiəɹi,clox,klɑːks,1
torcand 8,tɔːɹkænd eɪt,atorcad,æɾɔːɹkæd,1
trixophin w,tɹɪksəfɪn dʌbəljuː,triophil,tɹaɪəfɪl,1
acellbia,ɐsɛlbiə,aceclav,ɐsɛklæv,1
diquas,dɪkwəz,dictas,dɪktəz,1
saphtriaxone sb,sæftɹɪæksoʊn ɛsbiː,triaxone,tɹaɪɐksoʊn,1
ledrocid,lɛdɹəsɪd,edroxid,ɛdɹəksɪd,1
tigecid,taɪgɪsɪd,vigocid,vɪgəsɪd,1
acellbia,ɐsɛlbiə,calubia,kæluːbiə,1
saphcisin 100,sæfsɪsɪn wʌnhʌndɹɪd,saphcisin 500,sæfsɪsɪn faɪvhʌndɹɪd,1
iztam 45,ɪztæm fɔːɹɾi faɪv,ztam,ziːtæm,1
gascopan,gæskəpæn,proscopan,pɹəskɑːpæn,1
veeta,viːɾə,ventam,vɛntæm,1
ledrocid,lɛdɹəsɪd,zoldrocid,zoʊldɹəsɪd,1
efergen,ɛfɚdʒən,eferin,ɛfɚɹɪn,1
gentagem,dʒɛnteɪdʒəm,gentamite,dʒɛntɐmaɪt,1
cosvit c plus,kɑːsvɪt siː plʌs,asco c,ɐskoʊ siː,1
carbosaph c500,kɑːɹbəsæf siː faɪvhʌndɹɪd,carbosaph 125,kɑːɹbəsæf wʌnhʌndɹɪd twɛnti faɪv,1
cloxin,klɑːksɪn,cloxacin,klɑːksɐsɪn,1
pantrex,pæntɹɛks,pantotrek,pæntətɹɛk,1
trixophin w,tɹɪksəfɪn dʌbəljuː,rixo,ɹɪksoʊ,1
telsar 80,tɛlsɑːɹ eɪɾi,telstar 80,tɛlstɑːɹ eɪɾi,1
normglubin,nɔːɹmgluːbɪn,normax,nɔːɹmæks,1
losar 50,lɑːsɑːɹ fɪfti,losan 50,lɑːsən fɪfti,1
febuhil,fɛbjuːhɪl,feburic,fɛbɛɹɪk,1
oxanova,ɑːksɐnoʊvə,moxinova cv,mɑːksɪnoʊvə siːviː,1
diquas,dɪkwəz,diasar,daɪəsɑːɹ,1
macromycin,mækɹəmaɪsɪn,mycin,maɪsɪn,1
myrevit,maɪɹɪvɪt,revite,ɹɪvaɪt,1
thiamine mononitrate vit b pyridoxine hydrochloride vit b6 cyanocobalamin vit b12,θaɪəmaɪn mɑːnoʊnaɪtɹeɪt vɪt biː pɪɹɪdɑːksaɪn haɪdɹəklɔːɹaɪd vɪt biː sɪks saɪɐnɑːkəbælɐmɪn vɪt biː twɛlv,thiamine mononitrate vitamin b pyridoxine hydrochloride vitamin b6 cyanocobalamin vitamin b12,θaɪəmaɪn mɑːnoʊnaɪtɹeɪt vaɪɾəmɪn biː pɪɹɪdɑːksaɪn haɪdɹəklɔːɹaɪd vaɪɾəmɪn biː sɪks saɪɐnɑːkəbælɐmɪn vaɪɾəmɪn biː twɛlv,1
sitplixin 100,sɪtplɪksɪn wʌnhʌndɹɪd,sitatin 100,sɪɾɐtɪn wʌnhʌndɹɪd,1
asmagen,ɐsmeɪdʒən,asmalex,ɐsmeɪlɛks,1
hepabil,hɛpɐbɪl,hepnil,hɛpnɪl,1
paratuss,pæɹətʌs,parastar 500,pæɹəstɑːɹ faɪvhʌndɹɪd,1
doctaxel,dɑːktæksəl,docetaze,doʊsteɪz,1
paulonorest,pɔːlənɔːɹst,palnostar,pælnəstɑːɹ,1
pocym 250,pɑːsɪm tuːhʌndɹɪd fɪfti,ponstan sf 250,pɑːnstən ɛsɛf tuːhʌndɹɪd fɪfti,1
ephalox,ɛfɐlɑːks,eploxin 100,ɛpləksɪn wʌnhʌndɹɪd,1
coglitazone 30,kɑːglɪtæzoʊn θɜːɾi,goclaz 30,gɑːklæz θɜːɾi,1
gloww e,gloʊwə iː,gowell c plus,gaʊɛl siː plʌs,1
clindavint,klɪndɐvɪnt,clindacin,klɪndɐsɪn,1
iztam 45,ɪztæm fɔːɹɾi faɪv,aezitam 45,iːzɪtæm fɔːɹɾi faɪv,1
ephalox,ɛfɐlɑːks,omefhalox,oʊmfhɐlɑːks,1
robitussin sinus relief,ɹɑːbaɪtʌsɪn saɪnəs ɹɪliːf,robitussin ex,ɹɑːbaɪtʌsɪn ɛks,1
hemosdin,hiːməsdɪn,hemostan,hiːmoʊstɑːn,1
omepracent 40,oʊmpɹeɪsənt fɔːɹɾi,estan 40,ɛstən fɔːɹɾi,1
enerstress,ɛnɚstɹəs,stresstabs energy men,stɹɛstæbz ɛnɚdʒi mɛn,1
chiamin s,tʃaɪəmɪn ɛs,kremil s cool relief,kɹɛmɪl ɛs kuːl ɹɪliːf,1
essentiale forte p,ɛsɛnʃəl fɔːɹɾeɪ piː,b forte,biː fɔːɹɾeɪ,1
zoledius 4,zoʊldɪəs fɔːɹ,zolemi 4,zoʊlmi fɔːɹ,1
ezomephil,ɛzoʊmfɪl,omephil 20,oʊmfɪl twɛnti,1
bucligen,bʌklaɪdʒən,clonigen,klɑːnaɪdʒən,1
rapid c plus d1000,ɹæpɪd siː plʌs diː wʌn θaʊzənd,rapid c plus d,ɹæpɪd siː plʌs diː,1
lexibase,lɛksɪbeɪs,lexyr,lɛksɚ,1
ivapro 5,ɪvæpɹoʊ faɪv,amapine v 5 160,æmɐpaɪn viː faɪv wʌnhʌndɹɪd sɪksti,1
hepabil,hɛpɐbɪl,hepavid,hɛpɐvɪd,1
ciprodin fc,sɪpɹədɪn ɛfsiː,ciproden,sɪpɹoʊdən,1
clindamycin as hydrochloride,klɪndɐmaɪsɪn æz haɪdɹəklɔːɹaɪd,piperacillin as sodium tazobactamas sodium,paɪpɹɐsɪlɪn æz soʊdiəm tæzəbɐktɑːməz soʊdiəm,1
omepors,oʊmpɚz,omephar,oʊmfɑːɹ,1
thiamine mononitrate vit b pyridoxine hydrochloride vit b6 cyanocobalamin vit b12,θaɪəmaɪn mɑːnoʊnaɪtɹeɪt vɪt biː pɪɹɪdɑːksaɪn haɪdɹəklɔːɹaɪd vɪt biː sɪks saɪɐnɑːkəbælɐmɪn vɪt biː twɛlv,b 12 ankermann,biː twɛlv æŋkɚmən,1
sunpant 40,sʌnpənt fɔːɹɾi,pantid 40,pæntɪd fɔːɹɾi,1
cutasept f colorless,kjuːɾeɪsəpt ɛf kʌlɚləs,hepatis f,hɛpɑːɾiz ɛf,1
varsa,vɑːɹsə,balversa,bælvɚsə,1
oxanova,ɑːksɐnoʊvə,floxanova 500,flɑːksɐnoʊvə faɪvhʌndɹɪd,1
pipercil 45,paɪpɚsəl fɔːɹɾi faɪv,pipercil 225,paɪpɚsəl tuːhʌndɹɪd twɛnti faɪv,1
aizerone,aɪzɚɹoʊn,zerone,ziəɹoʊn,1
bepsar,bɛpsɑːɹ,besarth plus,bɪsɑːɹθ plʌs,1
allase,æleɪz,allurase,ɐlʊɹɹeɪz,1
candegen,kændɛdʒən,candez,kændɛz,1
essencia maravillosa,ɛsɛnʃə mæɹɐvɪloʊsə,essencap,ɛsəŋkæp,1
qualcet,kwɔlsɪt,qualizef,kwɔlaɪzəf,1
celeb 200,sɛlɛb tuːhʌndɹɪd,celence 200,sɛləns tuːhʌndɹɪd,1
uricobles 40,jʊɹɹɪkɑːbəlz fɔːɹɾi,noric 40,nɔːɹɪk fɔːɹɾi,1
cosvit c plus,kɑːsvɪt siː plʌs,azcor c,æzkɚ siː,1
clariwin dt,klæɹɪwɪn diːtiː,claribid,klæɹɪbɪd,1
zoledius 4,zoʊldɪəs fɔːɹ,zoled,zoʊld,1
clavorilz,klævɔːɹɪlz,clavoxel,klævɑːksəl,1
colchicine,kɑːltʃɪsiːn,cocine,kɑːsiːn,1
perazovic,pɛɹɐzɑːvɪk,perzo,pɜːzoʊ,1
dia bplex,daɪə biːplɛks,bilex,baɪlɛks,1
beztin,bɛztɪn,bezolin,bɛzəlɪn,1
teli 80,tɛli eɪɾi,2tel 80,tuː tɛl eɪɾi,1
allutamide,ɐluːɾɐmaɪd,bicalutamide,baɪkæluːtæmaɪd,1
ketoran,kɛɾɔːɹən,ketoman,kɛɾɑːmən,1
sunpant 40,sʌnpənt fɔːɹɾi,telmisur hct 40,tɛlmɪsɜːɹ eɪtʃsiːtiː fɔːɹɾi,1
clottam,klɑːɾæm,ciflotram,sɪflətɹæm,1
myelax,maɪɪlæks,muskelax,mʌskɪlæks,1
magnilek,mægnaɪlək,magniferron fa,mægnɪfɛɹən fɑː,1
finzant,fɪnzənt,finar,faɪnɑːɹ,1
esonex iv,ɛsoʊnɛks ɹoʊmən fɔːɹ,esomax iv,ɛsəmæks ɹoʊmən fɔːɹ,1
vistachlor,vɪstɐklɔːɹɚ,histacort,hɪstɐkɔːɹt,1
ascorp cee,ɐskɔːɹp siː,ascof,ɐskɑːf,1
bucligen,bʌklaɪdʒən,betclogen,bɛtklədʒən,1
corvizem,kɔːɹvaɪzəm,corbizee d3500,kɔːɹbɪziː diː θɹiː θaʊzənd faɪvhʌndɹɪd,1
hidrasec,hɪdɹeɪsək,rasec,ɹeɪsək,1
adrepine,ɐdɹɛpaɪn,atorpine,æɾɔːɹpaɪn,1
moxidin,mɑːksɪdɪn,moxiden,mɑːksaɪdən,1
paulonorest,pɔːlənɔːɹst,virest,vaɪɚst,1
satcapto 25,sætkæptoʊ twɛnti faɪv,captor 25,kæptɚ twɛnti faɪv,1
migco,mɪgkoʊ,micor,mɪkɚ,1
anarom,ænɐɹɑːm,anazo,ænɑːzoʊ,1
aritero 5,æɹɪtɛɹoʊ faɪv,biozart duo 50 5,baɪoʊzɑːɹt duːoʊ fɪfti faɪv,1
flulon,fluːlɑːn,flutilon,fluːɾɪlən,1
tecum 003,tɛkəm ziəɹoʊziəɹoʊ θɹiː,clotec,kloʊɾək,1
gozol iv,gɑːzɑːl ɹoʊmən fɔːɹ,altozol iv,æltəzɑːl ɹoʊmən fɔːɹ,1
insuljack r,ɪnsʌldʒæk ɑːɹ,insuljack n,ɪnsʌldʒæk ɛn,1
tenol,tɛnɑːl,tenolon,tɛnɑːlən,1
imbruvica,ɪmbɹuːvɪkə,imreb,ɪmɹɛb,1
robitussin sinus relief,ɹɑːbaɪtʌsɪn saɪnəs ɹɪliːf,robitussin me,ɹɑːbaɪtʌsɪn miː,1
suncetin tab,sʌnsɪtɪn tæb,suncetin iv,sʌnsɪtɪn ɹoʊmən fɔːɹ,1
bersevel,bɚsɛvəl,renvela,ɹɛnvɛlə,1
aritero 5,æɹɪtɛɹoʊ faɪv,gliflomet 1000 5,glɪflɑːmɪt wʌn θaʊzənd faɪv,1
dexmer,dɛksmɚ,dexamethasone,dɛksɐmɛθɐsoʊn,1
bucligen,bʌklaɪdʒən,butagen,bjuːɾədʒən,1
torcand 8,tɔːɹkænd eɪt,candego 8,kændiːgoʊ eɪt,1
rabaphen,ɹæbæfən,orapen,ɔːɹeɪpən,1
arpipo,ɑːɹpɪpoʊ,aripraz 10,æɹɪpɹæz tɛn,1
nicardilex,nɪkɑːɹdaɪlɛks,nicardia,nɪkɑːɹdiə,1
clariwin dt,klæɹɪwɪn diːtiː,clariwi,klæɹɪwi,1
aubrex,ɔːbɹɛks,obrex,ɑːbɹɛks,1
domperone,dɑːmpɚɹoʊn,dompedone,dɑːmpɪdoʊn,1
o gold 20,oʊ goʊld twɛnti,gold zs,goʊld ziːɛs,1
sorbance 5,sɔːɹbəns faɪv,sorbance 10,sɔːɹbəns tɛn,1
cartine,kɑːɹtiːn,carin,kæɹɪn,1
curocent,kjʊɹɹoʊsənt,rocef,ɹoʊsəf,1
enerflow,ɛnɚfloʊ,enervon,ɛnɚvən,1
kephazon s q,kɛfeɪzən ɛs kjuː,cefxon s,sɛfksən ɛs,1
st martin,sənt mɑːɹtɪn,somaritin,sɑːmɐɹɪtɪn,1
puroxan,pjʊɹɹɑːksən,puroxel,pjʊɹɹɑːksəl,1
finzant,fɪnzənt,finaplasia 5,faɪnɐpleɪʒə faɪv,1
gloww e,gloʊwə iː,eye glo regular,aɪ gloʊ ɹɛgjʊlɚ,1
altussan,ɔːltʌsən,dynatussin,daɪnɐtʌsɪn,1
ferrqure,fɛrkwɚɹə,ferricore,fɛɹɪkɔːɹ,1
robitussin sinus relief,ɹɑːbaɪtʌsɪn saɪnəs ɹɪliːf,robitussin,ɹɑːbaɪtʌsɪn,1
oranair plus,ɔːɹɐnɛɹ plʌs,arb plus,ɑːɹb plʌs,1
natrasol plus,nætɹɐsɑːl plʌs,natures plus baby plex,neɪtʃɚz plʌs beɪbi plɛks,1
rifoxyn,ɹɪfəksɪn,rifoxane,ɹɪfəkseɪn,1
glixa,glɪksə,celixa 400,sɛlɪksə fɔːɹhʌndɹɪd,1
pacitel 30,pæsɪɾəl θɜːɾi,aclitel,ɐklɪɾəl,1
bucligen,bʌklaɪdʒən,buclimin,bʌklaɪmɪn,1
izon,aɪzɑːn,sizonil 100,saɪzənɪl wʌnhʌndɹɪd,1
arpipo,ɑːɹpɪpoʊ,aspipro,æspɪpɹoʊ,1
mednosetron,mɛdnoʊstɹɑːn,asetron,æsɪtɹɑːn,1
aviar,eɪvɪɑːɹ,avsar,ævsɑːɹ,1
anarom,ænɐɹɑːm,anatero,ænɐtɛɹoʊ,1
maricoxia 90,mæɹɪkɑːksiə naɪnti,ecoxia 90,ɛkɑːksiə naɪnti,1
macromycin,mækɹəmaɪsɪn,euromycin,jʊɹɹoʊmaɪsɪn,1
esmazol,ɛsmɐzɑːl,kemazol,kɛmɐzɑːl,1
cloxin,klɑːksɪn,cloxina,klɑːksɪnə,1
rabaphen,ɹæbæfən,rabem,ɹeɪbəm,1
rahika,ɹæhɪkə,zanika,zænɪkə,1
stanxime,stæŋksaɪm,stanxib,stæŋksɪb,1
risgen,ɹɪsdʒən,arigen,æɹaɪdʒən,1
pocym 250,pɑːsɪm tuːhʌndɹɪd fɪfti,cylocortix 250,saɪləkɔːɹɾɪks tuːhʌndɹɪd fɪfti,1
neurocil,nʊɹɹəsɪl,neurovit,nʊɹɹəvɪt,1
rainoxone,ɹeɪnəksoʊn,ginox,dʒɪnɑːks,1
yulareb,juːlɛɹb,telarb plus,tɛlɑːɹb plʌs,1
bruhep,bɹuːhɛp,bruprim ds,bɹʌpɹɪm diːɛs,1
actyl 100,æktaɪl wʌnhʌndɹɪd,acteinsaph 100,ækteɪnsæf wʌnhʌndɹɪd,1
dota plus,doʊɾə plʌs,c vita zn plus d3,siː viːɾə ziːɛn plʌs diː θɹiː,1
param iv,pæɹəm ɹoʊmən fɔːɹ,para iv,pæɹɚ ɹoʊmən fɔːɹ,1
predfirst,pɹɪdfɜːst,pred forte,pɹɛd fɔːɹɾeɪ,1
rodazid,ɹɑːdɐzɪd,redacid,ɹɪdæsɪd,1
dsinfex,diːsɪnfɛks,infexin,ɪnfɛksɪn,1
magnilek,mægnaɪlək,magnefix,mægnɪfɪks,1
robitussin sinus relief,ɹɑːbaɪtʌsɪn saɪnəs ɹɪliːf,robitussin dm,ɹɑːbaɪtʌsɪn diːɛm,1
theoroxime 750,θiəɹəksaɪm sɛvənhʌndɹɪd fɪfti,theoroxime 500,θiəɹəksaɪm faɪvhʌndɹɪd,1
gascopan,gæskəpæn,buscopan,bʌskəpæn,1
glucophage,gluːkɑːfɪdʒ,glucovance,gluːkɑːvəns,1
asconzee,ɐskɑːnziː,asconvitazin,ɐskɑːnvɪtæzɪn,1
affolac,ɐfɑːlæk,affoline,ɐfɑːliːn,1
ramitob,ɹæmɪtɑːb,lamitor 100,læmɪɾɚ wʌnhʌndɹɪd,1
vaxol,væksɑːl,caxol,kæksɑːl,1
axonedu,æksoʊnduː,alixone,ælɪksoʊn,1
dolan fp,dɑːlæn ɛfpiː,doxan,dɑːksən,1
telmiheart plus 925,tɛlmɪhɑːɹt plʌs naɪnhʌndɹɪd twɛnti faɪv,alma plus,ɔlmə plʌs,1
nirsaph 600,nɜːsæf sɪkshʌndɹɪd,nirva,nɜːvə,1
menquadfi,mɛŋkwɑːdfi,imiquad,ɪmɪkwɑːd,1
finstal 1,fɪnstɔːl wʌn,tral,tɹæl,1
panadene,pænɐdiːn,paragen,pæɹədʒən,1
sanzepir 50,sænzɪpɪɹ fɪfti,sitazit mp 50 500,sɪɾɐzɪt ɛmpiː fɪfti faɪvhʌndɹɪd,1
herperax,hɜːpɚɹæks,heprabica 1000,hɛpɹæbɪkə wʌn θaʊzənd,1
coughsaph 1,kɔfsæf wʌn,rosusaph 10,ɹɑːsuːsæf tɛn,1
clophen,klɑːfən,clocephen,kloʊsfən,1
bomozid,bɑːməzɪd,omezid,oʊmzɪd,1
c flam,siː flæm,ad c plus,æd siː plʌs,1
adrepine,ɐdɹɛpaɪn,acedrine,ɐsɛdɹiːn,1
levollen,lɛvɑːlən,levogen,lɛvədʒən,1
veeta,viːɾə,ventar,vɛntɚ,1
ewel zee plus,juːəl ziː plʌs,kidimeed c plus drops,kɪdɪmiːd siː plʌs dɹɑːps,1
halonol,heɪlənɑːl,hansol,hænsɑːl,1
tracrium,tɹækɹiəm,atracor,ætɹækɚ,1
silrec 50,sɪlɹɛk fɪfti,novasit m 50 500,noʊvəsɪt ɛm fɪfti faɪvhʌndɹɪd,1
carbosaph c500,kɑːɹbəsæf siː faɪvhʌndɹɪd,clarisaph 500,klæɹɪsæf faɪvhʌndɹɪd,1
amloval 160 10,æmluːvəl wʌnhʌndɹɪd sɪksti tɛn,aml 10,æməl tɛn,1
kephazon s q,kɛfeɪzən ɛs kjuː,diquas s,dɪkwəz ɛs,1
blirelin,blaɪɚlɪn,zelin,zɛlɪn,1
clindamycin as hydrochloride,klɪndɐmaɪsɪn æz haɪdɹəklɔːɹaɪd,clindal,klɪndəl,1
aviar,eɪvɪɑːɹ,avarin,ævɚɹɪn,1
easyef,iːzɪɛf,easekin,iːskɪn,1
essencia maravillosa,ɛsɛnʃə mæɹɐvɪloʊsə,solosa,səloʊsə,1
st martin,sənt mɑːɹtɪn,carin,kæɹɪn,1
sunpant 40,sʌnpənt fɔːɹɾi,pantolev plus 40,pæntoʊləv plʌs fɔːɹɾi,1
qualcet,kwɔlsɪt,quadcef 500,kwɑːdsɛf faɪvhʌndɹɪd,1
zitabin 1000,zɪɾɐbɪn wʌn θaʊzənd,getabin 1000,gɛɾɐbɪn wʌn θaʊzənd,1
neuromard,nʊɹɹəmɑːɹd,neuromet,nʊɹɹɑːmɪt,1
actyl 100,æktaɪl wʌnhʌndɹɪd,clitaxsaph 100,klɪɾɐkssæf wʌnhʌndɹɪd,1
lifort,lɪfɔːɹt,clorifort,klɔːɹɪfɔːɹt,1
beztin,bɛztɪn,betzine,bɛtsiːn,1
cloxin,klɑːksɪn,cloxid,klɑːksɪd,1
exerta,ɛgzɜːɾə,axera,æksɚɹə,1
anarom,ænɐɹɑːm,adaron,ɐdæɹən,1
torcand 8,tɔːɹkænd eɪt,forcad,fɔːɹkæd,1
omepracent 40,oʊmpɹeɪsənt fɔːɹɾi,enpen 40,ɛnpɛn fɔːɹɾi,1
pure cee,pjʊɹ siː,pure dee,pjʊɹ diː,1
retasarc,ɹɪtæsɑːɹk,retastat,ɹɪteɪstæt,1
carbosaph c500,kɑːɹbəsæf siː faɪvhʌndɹɪd,carbosaph 200,kɑːɹbəsæf tuːhʌndɹɪd,1
cafgard forte,kæfgɑːɹd fɔːɹɾeɪ,icaf,aɪkæf,1
flammasul,flæmæsəl,flammacerium,flæmɐsɪɹiəm,1
ascorp cee,ɐskɔːɹp siː,vascor,væskɚ,1
celtere,kɛltɚ,belcytere,bɛlsaɪɾɚ,1
ketoran,kɛɾɔːɹən,ketrian,kɛtɹiən,1
alkacit,ælkɐsɪt,alka c,ælkə siː,1
lamtac 25,læmtæk twɛnti faɪv,valcare ah 160 10 25,vælkɛɹ ɑː wʌnhʌndɹɪd sɪksti tɛn twɛnti faɪv,1
rapidon,ɹæpɪdən,apiden,ɐpaɪdən,1
moxidin,mɑːksɪdɪn,maxidin,mæksɪdɪn,1
gablin,gæblɪn,gavlin,gævlɪn,1
sandostatin,sændəstætɪn,dostan,dɑːstən,1
clindamycin as hydrochloride,klɪndɐmaɪsɪn æz haɪdɹəklɔːɹaɪd,hydr,haɪdɚ,1
algabin 75,ælgɐbɪn sɛvənti faɪv,valabin 500,vælɐbɪn faɪvhʌndɹɪd,1
kalmeco,kælmiːkoʊ,salmeflo,sælmɛfloʊ,1
insuget 70 30,ɪnsuːgɪt sɛvənti θɜːɾi,insulyf 30 70 biphasic,ɪnsuːlɪf θɜːɾi sɛvənti baɪfæzɪk,1
povistat,pɑːvɪstæt,positate,pɑːzɪteɪt,1
insuljack r,ɪnsʌldʒæk ɑːɹ,insulatard,ɪnsəlæɾɑːɹd,1
glurexa,glʊɹɹɛksə,glixa,glɪksə,1
st martin,sənt mɑːɹtɪn,cartin,kɑːɹtɪn,1
algabin 75,ælgɐbɪn sɛvənti faɪv,gabi,gæbaɪ,1
riscare odt,ɹɪskɛɹ ɑːt,ristac,ɹɪstæk,1
diquas,dɪkwəz,duasaph 300,duːɐsæf θɹiːhʌndɹɪd,1
rifelac,ɹaɪflæk,rifeclav,ɹaɪfklæv,1
luotriaxone,ljuːətɹɪɐksoʊn,triaxin,tɹaɪɐksɪn,1
muldezar,mʌldɪzɑːɹ,aezar,iːzɑːɹ,1
thiamine mononitrate vit b pyridoxine hydrochloride vit b6 cyanocobalamin vit b12,θaɪəmaɪn mɑːnoʊnaɪtɹeɪt vɪt biː pɪɹɪdɑːksaɪn haɪdɹəklɔːɹaɪd vɪt biː sɪks saɪɐnɑːkəbælɐmɪn vɪt biː twɛlv,brompheniramine maleate phenylephrine hydrochloride,bɹɑːmfənɜːɹɐmiːn meɪleɪt fiːnaɪlɛfɹiːn haɪdɹəklɔːɹaɪd,1
peptobloc,pɛptəblɑːk,peptin,pɛptɪn,1
vuznerv,vʌznɜːv,rejunerv,ɹɪdʒuːnɜːv,1
caxetil,kæksɪtɪl,canexil,keɪŋksɪl,1
giomox,dʒɪɑːmɑːks,gomox,gɑːmɑːks,1
vitlex,vɪtlɛks,vitoplex,vɪɾəplɛks,1
hizid,hɪzɪd,hialid,haɪəlɪd,1
trixophin w,tɹɪksəfɪn dʌbəljuː,frixo,fɹɪksoʊ,1
njectzole,ɛndʒɛktsoʊl,jaczole,dʒækzoʊl,1
finaplasia 1,faɪnɐpleɪʒə wʌn,ampi 1,æmpi wʌn,1
metocol,mɛɾəkɑːl,metoclon,mɛɾɑːklən,1
ceprime,sɛpɹaɪm,cefrimed,sɛfɹaɪmd,1
giomox,dʒɪɑːmɑːks,guimox,gɪmɑːks,1
pantazil,pæntɐzɪl,pantonil,pæntənɪl,1
lifort,lɪfɔːɹt,fluifort m,fljuːɪfɔːɹt ɛm,1
ciprodin fc,sɪpɹədɪn ɛfsiː,ciprodan 750,sɪpɹɑːdən sɛvənhʌndɹɪd fɪfti,1
vaxol,væksɑːl,avazol,ævɐzɑːl,1
kalmeco,kælmiːkoʊ,klemen c,klɛmɛn siː,1
candegen,kændɛdʒən,candego 8,kændiːgoʊ eɪt,1
varsa,vɑːɹsə,vasator 10,væseɪɾɚ tɛn,1
nax d,næks diː,d letrox,diː lɛtɹɑːks,1
atracursaph,ætɹɐkɜːsæf,atorcura,æɾɔːɹkjʊɹɹə,1
melifrin ds,mɛlɪfɹɪn diːɛs,relifer,ɹɪlɪfɚ,1
curocent,kjʊɹɹoʊsənt,purcet,pɜːsɪt,1
flosazin,flɑːsɐzɪn,dapagliflozin,dæpɐglɪfləzɪn,1
roysal,ɹɔɪsəl,royaledent,ɹɔɪeɪldənt,1
rabaphen,ɹæbæfən,biosaphen,baɪoʊsæfən,1
relidomide 15,ɹɪlɪdəmaɪd fɪftiːn,relidomide 10,ɹɪlɪdəmaɪd tɛn,1
tribacef,tɹaɪbeɪsəf,triocef,tɹaɪoʊsəf,1
rivanex 20,ɹɪveɪnɛks twɛnti,rivanex 10,ɹɪveɪnɛks tɛn,1
immubulin,ɪmjuːbjʊlɪn,immunosin,ɪmjuːnəsɪn,1
lipirid,lɪpɪɹɪd,gliride,glɪɹɪd,1
ezomephil,ɛzoʊmfɪl,omephil 40,oʊmfɪl fɔːɹɾi,1
clavtri 625,klævtɹi sɪkshʌndɹɪd twɛnti faɪv,clavic,klævɪk,1
katinko ginger amp patchouli oil scent,kætɪŋkoʊ dʒɪndʒɚɹ æmp pætʃuːli ɔɪl sɛnt,katinko lavender,kætɪŋkoʊ lævəndɚ,1
paulonorest,pɔːlənɔːɹst,noren,nɔːɹən,1
corvizem,kɔːɹvaɪzəm,corbizee plus fc,kɔːɹbɪziː plʌs ɛfsiː,1
cefkizon,sɛfkaɪzən,izo,aɪzoʊ,1
maricoxia 90,mæɹɪkɑːksiə naɪnti,tricoxia,tɹaɪkɑːksiə,1
amlogen,æmlədʒən,amloget 5,æmlɑːdʒɪt faɪv,1
aspishield,æspɪʃiːld,aspifend,æspaɪfənd,1
stanxime,stæŋksaɪm,sanoxime,sænəksaɪm,1
zandropil,zændɹɑːpəl,androgel,ændɹoʊdʒəl,1
cefromaxil,sɛfɹəmæksɪl,amoxil,æməksɪl,1
clavoxsea 457,klævəkssiː fɔːɹhʌndɹɪd fɪfti sɛvən,clavoxsea 2285,klævəkssiː tuː θaʊzənd tuːhʌndɹɪd eɪɾi faɪv,1
predixone,pɹiːdɪksoʊn,dexone,dɛksoʊn,1
bepsar,bɛpsɑːɹ,besartan,bɪsɑːɹtən,1
dermaidmanza,dɜːmeɪdmænzə,dermaid menthol rub,dɜːmeɪd mɛnθɑːl ɹʌb,1
immubulin,ɪmjuːbjʊlɪn,blinic,blɪnɪk,1
saphtriaxone sb,sæftɹɪæksoʊn ɛsbiː,triazone,tɹaɪɐzoʊn,1
dia bplex,daɪə biːplɛks,diplex,dɪplɛks,1
roysal,ɹɔɪsəl,rosalta,ɹoʊzɔltə,1
bonsenz,bɑːnsɛnts,bosenpah 125,boʊsɛnpə wʌnhʌndɹɪd twɛnti faɪv,1
ifos,aɪfoʊz,ifosfaget,aɪfəsfægɪt,1
aritero 5,æɹɪtɛɹoʊ faɪv,amlovart 160 5,æmləvɑːɹt wʌnhʌndɹɪd sɪksti faɪv,1
saphcisin 100,sæfsɪsɪn wʌnhʌndɹɪd,cisaphtin 10,sɪsɐftɪn tɛn,1
moxclatab,mɑːksklɐtæb,imox,ɪmɑːks,1
lipirid,lɪpɪɹɪd,lipitor,lɪpɪɾɚ,1
uricobles 40,jʊɹɹɪkɑːbəlz fɔːɹɾi,ojos 40,oʊdʒoʊz fɔːɹɾi,1
ferrqure,fɛrkwɚɹə,ferro care,fɛɹoʊ kɛɹ,1
ciprodin fc,sɪpɹədɪn ɛfsiː,iprocin,ɪpɹəsɪn,1
gloww e,gloʊwə iː,plat low ea,plæt loʊ iː,1
cizolin,sɪzəlɪn,cikolin,sɪkəlɪn,1
saphtriaxone sb,sæftɹɪæksoʊn ɛsbiː,striaxon,stɹaɪəksən,1
tobracor,tɑːbɹækɚ,tobracid,tɑːbɹɐsɪd,1
dota plus,doʊɾə plʌs,biozart plus 25,baɪoʊzɑːɹt plʌs twɛnti faɪv,1
katinko ginger amp patchouli oil scent,kætɪŋkoʊ dʒɪndʒɚɹ æmp pætʃuːli ɔɪl sɛnt,katinko fragrant oil,kætɪŋkoʊ fɹeɪgɹənt ɔɪl,1
propitaz iv,pɹəpɪɾæz ɹoʊmən fɔːɹ,elpitaz,ɛlpɪtæz,1
voltaren forte,voʊltæɹən fɔːɹɾeɪ,voltaren sr,voʊltæɹən ɛsɑːɹ,1
biposaph g10,baɪpɑːsæf dʒiː tɛn,bupisaph,bjuːpɪsæf,1
acitrate,ɐsɪtɹeɪt,kycitrate,kaɪsɪtɹeɪt,1
xeomin,zɪɑːmɪn,tezomin,tɛzəmɪn,1
coglitazone 30,kɑːglɪtæzoʊn θɜːɾi,goglitazone 30,gɑːglɪtæzoʊn θɜːɾi,1
predfirst,pɹɪdfɜːst,predex,pɹɪdɛks,1
anarom,ænɐɹɑːm,anaferon,ænɐfɚɹən,1
diquas,dɪkwəz,diquas s,dɪkwəz ɛs,1
enerstress,ɛnɚstɹəs,entresto,ɛntɹɛstoʊ,1
medglor 90,mɛdʒlɚ naɪnti,tiglor,tɪglɚ,1
retapenem,ɹɪteɪpnəm,ertapen,ɜːɾeɪpən,1
salrite,sælɹaɪt,losarite,lɑːsɑːɹɹaɪt,1
berodual f udv,bɪɹɑːdʒuːəl ɛf ʌdv,betrol,bɪtɹɑːl,1
enerflow,ɛnɚfloʊ,energo,ɛnɚgoʊ,1
greenxime,gɹiːŋksaɪm,cefreexime,sɛfɹiːksaɪm,1
omepracent 40,oʊmpɹeɪsənt fɔːɹɾi,omep,oʊməp,1
exerta,ɛgzɜːɾə,exetas 25,ɛgzɛɾəz twɛnti faɪv,1
nivicof,nɪvɪkɑːf,exicof,ɛgzɪkɑːf,1
cartine,kɑːɹtiːn,cartinex,kɑːɹtaɪnɛks,1
indiurex,ɪndɪjuːɹɛks,andrex,ændɹɛks,1
laberfen,læbɚfən,almefen,ɔlmɛfən,1
qualcet,kwɔlsɪt,qracet,kjuːɹeɪst,1
tecum 003,tɛkəm ziəɹoʊziəɹoʊ θɹiː,imtec,ɪmtɛk,1
tioconazole tinidazole,tɪɑːkənæzoʊl tɪnɪdæzoʊl,godazole,gɑːdɐzoʊl,1
yulareb,juːlɛɹb,acular,ækjʊlɚ,1
vuznerv,vʌznɜːv,auxinerv,ɔːksɪnɜːv,1
paulonorest,pɔːlənɔːɹst,palonex,pæloʊnɛks,1
povistat,pɑːvɪstæt,povisafe,pɑːvɪseɪf,1
dota plus,doʊɾə plʌs,aztrate xr plus,æztɹeɪt ɛksɑːɹ plʌs,1
omecore,oʊmkɔːɹ,omacor,ɑːmækɚ,1
euvichol plus,juːvɪkɑːl plʌs,duoglica plus 50 500,duːɑːglɪkə plʌs fɪfti faɪvhʌndɹɪd,1
co amoxisaph 457,koʊ æməksɪsæf fɔːɹhʌndɹɪd fɪfti sɛvən,co amoxisaph 625,koʊ æməksɪsæf sɪkshʌndɹɪd twɛnti faɪv,1
tarka,tɑːɹkə,tagraf,tægɹæf,1
xygyn,zaɪdʒɪn,coxyn,kɑːksɪn,1
altacar,ɔːltɐkɑːɹ,bactacare,bæktɐkɛɹ,1
dermaidmanza,dɜːmeɪdmænzə,dermactin,dɜːmɐktɪn,1
sethair duo,sɛɾaɪɚ duːoʊ,retair,ɹɪtɛɹ,1
zitabin 1000,zɪɾɐbɪn wʌn θaʊzənd,getabin 100,gɛɾɐbɪn wʌnhʌndɹɪd,1
saphtriaxone sb,sæftɹɪæksoʊn ɛsbiː,saphtram,sæftɹæm,1
startline 50,stɑːɹtlaɪn fɪfti,startline 25,stɑːɹtlaɪn twɛnti faɪv,1
blatin 50,bleɪtɪn fɪfti,lamotrin odt 50,læmətɹɪn ɑːt fɪfti,1
paratuss,pæɹətʌs,parasaph 500 tab,pæɹəsæf faɪvhʌndɹɪd tæb,1
finaplasia 1,faɪnɐpleɪʒə wʌn,lariax 1,lɛɹɪæks wʌn,1
dypita 225,daɪpiːɾə tuːhʌndɹɪd twɛnti faɪv,dypita,daɪpiːɾə,1
essencia maravillosa,ɛsɛnʃə mæɹɐvɪloʊsə,kessen,kɛsən,1
suncetin tab,sʌnsɪtɪn tæb,bocetin,boʊstɪn,1
medivasc,mɛdɪvæsk,medibact,mɛdɪbækt,1
gaviscon double action,gævɪskən dʌbəl ækʃən,gascovid double action,gæskəvɪd dʌbəl ækʃən,1
aritero 5,æɹɪtɛɹoʊ faɪv,amapine v 5 160,æmɐpaɪn viː faɪv wʌnhʌndɹɪd sɪksti,1
kercip 400,kɜːsɪp fɔːɹhʌndɹɪd,kracid,kɹæsɪd,1
cizolin,sɪzəlɪn,lizolid,lɪzəlɪd,1
allase,æleɪz,allercet l,ælɚsɪt ɛl,1
easyef,iːzɪɛf,easy drop,iːzi dɹɑːp,1
altacar,ɔːltɐkɑːɹ,atracare star,ætɹɐkɛɹ stɑːɹ,1
coglitazone 30,kɑːglɪtæzoʊn θɜːɾi,glitaz,glɪɾæz,1
amgathran 150,æmgæθɹən wʌnhʌndɹɪd fɪfti,amgram,æmgɹæm,1
vilomet 500,vaɪlɑːmɪt faɪvhʌndɹɪd,vilomet 850,vaɪlɑːmɪt eɪthʌndɹɪd fɪfti,1
extreme c,ɛkstɹiːm siː,crystal c alkaline,kɹɪstəl siː ælkəlaɪn,1
tenol,tɛnɑːl,tylenol,taɪlənɑːl,1
healthcare grille,hɛlθkɛɹ gɹɪl,hyacare,haɪɐkɛɹ,1
cytamax 100,saɪɾɐmæks wʌnhʌndɹɪd,cytax 30,saɪɾæks θɜːɾi,1
madovin,mædəvɪn,gadovision,gædəvɪʒən,1
startline 50,stɑːɹtlaɪn fɪfti,ksart 50,keɪsɑːɹt fɪfti,1
zoledius 4,zoʊldɪəs fɔːɹ,zolmed,zoʊmd,1
lifemet,laɪfmɪt,lifemmune,laɪfmjuːn,1
drapolene,dɹæpoʊliːn,trap,tɹæp,1
glixa,glɪksə,glixfort,glɪksfɔːɹt,1
biposaph g10,baɪpɑːsæf dʒiː tɛn,biosaphen z,baɪoʊsæfən ziː,1
param iv,pæɹəm ɹoʊmən fɔːɹ,paracet iv,pæɹəsɪt ɹoʊmən fɔːɹ,1
acode 200,ækoʊd tuːhʌndɹɪd,akucoline 200,ækjuːkɑːliːn tuːhʌndɹɪd,1
anb d5w,ænb diː faɪv dʌbəljuː,db 5,diːbiː faɪv,1
ascorp cee,ɐskɔːɹp siː,sa cee,sɑː siː,1
crezet,kɹɛzɪt,retazet,ɹɪtæzɪt,1
kalmeco,kælmiːkoʊ,ramec,ɹeɪmək,1
alergiquit,ɐlɜːdʒɪkwɪt,valeri,vælɚɹi,1
iztam 45,ɪztæm fɔːɹɾi faɪv,iztam 225,ɪztæm tuːhʌndɹɪd twɛnti faɪv,1
dia bplex,daɪə biːplɛks,go bplex,goʊ biːplɛks,1
tazomed 25,tæzəmd twɛnti faɪv,valazyd h 160 25,væleɪzɪd eɪtʃ wʌnhʌndɹɪd sɪksti twɛnti faɪv,1
vildalion m 550,vɪldæliən ɛm faɪvhʌndɹɪd fɪfti,alvida m,ælvɪdə ɛm,1
insuget 70 30,ɪnsuːgɪt sɛvənti θɜːɾi,insulet 50 50,ɪnsəlɪt fɪfti fɪfti,1
rovecol,ɹoʊvkɑːl,rosucol,ɹɑːsuːkɑːl,1
letrocord 25,lɛtɹəkɔːɹd twɛnti faɪv,letero,lɛtɛɹoʊ,1
enerflow,ɛnɚfloʊ,enerlax,ɛnɚlæks,1
celence 400,sɛləns fɔːɹhʌndɹɪd,celence 200,sɛləns tuːhʌndɹɪd,1
leucowel,luːkaʊəl,leucovorin calcium,luːkəvɔːɹɪn kælsiəm,1
puxenon,pʌksɛnən,prenaxon,pɹɪnæksən,1
picinaf,pɪsɪnæf,popicin,pɑːpɪsɪn,1
dutasusaph,duːɾɐsuːsæf,duasaph 300,duːɐsæf θɹiːhʌndɹɪd,1
fenitin,fɛnɪtɪn,foxitin,fɑːksɪtɪn,1
propitaz iv,pɹəpɪɾæz ɹoʊmən fɔːɹ,propain,pɹəpeɪn,1
maxidine,mæksɪdiːn,maxidyne,mæksɪdaɪn,1
katinko ginger amp patchouli oil scent,kætɪŋkoʊ dʒɪndʒɚɹ æmp pætʃuːli ɔɪl sɛnt,katinko ginger amp patchouli scent,kætɪŋkoʊ dʒɪndʒɚɹ æmp pætʃuːli sɛnt,1
tracrium,tɹækɹiəm,atrium,eɪtɹiəm,1
bactrigon,bæktɹɪgən,bactacin,bæktɐsɪn,1
rovix,ɹɑːvɪks,throvix,θɹɑːvɪks,1
montelev,mɔntɪlɛv,montesolv,mɔntɪsɑːlv,1
salveo odt,sælvɪoʊ ɑːt,silvex,sɪlvɛks,1
flosazin,flɑːsɐzɪn,floxazin,flɑːksɐzɪn,1
menquadfi,mɛŋkwɑːdfi,menadon,mɛnædən,1
magnilek,mægnaɪlək,inlex,ɪnlɛks,1
halonol,heɪlənɑːl,xalanol,zælɐnɑːl,1
bomozid,bɑːməzɪd,drozid,dɹɑːzɪd,1
fentyn,fɛntɪn,fertyl,fɜːɾaɪl,1
theoroxime 750,θiəɹəksaɪm sɛvənhʌndɹɪd fɪfti,eoroxime 250,eɪɚɹɑːksaɪm tuːhʌndɹɪd fɪfti,1
vino de quina,viːnoʊ də kwɪnə,vinodine,vɪnədiːn,1
altussan,ɔːltʌsən,atussin,æɾəsɪn,1
riscare odt,ɹɪskɛɹ ɑːt,risna,ɹɪsnə,1
gasmodic,gæzmɑːdɪk,qodic,kɑːdɪk,1
bruhep,bɹuːhɛp,bruprim,bɹʌpɹɪm,1
omepracent 40,oʊmpɹeɪsənt fɔːɹɾi,cosec 40,koʊsɛk fɔːɹɾi,1
fentyn,fɛntɪn,fentin,fɛntɪn,1
tobracor,tɑːbɹækɚ,tobrago,təbɹeɪgoʊ,1
rovecol,ɹoʊvkɑːl,rinecol,ɹaɪŋkɑːl,1
acitrate,ɐsɪtɹeɪt,kaitrate,kaɪtɹeɪt,1
divalpro 125 sprinkles,dɪvælpɹoʊ wʌnhʌndɹɪd twɛnti faɪv spɹɪŋkəlz,aroflo 125,æɹɑːfloʊ wʌnhʌndɹɪd twɛnti faɪv,1
blirelin,blaɪɚlɪn,mirel,maɪɚl,1
rabaphen,ɹæbæfən,riphen,ɹɪfən,1
lipirid,lɪpɪɹɪd,glipride,glɪpɹaɪd,1
cytamax 100,saɪɾɐmæks wʌnhʌndɹɪd,xytam,zaɪɾæm,1
ceprime,sɛpɹaɪm,cefuprime,sɛfəpɹaɪm,1
aerinex,ɛɹaɪnɛks,cartinex,kɑːɹtaɪnɛks,1
blatin 50,bleɪtɪn fɪfti,metsaphtin 50 850,mɛtsɐftɪn fɪfti eɪthʌndɹɪd fɪfti,1
ximvex,zɪmvɛks,ixime,ɪksaɪm,1
predixone,pɹiːdɪksoʊn,medixon,mɛdɪksən,1
aerinex,ɛɹaɪnɛks,aeruginox,ɛɹuːdʒɪnɑːks,1
co amoxisaph 457,koʊ æməksɪsæf fɔːɹhʌndɹɪd fɪfti sɛvən,co amoxisaph 375,koʊ æməksɪsæf θɹiːhʌndɹɪd sɛvənti faɪv,1
diosid,dɪɑːsɪd,dinosed,dɪnoʊzd,1
migco,mɪgkoʊ,micron c,maɪkɹɑːn siː,1
endusol r,ɛnduːsɑːl ɑːɹ,eurosol r in d5 water,jʊɹɹoʊsɑːl ɑːɹ ɪn diː faɪv wɔːɾɚ,1
salveo odt,sælvɪoʊ ɑːt,salvex,sælvɛks,1
leucowel,luːkaʊəl,coxwel,kɑːkswəl,1
pantrex,pæntɹɛks,pantorex d,pæntəɹɛks diː,1
vilomet 500,vaɪlɑːmɪt faɪvhʌndɹɪd,gliflomet 500 5,glɪflɑːmɪt faɪvhʌndɹɪd faɪv,1
rifelac,ɹaɪflæk,rifethromycin,ɹaɪfθɹəmaɪsɪn,1
cefromaxil,sɛfɹəmæksɪl,cefuromax,sɛfjʊɹɹɑːmæks,1
metfor pr 1000,mɛtfɚ piːɑːɹ wʌn θaʊzənd,metfor xr,mɛtfɚɹ ɛksɑːɹ,1
c flam,siː flæm,bewell c plus,bɪwɛl siː plʌs,1
tazastar 225,tæzɐstɑːɹ tuːhʌndɹɪd twɛnti faɪv,tazasave 45,tæzɐseɪv fɔːɹɾi faɪv,1
oranair plus,ɔːɹɐnɛɹ plʌs,charmcee plus zinc,tʃɑːɹmsiː plʌs zɪŋk,1
stanxime,stæŋksaɪm,danoxime,dænəksaɪm,1
zitabin 1000,zɪɾɐbɪn wʌn θaʊzənd,sitatin 100,sɪɾɐtɪn wʌnhʌndɹɪd,1
qualcet,kwɔlsɪt,alicet,ɐlaɪsɪt,1
ceprime,sɛpɹaɪm,cexime,sɛksaɪm,1
anarom,ænɐɹɑːm,sanirom 1000,sænɪɹɑːm wʌn θaʊzənd,1
finzant,fɪnzənt,finasticare,faɪnɐstɪkɛɹ,1
asconzee,ɐskɑːnziː,ascorbzee,ɐskɔːɹbziː,1
zevelatab,zɛvɪlæɾæb,sevela,sɛvɛlə,1
welltrate,wɛltɹeɪt,xtrate,ɛkstɹeɪt,1
euvichol plus,juːvɪkɑːl plʌs,rapcvit plus chewtab,ɹæpkvɪt plʌs tʃuːɾæb,1
telsar 80,tɛlsɑːɹ eɪɾi,telmisar am 80,tɛlmɪsɑːɹ æm eɪɾi,1
healthcare grille,hɛlθkɛɹ gɹɪl,healthcare,hɛlθkɛɹ,1
essentiale forte p,ɛsɛnʃəl fɔːɹɾeɪ piː,diabee forte,daɪəbiː fɔːɹɾeɪ,1
puxenon,pʌksɛnən,zenon,zɛnɑːn,1
silrec 50,sɪlɹɛk fɪfti,duoglica plus 50 500,duːɑːglɪkə plʌs fɪfti faɪvhʌndɹɪd,1
pantrex,pæntɹɛks,centrex,sɛntɹɛks,1
coughsaph 1,kɔfsæf wʌn,hyosaph,haɪəsæf,1
maricoxia 90,mæɹɪkɑːksiə naɪnti,arcoxia,ɑːɹkɑːksiə,1
myelax,maɪɪlæks,mylan,maɪlæn,1
retasarc,ɹɪtæsɑːɹk,retazar,ɹɪtæzɑːɹ,1
rifoxyn,ɹɪfəksɪn,rifamox,ɹɪfɐmɑːks,1
muprivex,mʌpɹɪvɛks,muprixine,mʌpɹɪksaɪn,1
pantosaph 20,pæntəsæf twɛnti,pantosaph 40,pæntəsæf fɔːɹɾi,1
metocol,mɛɾəkɑːl,cemetol,sɛmɪtɑːl,1
afebrin tf,ɐfɛbɹɪn tiːɛf,abrin,ɐbɹɪn,1
conpanzole,kənpænzoʊl,panzel,pænzəl,1
arpipo,ɑːɹpɪpoʊ,arpip,ɑːɹpɪp,1
bactrigon,bæktɹɪgən,bactropen plus,bæktɹoʊpən plʌs,1
boost,buːst,boostervit,buːstɚvɪt,1
rainoxone,ɹeɪnəksoʊn,haixone,heɪksoʊn,1
pipercil 45,paɪpɚsəl fɔːɹɾi faɪv,piperbactam 45,paɪpɚbæktæm fɔːɹɾi faɪv,1
united home dermatec,juːnaɪɾɪd hoʊm dɜːmeɪɾək,ematep,ɪmeɪɾəp,1
metfor pr 1000,mɛtfɚ piːɑːɹ wʌn θaʊzənd,metforze,mɛtfɔːɹz,1
rosubest 20,ɹɑːsuːbɪst twɛnti,rabesta 20,ɹeɪbɛstə twɛnti,1
efergen,ɛfɚdʒən,cefegen,sɛfɛdʒən,1
bersevel,bɚsɛvəl,brevixel,bɹɛvɪksəl,1
sanzepir 50,sænzɪpɪɹ fɪfti,sanzepir 10,sænzɪpɪɹ tɛn,1
fenitin,fɛnɪtɪn,fenaxin,fɛnɐksɪn,1
femostal 20,fɛmoʊstəl twɛnti,emestal,ɪmɛstəl,1
dsinfex,diːsɪnfɛks,doxinex,dɑːksaɪnɛks,1
rinobact spray,ɹɪnəbækt spɹeɪ,lysobact complete spray,laɪsəbækt kəmpliːt spɹeɪ,1
lamtac 25,læmtæk twɛnti faɪv,telday h 80 25,tɛldeɪ eɪtʃ eɪɾi twɛnti faɪv,1
zenith,ziːnɪθ,zenith od,ziːnɪθ ɑːd,1
kalomin s,kæləmɪn ɛs,klor s,klɔːɹ ɛs,1
gaviscon double action,gævɪskən dʌbəl ækʃən,vicod,vɪkɑːd,1
insuljack r,ɪnsʌldʒæk ɑːɹ,insunova r,ɪnsʌnoʊvə ɑːɹ,1
pantosaph 20,pæntəsæf twɛnti,ator 20,eɪɾɚ twɛnti,1
muprivex,mʌpɹɪvɛks,mupiriv,mjuːpɪɹɪv,1
acitrate,ɐsɪtɹeɪt,rexcitrate,ɹɪkssɪtɹeɪt,1
ansed,ænst,anb,ænb,1
divalpro 125 sprinkles,dɪvælpɹoʊ wʌnhʌndɹɪd twɛnti faɪv spɹɪŋkəlz,carbosaph 125,kɑːɹbəsæf wʌnhʌndɹɪd twɛnti faɪv,1
vino de quina,viːnoʊ də kwɪnə,vinca,vɪŋkə,1
metsaphtin 50 850,mɛtsɐftɪn fɪfti eɪthʌndɹɪd fɪfti,aldactin 50,ɔːldɐktɪn fɪfti,1
tribacef,tɹaɪbeɪsəf,tribac,tɹaɪbæk,1
febstat 40,fɛbstæt fɔːɹɾi,bristat 40,bɹɪstæt fɔːɹɾi,1
tarka,tɑːɹkə,tartan 80,tɑːɹtən eɪɾi,1
clavtri 625,klævtɹi sɪkshʌndɹɪd twɛnti faɪv,aclav 625,ɐklæv sɪkshʌndɹɪd twɛnti faɪv,1
nutrimin forte,njuːtɹɪmɪn fɔːɹɾeɪ,nutrilon forte,njuːtɹɪlən fɔːɹɾeɪ,1
telmiheart plus 925,tɛlmɪhɑːɹt plʌs naɪnhʌndɹɪd twɛnti faɪv,amisar plus,æmɪsɑːɹ plʌs,1
medglor 90,mɛdʒlɚ naɪnti,remedlor,ɹɪmɛdlɚ,1
crezet,kɹɛzɪt,rezef,ɹɪzɛf,1
diosid,dɪɑːsɪd,diosmed,dɪɑːzəmd,1
oranair plus,ɔːɹɐnɛɹ plʌs,dailymin vita plus,deɪlɪmɪn viːɾə plʌs,1
dapzin m 5 forte,dæpzɪn ɛm faɪv fɔːɹɾeɪ,dapzin m 5,dæpzɪn ɛm faɪv,1
nutrimin forte,njuːtɹɪmɪn fɔːɹɾeɪ,nutrimin,njuːtɹɪmɪn,1
neopel,niːoʊpɛl,opel,oʊpəl,1
rapidon,ɹæpɪdən,rapidsen,ɹæpɪdsən,1
tobracor,tɑːbɹækɚ,tobracare,tɑːbɹɐkɛɹ,1
indiurex,ɪndɪjuːɹɛks,indrex,ɪndɹɛks,1
sunpant 40,sʌnpənt fɔːɹɾi,pantop 40,pæntɑːp fɔːɹɾi,1
ivapro 5,ɪvæpɹoʊ faɪv,clenzerpro 5,klɛnzɚpɹoʊ faɪv,1
rodazid,ɹɑːdɐzɪd,rifazid,ɹɪfɐzɪd,1
myrevit,maɪɹɪvɪt,myrecid,maɪɹɪsɪd,1
kaptroban,kæptɹɑːbən,captronx,kæptɹɑːŋks,1
flulon,fluːlɑːn,fucon,fjuːkən,1
cilvex,sɪlvɛks,celex,sɛlɛks,1
onefix,wʌnfɪks,onafix,ɑːnɐfɪks,1
sandostatin,sændəstætɪn,dystatin,dɪstɐtɪn,1
kogzib 60,kɑːgzɪb sɪksti,gemzib,dʒɛmzɪb,1
ceprime,sɛpɹaɪm,cepimed,sɛpaɪmd,1
rahika,ɹæhɪkə,hikari drip,hɪkɑːɹɹi dɹɪp,1
dexmer,dɛksmɚ,dexamet,dɛksæmɪt,1
giomox,dʒɪɑːmɑːks,gomox 457,gɑːmɑːks fɔːɹhʌndɹɪd fɪfti sɛvən,1
telmiheart 40,tɛlmɪhɑːɹt fɔːɹɾi,2tel 40,tuː tɛl fɔːɹɾi,1
iopamedix,aɪəpeɪmdɪks,ipramed,ɪpɹeɪmd,1
basagine,bæsɐdʒɪn,asadin,ɐsædɪn,1
ansed,ænst,anserm,ænsɜːm,1
rovix,ɹɑːvɪks,povix,pɑːvɪks,1
dota plus,doʊɾə plʌs,arten plus 300,ɑːɹʔn plʌs θɹiːhʌndɹɪd,1
green viii inj,gɹiːn ɹoʊmən eɪt ɪndʒ,ren v,ɹɛn viː,1
relidomide 15,ɹɪlɪdəmaɪd fɪftiːn,relidomide 20,ɹɪlɪdəmaɪd twɛnti,1
amphot,æmfɑːt,camphor,kæmfɚ,1
cefkizon,sɛfkaɪzən,cefzin,sɛfzɪn,1
biposaph g10,baɪpɑːsæf dʒiː tɛn,digosaph,dɪgəsæf,1
kalomin s,kæləmɪn ɛs,kremil s cool relief,kɹɛmɪl ɛs kuːl ɹɪliːf,1
eye glo moist,aɪ gloʊ mɔɪst,eye mo moisturizing formula,aɪ moʊ mɔɪstʃɚɹaɪzɪŋ fɔːɹmjʊlə,1
clobesaph,kloʊbsæf,clotrisaph,klɑːtɹɪsæf,1
nivicof,nɪvɪkɑːf,nocof,nɑːkɑːf,1
cytamax 100,saɪɾɐmæks wʌnhʌndɹɪd,rytam,ɹaɪɾæm,1
kephazon s q,kɛfeɪzən ɛs kjuː,cefzin s,sɛfzɪn ɛs,1
rodazid,ɹɑːdɐzɪd,reductazid,ɹɪdʌktɐzɪd,1
clozol,klɑːzɑːl,cilozol 50,saɪləzɑːl fɪfti,1
ampisaph 500,æmpɪsæf faɪvhʌndɹɪd,ampisaph 250,æmpɪsæf tuːhʌndɹɪd fɪfti,1
omecore,oʊmkɔːɹ,momecort,moʊmkɔːɹt,1
muprivex,mʌpɹɪvɛks,mupirv,mjuːpɜːv,1
bruhep,bɹuːhɛp,brulexin 500,bɹuːlɪksɪn faɪvhʌndɹɪd,1
glixa,glɪksə,glix,glɪks,1
picinaf,pɪsɪnæf,gopicin,gɑːpɪsɪn,1
green viii inj,gɹiːn ɹoʊmən eɪt ɪndʒ,renuvie,ɹɪnuːvi,1
montior l,mɔntjɚɹ ɛl,montior,mɔntjɚ,1
cizolin,sɪzəlɪn,bezolin,bɛzəlɪn,1
endusol r,ɛnduːsɑːl ɑːɹ,endusol m,ɛnduːsɑːl ɛm,1
curocent,kjʊɹɹoʊsənt,vancocent,væŋkoʊsənt,1
chiamin s,tʃaɪəmɪn ɛs,chiamin a,tʃaɪəmɪn eɪ,1
permetrizz,pɜːmɪtɹɪz,etriza,ɪtɹɪzə,1
albestan,ælbɪstɑːn,albez,ælbɛz,1
alkacit,ælkɐsɪt,alkacent,ælkeɪsənt,1
algabin 75,ælgɐbɪn sɛvənti faɪv,gablin,gæblɪn,1
eoroxime 750,eɪɚɹɑːksaɪm sɛvənhʌndɹɪd fɪfti,uroxime 750,jʊɹɹəksaɪm sɛvənhʌndɹɪd fɪfti,1
vino de quina,viːnoʊ də kwɪnə,vinlon,vɪnlən,1
leucowel,luːkaʊəl,leucovolex,luːkəvoʊlɛks,1
nirsaph 600,nɜːsæf sɪkshʌndɹɪd,irbesaph 300,ɜːbɪsæf θɹiːhʌndɹɪd,1
fozal,foʊzəl,prozalac,pɹoʊzɐlæk,1
novestrol,noʊvstɹɑːl,nostero,nəstɛɹoʊ,1
xanginart,zændʒɪnɑːɹt,angisartan,æŋgɪsɑːɹtən,1
amlogen,æmlədʒən,amlog,æmlɑːg,1
febsan 120,fɛbsən wʌnhʌndɹɪd twɛnti,febusan,fɛbjuːsən,1
pantazil,pæntɐzɪl,pentazol,pɛntɐzɑːl,1
lipibrate,lɪpɪbɹeɪt,lipiblac,lɪpɪblæk,1
retasarc,ɹɪtæsɑːɹk,retasar,ɹɪtæsɑːɹ,1
spevigo,spɛvɪgoʊ,respigo,ɹɪspɪgoʊ,1
algabin 75,ælgɐbɪn sɛvənti faɪv,regabin 75,ɹɪgæbɪn sɛvənti faɪv,1
macromycin,mækɹəmaɪsɪn,aeromycin s,ɛɹoʊmaɪsɪn ɛs,1
hidrasec,hɪdɹeɪsək,hidonac,hɪdənæk,1
nax d,næks diː,calbon d,kælbən diː,1
capd dpca 3,kæpd diːpiːsiːeɪ θɹiː,capd dpca 2,kæpd diːpiːsiːeɪ tuː,1
dypita 225,daɪpiːɾə tuːhʌndɹɪd twɛnti faɪv,zita 25,ziːɾə twɛnti faɪv,1
neurocil,nʊɹɹəsɪl,neuroxin,nʊɹɹəksɪn,1
allase,æleɪz,allererase,ælɚɹɚɹeɪz,1
hikacure,hɪkɐkjʊɹ,diacure,daɪəkjʊɹ,1
sanzepir 50,sænzɪpɪɹ fɪfti,sitavex mf 50 500,sɪɾeɪvɛks ɛmɛf fɪfti faɪvhʌndɹɪd,1
celence 400,sɛləns fɔːɹhʌndɹɪd,selecap 400,sɛlɪkæp fɔːɹhʌndɹɪd,1
gascopan,gæskəpæn,gascovid double action,gæskəvɪd dʌbəl ækʃən,1
panadene,pænɐdiːn,anagrebene,ænɐgɹɛbiːn,1
nutrimin forte,njuːtɹɪmɪn fɔːɹɾeɪ,nutrimax,njuːtɹɪmæks,1
losar 50,lɑːsɑːɹ fɪfti,biozart duo 50 5,baɪoʊzɑːɹt duːoʊ fɪfti faɪv,1
afebrin tf,ɐfɛbɹɪn tiːɛf,ferlin,fɜːlɪn,1
bersevel,bɚsɛvəl,zerevedil,zɛɹɪvɛdɪl,1
ventcare,vɛntkɛɹ,fentare,fɛntɛɹ,1
tigecid,taɪgɪsɪd,tigec,taɪgɛk,1
allase,æleɪz,allos,æloʊz,1
combe five,kəmɛ faɪv,com b forte,kɑːm biː fɔːɹɾeɪ,1
onefix,wʌnfɪks,oncef,ɑːnsɛf,1
piptazorixx,pɪptɐzɔːɹɪks,orixa,ɔːɹɪksə,1
healthcare grille,hɛlθkɛɹ gɹɪl,hicaire,hɪkɛɹ,1
flammasul,flæmæsəl,flamar,flæmɚ,1
teno em,tiːnoʊ ɛm,tenol,tɛnɑːl,1
robitussin,ɹɑːbaɪtʌsɪn,ritusin,ɹɪɾuːzən,1
valzepam,væltsɪpæm,zepax,zɛpæks,1
nirsaph 600,nɜːsæf sɪkshʌndɹɪd,nirsaph 300,nɜːsæf θɹiːhʌndɹɪd,1
ciprophil,sɪpɹəfɪl,captophil,kæptəfɪl,1
rainoxone,ɹeɪnəksoʊn,finox,fɪnɑːks,1
febstat 40,fɛbstæt fɔːɹɾi,febstat 80,fɛbstæt eɪɾi,1
newmacdol,nuːmɐkdɑːl,amadol,æmɐdɑːl,1
suncetin tab,sʌnsɪtɪn tæb,suncet 35,sʌnsɪt θɜːɾi faɪv,1
berodual f udv,bɪɹɑːdʒuːəl ɛf ʌdv,bezir,bɛzɪɹ,1
dermaidmanza,dɜːmeɪdmænzə,dermaidsal,dɜːmeɪdsəl,1
ivapro 5,ɪvæpɹoʊ faɪv,dapzin m 5 forte,dæpzɪn ɛm faɪv fɔːɹɾeɪ,1
amloval 160 10,æmluːvəl wʌnhʌndɹɪd sɪksti tɛn,amlion 10,æmliən tɛn,1
bonsenz,bɑːnsɛnts,bonicent,bɑːnɪsənt,1
tazomed 25,tæzəmd twɛnti faɪv,medlosar plus 25,mɛdləsɑːɹ plʌs twɛnti faɪv,1
amphot,æmfɑːt,ampothin lip 50,æmpəθɪn lɪp fɪfti,1
rahika,ɹæhɪkə,amika,æmɪkə,1
gerdsol,dʒɜːdsɑːl,healthcare dermsol,hɛlθkɛɹ dɜːmsɑːl,1
dapzin m 5 forte,dæpzɪn ɛm faɪv fɔːɹɾeɪ,dapzin m 10 forte,dæpzɪn ɛm tɛn fɔːɹɾeɪ,1
diosid,dɪɑːsɪd,diflosid,dɪfləsɪd,1
metrex,miːɾɚks,metvex,mɛtvɛks,1
diosid,dɪɑːsɪd,diosh,dɪɑːʃ,1
ascorp cee,ɐskɔːɹp siː,alka cee enhanced,ælkə siː ɛnhænst,1
sacriva 750,sækɹɪvə sɛvənhʌndɹɪd fɪfti,meriva,mɛɹɪvə,1
montelev,mɔntɪlɛv,montecet,mɔntɛsɪt,1
dermaidmanza,dɜːmeɪdmænzə,dermaidcal,dɜːmeɪdkəl,1
cutasept f colorless,kjuːɾeɪsəpt ɛf kʌlɚləs,aperusvit f,eɪpɚɹʌsvɪt ɛf,1
ansed,ænst,anaseran,ænɐsɚɹən,1
losarkip 50,lɑːsɑːɹkɪp fɪfti,loza 50,loʊzə fɪfti,1
ceftrash 1000,sɛftɹæʃ wʌn θaʊzənd,ceftri,sɛftɹi,1
saphceetrate,sæfsiːtɹeɪt,saphcorbate,sæfkɔːɹbeɪt,1
cytamax 100,saɪɾɐmæks wʌnhʌndɹɪd,sitamac 100,sɪɾɐmæk wʌnhʌndɹɪd,1
coughsaph 1,kɔfsæf wʌn,4 cough,fɔːɹ kɔf,1
izon,aɪzɑːn,izo,aɪzoʊ,1
imbruvica,ɪmbɹuːvɪkə,ivic,ɪvɪk,1
cholsuvin,kɑːlsuːvɪn,cholevit,koʊlvɪt,1
glucophage,gluːkɑːfɪdʒ,glucophage xr,gluːkɑːfɪdʒ ɛksɑːɹ,1
alprazitel,ælpɹeɪzɪɾəl,praziem,pɹeɪzɪm,1
corvizem,kɔːɹvaɪzəm,corbizee plus,kɔːɹbɪziː plʌs,1
halonol,heɪlənɑːl,allunol,ɐlʌnɑːl,1
novestrol,noʊvstɹɑːl,neogestron,niːoʊdʒɛstɹɑːn,1
co amoxisaph 457,koʊ æməksɪsæf fɔːɹhʌndɹɪd fɪfti sɛvən,co amoxisaph 250,koʊ æməksɪsæf tuːhʌndɹɪd fɪfti,1
peptobloc,pɛptəblɑːk,propbloc,pɹɑːpblɑːk,1
eoroxime 750,eɪɚɹɑːksaɪm sɛvənhʌndɹɪd fɪfti,eroxime 500,ɪɹɑːksaɪm faɪvhʌndɹɪd,1
theoroxime 750,θiəɹəksaɪm sɛvənhʌndɹɪd fɪfti,neoroxime,niːoʊɹɑːksaɪm,1
celtere,kɛltɚ,centrex,sɛntɹɛks,1
satcapto 25,sætkæptoʊ twɛnti faɪv,spitone 25,spɪtoʊn twɛnti faɪv,1
osteomeg,ɑːstɪoʊməg,osteomet,ɑːstɪɑːmɪt,1
hizid,hɪzɪd,trizid,tɹaɪzɪd,1
altacar,ɔːltɐkɑːɹ,atadar,æɾɐdɑːɹ,1
amlogen,æmlədʒən,amlopigen,æmləpaɪdʒən,1
candegen,kændɛdʒən,capegen,keɪpdʒən,1
izon,aɪzɑːn,izon ds,aɪzɑːn diːɛs,1
sharjvax,ʃɑːɹdʒvæks,carvemax,kɑːɹvɪmæks,1
ampisaph 500,æmpɪsæf faɪvhʌndɹɪd,ampisaph 1000,æmpɪsæf wʌn θaʊzənd,1
veeta,viːɾə,beetab,biːɾæb,1
myrevit,maɪɹɪvɪt,mirovit,mɪɹəvɪt,1
afebrin tf,ɐfɛbɹɪn tiːɛf,eferin,ɛfɚɹɪn,1
menquadfi,mɛŋkwɑːdfi,dequadinab lemon,dɛkwədɪnæb lɛmən,1
folicard,fɑːlɪkɑːɹd,folicare,fɑːlɪkɛɹ,1
dolan fp,dɑːlæn ɛfpiː,dopan,dɑːpæn,1
sevomond,sɛvɑːmənd,sevo,siːvoʊ,1
zandropil,zændɹɑːpəl,nootropil,nuːtɹɑːpəl,1
domperone,dɑːmpɚɹoʊn,domperiqo,dɑːmpɚɹɪkoʊ,1
kogzib 60,kɑːgzɪb sɪksti,kogzib 120,kɑːgzɪb wʌnhʌndɹɪd twɛnti,1
ivapro 5,ɪvæpɹoʊ faɪv,dapiflozin m 5 1000,dæpɪflɑːzɪn ɛm faɪv wʌn θaʊzənd,1
acellbia,ɐsɛlbiə,bacrelba,bækɹɛlbə,1
rahika,ɹæhɪkə,rhinekast,ɹaɪŋkæst,1
cefromaxil,sɛfɹəmæksɪl,iromax,ɪɹəmæks,1
kogzib 60,kɑːgzɪb sɪksti,kogzib 90,kɑːgzɪb naɪnti,1
domperone,dɑːmpɚɹoʊn,komperdone,kɑːmpɚdoʊn,1
hema k,hɛmə keɪ,hemaquest,hɛmɐkwɛst,1
sorbance 5,sɔːɹbəns faɪv,goab 5,goʊæb faɪv,1
panadene,pænɐdiːn,paradex,pɚɹeɪdɛks,1
robitussin,ɹɑːbaɪtʌsɪn,robust s,ɹoʊbʌst ɛs,1
salrite,sælɹaɪt,salinate,seɪlɪneɪt,1
muldezar,mʌldɪzɑːɹ,aldizar,ɔːldɪzɑːɹ,1
retasarc,ɹɪtæsɑːɹk,retazart,ɹɪtæzɑːɹt,1
amnoset,æmnəsɛt,amio,æmɪoʊ,1
o gold 20,oʊ goʊld twɛnti,gold z,goʊld ziː,1
elmox cv 3125,ɛlmɑːks siːviː θɹiː θaʊzənd wʌnhʌndɹɪd twɛnti faɪv,elmox cv 625,ɛlmɑːks siːviː sɪkshʌndɹɪd twɛnti faɪv,1
nax d,næks diː,ciferol d,saɪfɹɑːl diː,1
luotriaxone,ljuːətɹɪɐksoʊn,luoriaxon,ljuːɔːɹɪæksən,1
insuget 70 30,ɪnsuːgɪt sɛvənti θɜːɾi,insulet 30 70,ɪnsəlɪt θɜːɾi sɛvənti,1
pure cee,pjʊɹ siː,pure cee zd,pjʊɹ siː ziːdiː,1
basagine,bæsɐdʒɪn,bravadine,bɹævɐdiːn,1
salveo odt,sælvɪoʊ ɑːt,alevo,ɐliːvoʊ,1
nirsaph 600,nɜːsæf sɪkshʌndɹɪd,nicarsaph,nɪkɑːɹsæf,1
valzepam,væltsɪpæm,zepim,zɛpɪm,1
biopril,baɪoʊpɹɪl,amlopril,æmlɑːpɹəl,1
herperax,hɜːpɚɹæks,heprabica 5000,hɛpɹæbɪkə faɪv θaʊzənd,1
basagine,bæsɐdʒɪn,basaglar kwikpen,bæsæglɚ kwɪkpən,1
asmagen,ɐsmeɪdʒən,asthmagen,æzmədʒən,1
glotoxan 1,glɑːɾɑːksən wʌn,glotoxan 200,glɑːɾɑːksən tuːhʌndɹɪd,1
tioconazole tinidazole,tɪɑːkənæzoʊl tɪnɪdæzoʊl,midazolex,mɪdɐzoʊlɛks,1
acitrate,ɐsɪtɹeɪt,acetra,æsɪtɹə,1
cafgard forte,kæfgɑːɹd fɔːɹɾeɪ,cafgard,kæfgɑːɹd,1
ferrqure,fɛrkwɚɹə,ferrate,fɛɹeɪt,1
piptazorixx,pɪptɐzɔːɹɪks,piptam,pɪptæm,1
bruhep,bɹuːhɛp,bruhep 25000,bɹuːhɛp twɛnti faɪv θaʊzənd,1
permetrizz,pɜːmɪtɹɪz,zetriz,zɛtɹɪz,1
berrydazole,bɛɹɪdæzoʊl,zoled,zoʊld,1
bersevel,bɚsɛvəl,sevela,sɛvɛlə,1
peptobloc,pɛptəblɑːk,pantobloc,pæntəblɑːk,1
pantazil,pæntɐzɪl,pantazo,pæntɑːzoʊ,1
clavoxsea 457,klævəkssiː fɔːɹhʌndɹɪd fɪfti sɛvən,clavoxsea 375,klævəkssiː θɹiːhʌndɹɪd sɛvənti faɪv,1
bactrigon,bæktɹɪgən,bacticon,bæktɪkən,1
veeta,viːɾə,devetam 1000,dɪvɛɾæm wʌn θaʊzənd,1
guaifenesin dextromethorpan hydrobromide,gwɑːaɪfnɛsɪn dɛkstɹoʊmθɔːɹpæn haɪdɹəbɹoʊmaɪd,guaiflem,gwɑːɪfləm,1
indiurex,ɪndɪjuːɹɛks,diura,dɪjuːɹə,1
rh com,ɑːɹɹeɪtʃ kɑːm,b com,biː kɑːm,1
praxolin 150,pɹæksəlɪn wʌnhʌndɹɪd fɪfti,maxolin,mæksəlɪn,1
acode 200,ækoʊd tuːhʌndɹɪd,acode 50,ækoʊd fɪfti,1
theoroxime 750,θiəɹəksaɪm sɛvənhʌndɹɪd fɪfti,theoroxime 15,θiəɹəksaɪm fɪftiːn,1
rovix,ɹɑːvɪks,provixime,pɹɑːvɪksaɪm,1
magnilek,mægnaɪlək,bilex,baɪlɛks,1
durazol,dʊɹɹɐzɑːl,dermazole,dɜːmɐzoʊl,1
panadene,pænɐdiːn,panagon,pænægən,1
ifos,aɪfoʊz,unifos,juːnɪfoʊz,1
tobracor,tɑːbɹækɚ,ibracor,ɪbɹækɚ,1
amgathran 150,æmgæθɹən wʌnhʌndɹɪd fɪfti,amgathran 110,æmgæθɹən wʌnhʌndɹɪd tɛn,1
rifelac,ɹaɪflæk,rexulac,ɹɪksjʊlæk,1
kercip 400,kɜːsɪp fɔːɹhʌndɹɪd,erlocip 100,ɜːləsɪp wʌnhʌndɹɪd,1
boost,buːst,boostrix,buːstɹɪks,1
celtere,kɛltɚ,caltenor,kɔltɛnɚ,1
saphceetrate,sæfsiːtɹeɪt,saphtrate,sæftɹeɪt,1
clariwin dt,klæɹɪwɪn diːtiː,claritin,klæɹɪtɪn,1
ikshatob,ɪkʃɐtɑːb,ikshamox,ɪkʃɐmɑːks,1
metrex,miːɾɚks,metorex,mɛɾəɹɛks,1
panadene,pænɐdiːn,anodyne,ænədaɪn,1
oticom,ɑːɾɪkɑːm,bicom 300,bɪkɑːm θɹiːhʌndɹɪd,1
clindacare,klɪndɐkɛɹ,clindasave,klɪndɐseɪv,1
madovin,mædəvɪn,metovin,mɛɾəvɪn,1
omepors,oʊmpɚz,mupors,mjuːpɚz,1
iopamedix,aɪəpeɪmdɪks,iopamiro,aɪəpɐmiəɹoʊ,1
riscare odt,ɹɪskɛɹ ɑːt,risfar,ɹɪsfɑːɹ,1
kaptroban,kæptɹɑːbən,retaproban,ɹɪtæpɹɑːbən,1
pure cee,pjʊɹ siː,pure ceee,pjʊɹ siː,1
vuznerv,vʌznɜːv,levenerv,lɛvənɜːv,1
rivanex 20,ɹɪveɪnɛks twɛnti,rivanex 15,ɹɪveɪnɛks fɪftiːn,1
coughsaph 1,kɔfsæf wʌn,4cough,fɔːɹ kɔf,1
maricoxia 90,mæɹɪkɑːksiə naɪnti,maricoxia 120,mæɹɪkɑːksiə wʌnhʌndɹɪd twɛnti,1
cartine,kɑːɹtiːn,isopto carpine,aɪsɑːptoʊ kɑːɹpaɪn,1
lamtac 25,læmtæk twɛnti faɪv,lamtac 50,læmtæk fɪfti,1
femostal 20,fɛmoʊstəl twɛnti,oxestal 20,ɑːksɛstəl twɛnti,1
actyl 100,æktaɪl wʌnhʌndɹɪd,levecortix 100,lɛvɪkɔːɹɾɪks wʌnhʌndɹɪd,1
oticom,ɑːɾɪkɑːm,bicom 1000,bɪkɑːm wʌn θaʊzənd,1
nutrimin forte,njuːtɹɪmɪn fɔːɹɾeɪ,natricin forte,nætɹɪsɪn fɔːɹɾeɪ,1
exerta,ɛgzɜːɾə,exsert,ɛkssɜːt,1
muldezar,mʌldɪzɑːɹ,mulax,mjʊlæks,1
esonex iv,ɛsoʊnɛks ɹoʊmən fɔːɹ,esoz,ɛsɑːz,1
gasmodic,gæzmɑːdɪk,anmotic,ænmɑːɾɪk,1
tazomed 25,tæzəmd twɛnti faɪv,omed,oʊmd,1
dypita 225,daɪpiːɾə tuːhʌndɹɪd twɛnti faɪv,epitam,ɛpɪtæm,1
axonedu,æksoʊnduː,haixone,heɪksoʊn,1
glucophage,gluːkɑːfɪdʒ,glucophage forte,gluːkɑːfɪdʒ fɔːɹɾeɪ,1
ventcare,vɛntkɛɹ,venocare,vɛnəkɛɹ,1
clavtri 625,klævtɹi sɪkshʌndɹɪd twɛnti faɪv,clavmentin 625,klævməntɪn sɪkshʌndɹɪd twɛnti faɪv,1
eye glo moist,aɪ gloʊ mɔɪst,eye mo cool red eyes,aɪ moʊ kuːl ɹɛd aɪz,1
drapolene,dɹæpoʊliːn,malene,meɪliːn,1
irbekon,ɜːbɛkən,irbetan,ɜːbɛtən,1
capd dpca 3,kæpd diːpiːsiːeɪ θɹiː,capd dpca 4,kæpd diːpiːsiːeɪ fɔːɹ,1
folicard,fɑːlɪkɑːɹd,folicaid,fɑːlɪkeɪd,1
insuljack r,ɪnsʌldʒæk ɑːɹ,linsul,lɪnsəl,1
piptazorixx,pɪptɐzɔːɹɪks,fazorixx,fæzɔːɹɪks,1
pantazil,pæntɐzɪl,pancarzil,pæŋkɑːɹzɪl,1
essentiale forte p,ɛsɛnʃəl fɔːɹɾeɪ piː,allecur p,ɐlɛkɜː piː,1
