x_1,x_2,t_1,t_2,label
abelcet,amphotericin b,eɪbəlsɪt,æmfoʊtɹɪsɪn biː,1
accupril,aciphex,ɐkʌpɹəl,ɐsɪfɛks,1
acetaminophen,acetazolamide,æsɪtæmɪnɑːfən,æsɪtæzəlæmaɪd,1
acetazolamide,acetohexamide,æsɪtæzəlæmaɪd,æsɪtoʊhɪksæmaɪd,1
acetic acid for irrigation,glacial acetic acid,ɐsiːɾɪk æsɪd fɔːɹ ɪɹɪgeɪʃən,gleɪʃəl ɐsiːɾɪk æsɪd,1
aciphex,aricept,ɐsɪfɛks,æɹaɪsəpt,1
activase,cathflo activase,æktɪveɪs,kæθfloʊ æktɪveɪs,1
activase,tnkase,æktɪveɪs,tiːɛŋkeɪs,1
actonel,actos,æktoʊnəl,æktoʊz,1
adacel,daptacel,ɐdeɪsəl,dæpteɪsəl,1
adderall,adderall xr,ædɚɹɔːl,ædɚɹɔːl ɛksɑːɹ,1
adderall,inderal,ædɚɹɔːl,ɪndɛɹəl,1
ado-trastuzumab emtansine,trastuzumab,ɐduːtɹæstuːzjuːmæb ɛmtænsaɪn,tɹæstuːzjuːmæb,1
advair,advicor,ɐdvɛɹ,ɐdvɪkɚ,1
advicor,altocor,ɐdvɪkɚ,æltɑːkɚ,1
afrin,afrin,æfɹɪn,æfɹɪn,1
aggrastat,argatroban,ɐgɹæstæt,ɑːɹgɐtɹɑːbən,1
aldara,alora,ɔːldɑːɹɹə,ɐloːɹə,1
alfentanil,fentanyl,ɐlfɛntɐnɪl,fɛntɐnaɪl,1
alfentanil,sufentanil,ɐlfɛntɐnɪl,suːfəntænɪl,1
alkeran,leukeran,ælkɚɹən,luːkɚɹən,1
alkeran,myleran,ælkɚɹən,maɪlɚɹən,1
allegra,viagra,ɐlɛgɹə,vaɪægɹə,1
allegra,allegra anti-itch cream,ɐlɛgɹə,ɐlɛgɹə æntaɪɪtʃ kɹiːm,1
alprazolam,clonazepam,ælpɹɐzɑːlæm,klɑːneɪzpæm,1
alprazolam,lorazepam,ælpɹɐzɑːlæm,loːɹeɪzpæm,1
amantadine,amiodarone,æmɐntædiːn,æmɪɑːdɐɹoʊn,1
amaryl,reminyl,æmɑːɹɹɪl,ɹɪmɪnaɪl,1
ambien,ambrisentan,æmbiən,æmbɹɪsɛntən,1
ambisome,amphotericin b,æmbaɪsʌm,æmfoʊtɹɪsɪn biː,1
amicar,omacor,æmɪkɑːɹ,ɑːmækɚ,1
amikin,kineret,æmɪkɪn,kaɪnɹɪt,1
amiloride,amlodipine,æmɪloːɹaɪd,æmlədɪpaɪn,1
amphotericin b,amphotericin b liposomal,æmfoʊtɹɪsɪn biː,æmfoʊtɹɪsɪn biː lɪpəsɑːməl,1
anacin,anacin-3,ænɐsɪn,ænɐsɪn θɹiː,1
antacid,atacand,æntæsɪd,æɾɐkænd,1
anticoagulant citrate dextrose solution formula a,anticoagulant sodium citrate solution,æntɪkoʊægjʊlənt sɪtɹeɪt dɛkstɹoʊz səluːʃən fɔːɹmjʊlə eɪ,æntɪkoʊægjʊlənt soʊdiəm sɪtɹeɪt səluːʃən,1
antivert,axert,æntɪvɜːt,æksɚt,1
anzemet,avandamet,ænzɛmɪt,ævɐndæmɪt,1
apidra,spiriva,ɐpɪdɹə,spɪɹɪvə,1
apixaban,axitinib,ɐpɪksæbən,æksɪtɪnɪb,1
apresoline,priscoline,æpɹeɪɑːliːn,pɹɪskəliːn,1
argatroban,orgaran,ɑːɹgɐtɹɑːbən,ɔːɹgæɹən,1
aricept,azilect,æɹaɪsəpt,æzaɪləkt,1
aripiprazole,proton pump inhibitors,æɹɪpɪpɹɐzoʊl,pɹoʊtɑːn pʌmp ɪnhɪbɪɾɚz,1
aripiprazole,rabeprazole,æɹɪpɪpɹɐzoʊl,ɹeɪbpɹɐzoʊl,1
arista ah,arixtra,æɹɪstə ɑː,æɹɪkstɹə,1
asacol,os-cal,ɐsækɑːl,oʊɛskæl,1
atomoxetine,atorvastatin,æɾəmɑːksɪtiːn,æɾoːɹvæstɐtɪn,1
atrovent,natru-vent,ætɹoʊvənt,nætɹuːvɛnt,1
avandia,coumadin,ævændiə,kaʊmɐdɪn,1
avandia,prandin,ævændiə,pɹændɪn,1
avinza,evista,ævɪnzə,ɪvɪstə,1
avinza,invanz,ævɪnzə,ɪnvænts,1
azacitidine,azathioprine,æzɐsɪɾɪdiːn,æzɐθɪɑːpɹiːn,1
b & o,beano,biː ænd oʊ,biːnoʊ,1
babybig,hbig,beɪbɪbɪg,eɪtʃbɪg,1
bamlanivimab,belimumab,bæmlɐnɪvɪmæb,bɪlɪmjuːmæb,1
bayhep-b,bayrab,beɪhɛpbiː,beɪɹæb,1
bayhep-b,bayrho-d,beɪhɛpbiː,beɪrhoʊdiː,1
bayrab,bayrho-d,beɪɹæb,beɪrhoʊdiː,1
benadryl,benazepril,bɛnɐdɹɪl,bɛneɪzpɹəl,1
benicar,mevacor,bɪnɪkɑːɹ,mɛvækɚ,1
betadine,betadine,beɪɾədaɪn,beɪɾədaɪn,1
betaine,betaine hcl,beɪɾəaɪn,beɪɾəaɪn eɪtʃsiːɛl,1
bextra,zetia,bɛkstɹə,zɛʃə,1
bicillin c-r,bicillin l-a,baɪsɪlɪn siːɑːɹ,baɪsɪlɪn ɛleɪ,1
bicitra,polycitra,baɪsɪtɹə,pɑːlɪsɪtɹə,1
bidex,videx,baɪdɛks,vaɪdɛks,1
blisovi 24 fe,blisovi fe 1/20,blɪsoʊvi twɛnti foːɹ fiː,blɪsoʊvi fiː wʌn slæʃ twɛnti,1
bio-t-gel,t-gel,baɪoʊtiːdʒɛl,tiːdʒɛl,1
brethine,methergine,bɹɛθaɪn,mɛðɚdʒɪn,1
brevibloc,brevital,bɹɛvɪblɑːk,bɹɛvaɪɾəl,1
brilinta,brintellix,bɹɪlɪntə,bɹɪntɪlɪks,1
brilinta,briviact,bɹɪlɪntə,bɹɪvɪækt,1
bupivacaine,ropivacaine,bjuːpɪveɪkeɪn,ɹɑːpɪveɪkeɪn,1
buprenorphine,hydromorphone,bʌpɹənoːɹfiːn,haɪdɹəmoːɹfoʊn,1
bupropion,buspirone,bʌpɹoʊpiən,bʌspaɪɚn,1
cabenuva,cabotegravir,keɪbnuːvə,kæboʊtgɹævɪɹ,1
capadex,kapidex,kæpeɪdɛks,kæpaɪdɛks,1
capex,kapidex,keɪpɛks,kæpaɪdɛks,1
captopril,carvedilol,kæptɑːpɹəl,kɑːɹvɪdɪlɑːl,1
carac,kuric,kæɹæk,kjʊɹɹɪk,1
carbamazepine,oxcarbazepine,kɑːɹbɐmeɪzɪpaɪn,ɑːkskɑːɹbeɪzpaɪn,1
carboplatin,cisplatin,kɑːɹbəplætɪn,sɪsplɐtɪn,1
cardene,cardizem,kɑːɹdiːn,kɑːɹdaɪzəm,1
cardura,coumadin,kɑːɹdʒuːɹə,kaʊmɐdɪn,1
casodex,kapidex,kæsoʊdɛks,kæpaɪdɛks,1
cedax,cidex,sɛdæks,saɪdɛks,1
cefazolin,cefotetan,sɛfɐzɑːlɪn,sɛfoʊttən,1
cefazolin,cefoxitin,sɛfɐzɑːlɪn,sɛfəksɪtɪn,1
cefazolin,ceftazidime,sɛfɐzɑːlɪn,sɛftɐzɪdaɪm,1
cefazolin,ceftriaxone,sɛfɐzɑːlɪn,sɛftɹɪæksoʊn,1
cefotetan,cefoxitin,sɛfoʊttən,sɛfəksɪtɪn,1
cefotetan,ceftazidime,sɛfoʊttən,sɛftɐzɪdaɪm,1
cefotetan,ceftriaxone,sɛfoʊttən,sɛftɹɪæksoʊn,1
cefoxitin,ceftazidime,sɛfəksɪtɪn,sɛftɐzɪdaɪm,1
cefoxitin,ceftriaxone,sɛfəksɪtɪn,sɛftɹɪæksoʊn,1
ceftazidime,ceftriaxone,sɛftɐzɪdaɪm,sɛftɹɪæksoʊn,1
cefuroxime,sulfasalazine,sɛfjʊɹɹɑːksaɪm,sʌlfeɪzælɐziːn,1
celebrex,celexa,sɛlɪbɹɛks,sɛlɛksə,1
celebrex,cerebyx,sɛlɪbɹɛks,sɛɹɪbɪks,1
celexa,cerebyx,sɛlɛksə,sɛɹɪbɪks,1
celexa,zyprexa,sɛlɛksə,zɪpɹɛksə,1
cetirizine,sertraline,sɛɾɪɹɪziːn,sɜːtɹəlaɪn,1
cetirizine,stavudine,sɛɾɪɹɪziːn,stævjuːdiːn,1
chlordiazepoxide,chlorpromazine,kloːɹədɪeɪzpɑːksaɪd,kloːɹəpɹɑːmɐziːn,1
chlorpromazine,chlorpropamide,kloːɹəpɹɑːmɐziːn,kloːɹəpɹɑːpɐmaɪd,1
citalopram,escitalopram,sɪɾɐlɑːpɹæm,ɛsɪtæləpɹæm,1
clarispray,claritin,klæɹɪspɹeɪ,klæɹɪtɪn,1
claritin,claritin eye,klæɹɪtɪn,klæɹɪtɪn aɪ,1
claritin-d,claritin-d 24,klæɹɪtɪndiː,klæɹɪtɪndiː twɛnti foːɹ,1
clindesse,clindets,klɪndɛs,klɪndɪts,1
clobazam,clonazepam,kloʊbɐzæm,klɑːneɪzpæm,1
clomiphene,clomipramine,klɑːmɪfiːn,kləmɪpɹɐmiːn,1
clonazepam,clonidine,klɑːneɪzpæm,klɑːnɪdiːn,1
clonazepam,clozapine,klɑːneɪzpæm,klɑːzɐpaɪn,1
clonazepam,lorazepam,klɑːneɪzpæm,loːɹeɪzpæm,1
clonidine,clozapine,klɑːnɪdiːn,klɑːzɐpaɪn,1
clonidine,klonopin,klɑːnɪdiːn,klɑːnəpɪn,1
clozaril,colazal,klɑːzɑːɹɹəl,kɑːlæzəl,1
coagulation factor ix,"factor ix complex, vapor heated",koʊægjʊleɪʃən fæktɚ ɹoʊmən naɪn,fæktɚ ɹoʊmən naɪn kɑːmplɛks veɪpɚ hiːɾɪd,1
codeine,lodine,koʊdaɪn,lɑːdiːn,1
coenzyme q10,cometriq,koʊɛnzaɪm kjuː tɛn,kəmɛtɹɪk,1
colace,cozaar,kɑːleɪs,kəzɑːɹ,1
colchicine,cortrosyn,kɑːltʃɪsiːn,kɔːɹtɹəsɪn,1
comvax,recombivax hb,kəmvæks,ɹiːkəmbɪvæks eɪtʃbiː,1
covaryx hs,covera hs,kɑːvɑːɹɹɪks eɪtʃɛs,kʌvɚɹə eɪtʃɛs,1
cozaar,zocor,kəzɑːɹ,zɑːkɚ,1
cubicin,cubicin rf,kjuːbɪsɪn,kjuːbɪsɪn ɑːɹɹɛf,1
cyclophosphamide,cycloserine,saɪkləfɑːsfɐmaɪd,saɪkloʊzɹiːn,1
cyclophosphamide,cyclosporine,saɪkləfɑːsfɐmaɪd,saɪkləspoːɹiːn,1
cycloserine,cyclosporine,saɪkloʊzɹiːn,saɪkləspoːɹiːn,1
cyclosporine,cyclosporine modified,saɪkləspoːɹiːn,saɪkləspoːɹiːn mɑːdɪfaɪd,1
cymbalta,symbyax,sɪmbæltə,sɪmbɪæks,1
dabigatran,vigabatrin,dæbɪgætɹæn,vɪgɐbætɹɪn,1
dactinomycin,daptomycin,dæktɪnəmaɪsɪn,dæptəmaɪsɪn,1
darvocet,percocet,dɑːɹvɑːsɪt,pɜːkɑːsɪt,1
darvon,diovan,dɑːɹvɑːn,dɪɑːvæn,1
daunorubicin,daunorubicin liposomal,dɔːnoːɹuːbɪsɪn,dɔːnoːɹuːbɪsɪn lɪpəsɑːməl,1
daunorubicin,doxorubicin,dɔːnoːɹuːbɪsɪn,dɑːksoːɹuːbɪsɪn,1
daunorubicin,idarubicin,dɔːnoːɹuːbɪsɪn,aɪdɑːɹɹuːbɪsɪn,1
denavir,indinavir,dɛnɐvɪɹ,ɪndɪnɐvɪɹ,1
depakote,depakote er,dɪpækoʊt,dɪpækoʊt ɜː,1
depo-medrol,solu-medrol,dɪpoʊmɛdɹɑːl,sɑːluːmɛdɹɑːl,1
depo-provera,depo-subq provera 104,dɪpoʊpɹɑːvɚɹə,dɪpoʊsʌbk pɹɑːvɚɹə wʌnhʌndɹɪd foːɹ,1
desipramine,disopyramide,dɪzɪpɹɐmiːn,dɪsɑːpɪɹæmaɪd,1
desmopressin,vasopressin,dɛzməpɹɛsɪn,væsəpɹɛsɪn,1
desyrel,seroquel,dɪsɪɹəl,sɛɹɑːkwəl,1
dexamethasone,dexmedetomidine,dɛksɐmɛθɐsoʊn,dɛksmɪdɛɾəmɪdiːn,1
dexilant,duloxetine,dɛksɪlənt,duːləksɛtiːn,1
dexmethylphenidate,dexmethylphenidate mixed salts,dɛksmɪθəlfɛnɪdeɪt,dɛksmɪθəlfɛnɪdeɪt mɪkst sɔlts,1
dexmethylphenidate,methadone,dɛksmɪθəlfɛnɪdeɪt,mɛθɐdoʊn,1
diabenese,diamox,daɪəbəniːz,daɪəmɑːks,1
diabeta,zebeta,daɪəbɛɾə,zɛbɛɾə,1
diazepam,diltiazem,daɪəzɛpæm,dɪlʃɪeɪzəm,1
diflucan,diprivan,dɪfluːkən,dɪpɹɪvæn,1
dilacor xr,pilocar,dɪlækɚɹ ɛksɑːɹ,paɪləkɑːɹ,1
dilaudid,dilaudid-5,dɪlədɪd,dɪlədɪd faɪv,1
dimenhydrinate,diphenhydramine,daɪmənhaɪdɹɪneɪt,dɪfənhaɪdɹɐmiːn,1
dioval,diovan,dɪuːvəl,dɪɑːvæn,1
diovan,zyban,dɪɑːvæn,zaɪbən,1
diprivan,ditropan,dɪpɹɪvæn,dɪtɹəpæn,1
dobutamine,dopamine,dəbjuːɾɐmiːn,dɑːpɐmiːn,1
docetaxel,paclitaxel,doʊstæksəl,pæklɪtæksəl,1
doribax,zovirax,doːɹɪbæks,zɑːvɚɹæks,1
doxil,paxil,dɑːksɪl,pæksɪl,1
doxorubicin,doxorubicin liposomal,dɑːksoːɹuːbɪsɪn,dɑːksoːɹuːbɪsɪn lɪpəsɑːməl,1
doxorubicin,idarubicin,dɑːksoːɹuːbɪsɪn,aɪdɑːɹɹuːbɪsɪn,1
dramamine,dramamine,dɹæmɐmiːn,dɹæmɐmiːn,1
dramamine,dramamine,dɹæmɐmiːn,dɹæmɐmiːn,1
dramamine,dramamine,dɹæmɐmiːn,dɹæmɐmiːn,1
dronabinol,droperidol,dɹɑːnɐbɪnɑːl,dɹoʊpɹɪdɑːl,1
dulcolax,dulcolax,dʌlkəlæks,dʌlkəlæks,1
duloxetine,fluoxetine,duːləksɛtiːn,fljuːəksɛtiːn,1
duloxetine,paroxetine,duːləksɛtiːn,pæɹəksɛtiːn,1
durasal,durezol,dʊɹɹeɪzəl,dʊɹɹɪzɑːl,1
duricef,ultracet,dʊɹɹaɪsəf,ʊltɹæsɪt,1
dynacin,dynacirc,daɪnɐsɪn,daɪnɐsɜːk,1
edetate calcium disodium,edetate disodium,ɛdɪteɪt kælsiəm dɪsoʊdiəm,ɛdɪteɪt dɪsoʊdiəm,1
effexor,effexor xr,ɛfɛksɚ,ɛfɛksɚɹ ɛksɑːɹ,1
effexor xr,enablex,ɛfɛksɚɹ ɛksɑːɹ,ɛneɪbləks,1
"elvitegravir, cobicistat, emtricitabine, and tenofovir alafenamide","elvitegravir, cobicistat, emtricitabine, and tenofovir disoproxil fumarate",ɛlvaɪtgɹævɪɹ kɑːbɪsɪstæt ɛmtɹɪsɪtæbaɪn ænd tɛnəfɑːvɪɹ ɐleɪfnɐmaɪd,ɛlvaɪtgɹævɪɹ kɑːbɪsɪstæt ɛmtɹɪsɪtæbaɪn ænd tɛnəfɑːvɪɹ dɪsɑːpɹəksɪl fjuːmæɹət,1
enbrel,levbid,ɛnbɹɛl,lɛvbɪd,1
engerix-b adult,engerix-b pediatric/adolescent,ɛndʒɛɹɪksbiː ɐdʌlt,ɛndʒɛɹɪksbiː piːdɪætɹɪk slæʃ ædəlɛsənt,1
enjuvia,januvia,ɛndʒuːviə,dʒænuːviə,1
ephedrine,epinephrine,ɛfɪdɹiːn,ɛpɪnɛfɹiːn,1
epirubicin,eribulin,ɛpɪɹuːbɪsɪn,ɛɹɪbjʊlɪn,1
estratest,estratest hs,ɛstɹeɪtɪst,ɛstɹeɪtɪst eɪtʃɛs,1
ethambutol,ethmozine,ɛθɐmbjuːɾɑːl,ɛθməziːn,1
ethaverine,etravirine,ɛθɐvɚɹiːn,ɪtɹævɪɹiːn,1
ethionamide,ethosuximide,iːθɪɑːnɐmaɪd,iːθəsʌksɪmaɪd,1
fanapt,xanax,fænæpt,zænæks,1
farxiga,fetzima,fɑːɹksɪgə,fɛtsɪmə,1
fastin,fastin,fæstɪn,fæstɪn,1
femara,femhrt,fɛmɑːɹɹə,fɛmhət,1
fentanyl,sufentanil,fɛntɐnaɪl,suːfəntænɪl,1
fioricet,fiorinal,fɪoːɹɪsɪt,fɪoːɹɪnəl,1
flavoxate,fluvoxamine,fleɪvəkseɪt,fluːvɑːksɐmiːn,1
flonase,flovent,flɑːneɪs,flʌvɛnt,1
floranex,florinef,floːɹeɪnɛks,flɔːɹaɪnəf,1
florastor,florinef,floːɹæstɚ,flɔːɹaɪnəf,1
flumazenil,influenza virus vaccine,fluːmeɪznɪl,ɪnfluːɛnzə vaɪɹəs væksiːn,1
fluoxetine,loxitane,fljuːəksɛtiːn,lɑːksɪteɪn,1
fluoxetine,paroxetine,fljuːəksɛtiːn,pæɹəksɛtiːn,1
fluphenazine,fluvoxamine,flʌfənæziːn,fluːvɑːksɐmiːn,1
fluzone high-dose quadrivalent,fluzone quadrivalent,fluːzoʊn haɪdoʊs kwɑːdɹaɪvələnt,fluːzoʊn kwɑːdɹaɪvələnt,1
focalgin b,focalin,foʊkɐldʒɪn biː,foʊkɐlɪn,1
folex,foltx,foʊlɛks,foʊltɛks,1
folic acid,folinic acid,fɑːlɪk æsɪd,fəlɪnɪk æsɪd,1
fomepizole,omeprazole,foʊmpɪzoʊl,oʊmpɹɐzoʊl,1
foradil,fortical,fɔːɹɐdɪl,fɔːɹɾɪkəl,1
foradil,toradol,fɔːɹɐdɪl,toːɹɐdɑːl,1
gabapentin,gemfibrozil,gæbeɪpɛntɪn,dʒɛmfɪbɹɑːzɪl,1
gentamicin,gentian violet,dʒɛntɐmɪsɪn,dʒɛnʃən vaɪəlɪt,1
glipizide,glyburide,glɪpɪzaɪd,glaɪbɪɹaɪd,1
glucotrol,glycotrol,gluːkətɹɑːl,glaɪkətɹɑːl,1
granulex,regranex,gɹænuːlɛks,ɹɪgɹeɪnɛks,1
guaifenesin,guanfacine,gwɑːaɪfnɛsɪn,gwɑːnfɐsiːn,1
healon,hyalgan,hiːlɑːn,haɪælgən,1
heparin,hespan,hɛpɚɹɪn,hɛspæn,1
hmg-coa reductase inhibitors,nystatin,eɪtʃɛmdʒiːkoʊɚ ɹɪdʌkteɪs ɪnhɪbɪɾɚz,nɪstɐtɪn,1
humalog,humulin,hjuːmɐlɑːg,hjuːmjʊlɪn,1
humalog,novolog,hjuːmɐlɑːg,nɑːvəlɑːg,1
humalog mix 75/25,humulin 70/30,hjuːmɐlɑːg mɪks sɛvənti faɪv slæʃ twɛnti faɪv,hjuːmjʊlɪn sɛvənti slæʃ θɜːɾi,1
humapen memoir,humira pen,hjuːmeɪpən mɛmwɑːɹ,hjuːmiəɹə pɛn,1
humulin,novolin,hjuːmjʊlɪn,nɑːvəlɪn,1
humulin r u-100,humulin r u-500,hjuːmjʊlɪn ɑːɹ juː wʌnhʌndɹɪd,hjuːmjʊlɪn ɑːɹ juː faɪvhʌndɹɪd,1
hydralazine,hydrochlorothiazide,haɪdɹɐlæziːn,haɪdɹəkloːɹoʊθɪeɪzaɪd,1
hydralazine,hydromorphone,haɪdɹɐlæziːn,haɪdɹəmoːɹfoʊn,1
hydralazine,hydroxyzine,haɪdɹɐlæziːn,haɪdɹɑːksɪziːn,1
hydrea,lyrica,haɪdɹiə,lɪɹɪkə,1
hydrochlorothiazide,hydroxyzine,haɪdɹəkloːɹoʊθɪeɪzaɪd,haɪdɹɑːksɪziːn,1
hydrochlorothiazide,hydroxychloroquine,haɪdɹəkloːɹoʊθɪeɪzaɪd,haɪdɹɑːksɪkloːɹoʊkwaɪn,1
hydrocodone,oxycodone,haɪdɹəkɑːdoʊn,ɑːksɪkɑːdoʊn,1
hydrogesic,hydroxyzine,haɪdɹoʊdʒzɪk,haɪdɹɑːksɪziːn,1
hydromorphone,hydroxyzine,haɪdɹəmoːɹfoʊn,haɪdɹɑːksɪziːn,1
hydromorphone,morphine,haɪdɹəmoːɹfoʊn,mɔːɹfiːn,1
hydromorphone,oxymorphone,haɪdɹəmoːɹfoʊn,ɑːksɪmoːɹfoʊn,1
hydroxychloroquine,hydroxyurea,haɪdɹɑːksɪkloːɹoʊkwaɪn,haɪdɹɑːksɪjuːɹiə,1
hydroxyprogesterone,medroxyprogesterone,haɪdɹɑːksɪpɹoʊdʒstɚɹoʊn,mɛdɹəksɪpɹoʊdʒstɚɹoʊn,1
hydroxyurea,hydroxyzine,haɪdɹɑːksɪjuːɹiə,haɪdɹɑːksɪziːn,1
hydroxyurea,ure-na,haɪdɹɑːksɪjuːɹiə,jʊɹnɑː,1
idarubicin,idarucizumab,aɪdɑːɹɹuːbɪsɪn,aɪdɑːɹɹuːsɪzjuːmæb,1
ilaris,ilumya,ɪlɑːɹɹɪs,ɪləmɪə,1
infliximab,rituximab,ɪnflɪksɪmæb,ɹɪɾəksɪmæb,1
influenza virus vaccine,perflutren lipid microspheres,ɪnfluːɛnzə vaɪɹəs væksiːn,pɜːflʌtɹən lɪpɪd maɪkɹoʊsfɪɹz,1
influenza virus vaccine,tuberculin purified protein derivative,ɪnfluːɛnzə vaɪɹəs væksiːn,tuːbɚkjʊlɪn pjʊɹɹɪfaɪd pɹoʊtiːn dɪɹɪvətɪv,1
inspra,spiriva,ɪnspɹɑː,spɪɹɪvə,1
intuniv,invega,ɪntuːnɪv,ɪnviːgə,1
iodine,lodine,aɪədiːn,lɑːdiːn,1
isordil,plendil,aɪsoːɹdɪl,plɛndɪl,1
isotretinoin,tretinoin,aɪsətɹɛtɪnɔɪn,tɹɛtɪnɔɪn,1
jantoven,janumet,dʒæntoʊvən,dʒænuːmɪt,1
jantoven,januvia,dʒæntoʊvən,dʒænuːviə,1
janumet,januvia,dʒænuːmɪt,dʒænuːviə,1
janumet,sinemet,dʒænuːmɪt,saɪnmɪt,1
kadian,kapidex,keɪdiən,kæpaɪdɛks,1
kaletra,keppra,kælɛtɹə,kɛpɹə,1
kaopectate,kaopectate,keɪəpɛkteɪt,keɪəpɛkteɪt,1
kay ciel,kayexalate,keɪ siːl,keɪɪksæleɪt,1
keflex,keppra,kɛflɛks,kɛpɹə,1
ketalar,ketorolac,kɛɾælɚ,kɛɾoːɹɑːlæk,1
ketamine,ketorolac,kɛɾɐmiːn,kɛɾoːɹɑːlæk,1
ketorolac,methadone,kɛɾoːɹɑːlæk,mɛθɐdoʊn,1
k-phos neutral,neutra-phos-k,keɪfoʊz nuːtɹəl,nuːtɹəfoʊzkeɪ,1
kwell,qwell,kwɛl,kjuːwɛl,1
labetalol,lamictal,læbɪtælɑːl,læmɪktəl,1
labetalol,lamotrigine,læbɪtælɑːl,læmətɹɪdʒɪn,1
lamictal,lamisil,læmɪktəl,læmɪsəl,1
lamivudine,lamotrigine,læmɪvjuːdiːn,læmətɹɪdʒɪn,1
lamotrigine,levetiracetam,læmətɹɪdʒɪn,lɛvɪtɜːɹɐsɛɾæm,1
lamotrigine,levothyroxine,læmətɹɪdʒɪn,lɛvəθɪɹəksaɪn,1
lanoxin,levothyroxine,lænəksɪn,lɛvəθɪɹəksaɪn,1
lanoxin,naloxone,lænəksɪn,næləksoʊn,1
lanthanum carbonate,lithium carbonate,lænθænəm kɑːɹbəneɪt,lɪθiəm kɑːɹbəneɪt,1
lantus,latuda,læntəs,lætuːdə,1
lantus,lente,læntəs,lɛnt,1
lariam,levaquin,lɛɹiəm,lɛvɐkwɪn,1
lasix,luvox,læsɪks,luːvɑːks,1
lasix,wakix,læsɪks,wækɪks,1
letairis,letaris,lɛɾɛɹɪs,lɛtɑːɹɹɪs,1
leucovorin calcium,leukeran,luːkəvoːɹɪn kælsiəm,luːkɚɹən,1
leucovorin calcium,levoleucovorin,luːkəvoːɹɪn kælsiəm,lɛvoʊljuːkəvoːɹɪn,1
leukeran,myleran,luːkɚɹən,maɪlɚɹən,1
levemir,lovenox,lɛvɪmɪɹ,lʌvnɑːks,1
levetiracetam,levocarnitine,lɛvɪtɜːɹɐsɛɾæm,lɛvəkɑːɹnɪtiːn,1
levetiracetam,levofloxacin,lɛvɪtɜːɹɐsɛɾæm,lɛvəflɑːksɐsɪn,1
levothyroxine,liothyronine,lɛvəθɪɹəksaɪn,lɪɑːθɪɹɑːnaɪn,1
lexapro,loxitane,lɛksæpɹoʊ,lɑːksɪteɪn,1
lexiva,pexeva,lɛksɪvə,pɛksɛvə,1
linaclotide,linagliptin,lɪnɐklɑːɾaɪd,lɪnɐglɪptɪn,1
lipitor,loniten,lɪpɪɾɚ,lɑːnaɪʔn,1
lipitor,zyrtec,lɪpɪɾɚ,zɪətɛk,1
lithium,ultram,lɪθiəm,ʌltɹæm,1
lopressor,lyrica,lɑːpɹɛsɚ,lɪɹɪkə,1
lorazepam,lovaza,loːɹeɪzpæm,lʌvɑːzə,1
lotronex,protonix,lɑːtɹoʊnɛks,pɹoʊtənɪks,1
loxitane,soriatane,lɑːksɪteɪn,soːɹɪæteɪn,1
lunesta,neulasta,lʌnɛstə,nuːlæstə,1
lupron depot-3 month,lupron depot-ped,lʌpɹɑːn diːpoʊ θɹiː mʌnθ,lʌpɹɑːn diːpoʊpɛd,1
maalox,maalox total stomach relief,mɑːlɑːks,mɑːlɑːks toʊɾəl stʌmək ɹɪliːf,1
malarone,mefloquine,mælɐɹoʊn,mɛfləkwaɪn,1
materna,matulane,mətɜːnə,mætʃəleɪn,1
maxzide,microzide,mækszaɪd,maɪkɹoʊzaɪd,1
medroxyprogesterone,methylprednisolone,mɛdɹəksɪpɹoʊdʒstɚɹoʊn,mɛθəlpɹɛdnɪsɑːloʊn,1
medroxyprogesterone,methyltestosterone,mɛdɹəksɪpɹoʊdʒstɚɹoʊn,mɛθəlɾɪstɑːstɚɹoʊn,1
memantine,methadone,mɛmɐntiːn,mɛθɐdoʊn,1
menactra,menomune,mɛnæktɹə,mɛnəmjuːn,1
mephyton,methadone,mɛfɪtən,mɛθɐdoʊn,1
metadate,methadone,mɛɾədeɪt,mɛθɐdoʊn,1
metadate cd,metadate er,mɛɾədeɪt siːdiː,mɛɾədeɪt ɜː,1
metadate er,methadone,mɛɾədeɪt ɜː,mɛθɐdoʊn,1
metformin,metronidazole,mɛtfoːɹmɪn,mɛtɹənɪdɐzoʊl,1
methadone,methylphenidate,mɛθɐdoʊn,mɛθəlfɛnɪdeɪt,1
methadone,metolazone,mɛθɐdoʊn,mɛɾəlæzoʊn,1
methazolamide,methimazole,mɛθeɪzɑːlɐmaɪd,mɛθɪmæzoʊl,1
methazolamide,metolazone,mɛθeɪzɑːlɐmaɪd,mɛɾəlæzoʊn,1
methimazole,metolazone,mɛθɪmæzoʊl,mɛɾəlæzoʊn,1
methotrexate,metolazone,mɛθətɹɛkseɪt,mɛɾəlæzoʊn,1
methotrexate,mtx patch,mɛθətɹɛkseɪt,ɛmtiːɛks pætʃ,1
methylene blue,visionblue,mɛθɪliːn bluː,vɪʒənbluː,1
methylprednisolone,methyltestosterone,mɛθəlpɹɛdnɪsɑːloʊn,mɛθəlɾɪstɑːstɚɹoʊn,1
metoprolol succinate,metoprolol tartrate,mɛɾəpɹɑːlɑːl səksɪneɪt,mɛɾəpɹɑːlɑːl tɑːɹtɹeɪt,1
metyrapone,metyrosine,mɛɾɪɹæpoʊn,mɛɾɪɹɑːsaɪn,1
micronase,microzide,maɪkɹoʊneɪs,maɪkɹoʊzaɪd,1
midodrine,midrin,mɪdədɹiːn,mɪdɹɪn,1
mifepristone,misoprostol,maɪfpɹɪstoʊn,mɪsɑːpɹɑːstəl,1
migalastat,miglustat,mɪgɐlæstæt,mɪgləstæt,1
minoxidil,minoxidin,mɪnəksɪdɪl,mɪnəksɪdɪn,1
miralax,mirapex,mɜːɹɐlæks,mɜːɹeɪpɛks,1
mitomycin,mitoxantrone,maɪɾəmaɪsɪn,maɪɾəksæntɹoʊn,1
mitoxantrone,mtx patch,maɪɾəksæntɹoʊn,ɛmtiːɛks pætʃ,1
morphine - non-concentrated oral liquid,morphine - oral liquid concentrate,mɔːɹfiːn nɑːŋkɑːnsəntɹeɪɾɪd oːɹəl lɪkwɪd,mɔːɹfiːn oːɹəl lɪkwɪd kɑːnsəntɹeɪt,1
motrin,neurontin,mɑːtɹɪn,nʊɹɹɔntɪn,1
ms contin,oxycontin,ɛmɛs kəntɪn,ɑːksɪkɔntɪn,1
mucinex,mucomyst,mjuːsaɪnɛks,mjuːkəmɪst,1
mucinex,mucinex allergy,mjuːsaɪnɛks,mjuːsaɪnɛks ælɚdʒi,1
mucinex d,mucinex dm,mjuːsaɪnɛks diː,mjuːsaɪnɛks diːɛm,1
nalbuphine,naloxone,nælbəfiːn,næləksoʊn,1
narcan,norcuron,nɑːɹkæn,noːɹkjʊɹɹən,1
navane,norvasc,næveɪn,noːɹvæsk,1
neo-synephrine,neo-synephrine,niːoʊsaɪnɪfɹiːn,niːoʊsaɪnɪfɹiːn,1
neo-synephrine,neostigmine,niːoʊsaɪnɪfɹiːn,niːoʊstɪgmaɪn,1
neratinib,nilotinib,nɛɹɐtɪnɪb,naɪlətɪnɪb,1
neratinib,niraparib,nɛɹɐtɪnɪb,nɜːɹɐpæɹɪb,1
neulasta,neumega,nuːlæstə,nuːmɛgə,1
neulasta,nuedexta,nuːlæstə,nuːdɛkstə,1
neumega,neupogen,nuːmɛgə,nuːpədʒən,1
neurontin,noroxin,nʊɹɹɔntɪn,noːɹəksɪn,1
nexavar,nexium,nɛksɐvɑːɹ,niːksiəm,1
nicardipine,nifedipine,nɪkɑːɹdɪpaɪn,naɪfdɪpaɪn,1
nicardipine,nimodipine,nɪkɑːɹdɪpaɪn,nɪmədɪpaɪn,1
nifedipine,nimodipine,naɪfdɪpaɪn,nɪmədɪpaɪn,1
nilotinib,niraparib,naɪlətɪnɪb,nɜːɹɐpæɹɪb,1
nizatidine,tizanidine,nɪzɐtɪdiːn,tɪzɐnɪdiːn,1
normodyne,norpramin,noːɹmədaɪn,noːɹpɹɐmɪn,1
novolin,novolog,nɑːvəlɪn,nɑːvəlɑːg,1
novolin 70/30,novolog mix 70/30,nɑːvəlɪn sɛvənti slæʃ θɜːɾi,nɑːvəlɑːg mɪks sɛvənti slæʃ θɜːɾi,1
novolog flexpen,novolog mix 70/30 flexpen,nɑːvəlɑːg flɛkspən,nɑːvəlɑːg mɪks sɛvənti slæʃ θɜːɾi flɛkspən,1
occlusal-hp,ocuflox,əkluːzəleɪtʃpiː,ɑːkəflɑːks,1
olanzapine,quetiapine,ɑːlænzɐpaɪn,kwɛʃɪæpaɪn,1
opium tincture,paregoric,oʊpiəm tɪŋktʃɚ,pɛɹgɔːɹɪk,1
oracea,orencia,oːɹeɪsiə,ɔːɹɛnʃə,1
ortho tri-cyclen,ortho tri-cyclen lo,ɔːɹθoʊ tɹaɪsaɪklən,ɔːɹθoʊ tɹaɪsaɪklən loʊ,1
oxaprozin,oxcarbazepine,ɑːksɐpɹɑːzɪn,ɑːkskɑːɹbeɪzpaɪn,1
oxybutynin,oxycodone,ɑːksɪbjuːtɪnɪn,ɑːksɪkɑːdoʊn,1
oxybutynin,oxycontin,ɑːksɪbjuːtɪnɪn,ɑːksɪkɔntɪn,1
oxybutynin,oxymorphone,ɑːksɪbjuːtɪnɪn,ɑːksɪmoːɹfoʊn,1
oxycodone,oxycontin,ɑːksɪkɑːdoʊn,ɑːksɪkɔntɪn,1
oxycodone,oxymorphone,ɑːksɪkɑːdoʊn,ɑːksɪmoːɹfoʊn,1
oxycontin,oxymorphone,ɑːksɪkɔntɪn,ɑːksɪmoːɹfoʊn,1
oxycontin,oxytocin,ɑːksɪkɔntɪn,ɑːksɪtɑːsɪn,1
paclitaxel,paclitaxel protein-bound particles,pæklɪtæksəl,pæklɪtæksəl pɹoʊtiːnbaʊnd pɑːɹɾɪkəlz,1
pamelor,panlor dc,peɪmlɚ,pænlɚ diːsiː,1
pamelor,tambocor,peɪmlɚ,tæmbɑːkɚ,1
paroxetine,piroxicam,pæɹəksɛtiːn,pɪɹəksɪkæm,1
patanol,platinol,pætɐnɑːl,plætɪnɑːl,1
pavulon,peptavlon,pævjʊlən,pɛptævlən,1
paxil,plavix,pæksɪl,plævɪks,1
paxil,taxol,pæksɪl,tæksɑːl,1
paxil,trexall,pæksɪl,tɹɛksɔːl,1
pazopanib,ponatinib,pæzəpænɪb,pɑːnɐtɪnɪb,1
pemetrexed,pralatrexate,pɛmiːɾɚkst,pɹælɐtɹɛkseɪt,1
penicillamine,penicillin,pɛnɪsɪlɐmiːn,pɛnɪsɪlɪn,1
pentobarbital,phenobarbital,pɛntəbɑːɹbɪɾəl,fɛnəbɑːɹbɪɾəl,1
percocet,procet,pɜːkɑːsɪt,pɹɑːsɪt,1
physostigmine,pyridostigmine,faɪsəstɪgmaɪn,pɪɹɪdɑːstɪgmaɪn,1
pitocin,pitressin,pɪɾəsɪn,pɪtɹɪsɪn,1
plavix,pradax,plævɪks,pɹædæks,1
plavix,pradaxa,plævɪks,pɹædæksə,1
pneumococcal 7-valent vaccine,pneumococcal polyvalent vaccine,nuːməkɑːkəl sɛvənveɪlənt væksiːn,nuːməkɑːkəl pɑːlɪveɪlənt væksiːn,1
polyethylene glycol,propylene glycol,pɑːlɪɛθɪliːn glaɪkɑːl,pɹoʊpəliːn glaɪkɑːl,1
potassium acetate,sodium acetate,pətæsiəm æsɪteɪt,soʊdiəm æsɪteɪt,1
pralidoxime,pyridoxine,pɹælɪdɑːksaɪm,pɪɹɪdɑːksaɪn,1
precare,precose,pɹɪkɛɹ,pɹiːkoʊs,1
prednisolone,prednisone,pɹɪdnɪsəloʊn,pɹɪdnɪsoʊn,1
prenexa,ranexa,pɹɪnɛksə,ɹeɪŋksə,1
prilosec,pristiq,pɹɪloʊsək,pɹɪstɪk,1
prilosec,prozac,pɹɪloʊsək,pɹɑːzæk,1
probenecid,procanbid,pɹoʊbnɪsɪd,pɹɑːkɐnbɪd,1
procan sr,procanbid,pɹɑːkən ɛsɑːɹ,pɹɑːkɐnbɪd,1
procardia xl,protain xl,pɹəkɑːɹdiə ɛksɛl,pɹoʊteɪn ɛksɛl,1
prograf,proscar,pɹoʊgɹæf,pɹəskɑːɹ,1
prograf,prozac,pɹoʊgɹæf,pɹɑːzæk,1
propylthiouracil,purinethol,pɹoʊpəlθjɚɹæsɪl,pjʊɹɹaɪnθɑːl,1
proscar,provera,pɹəskɑːɹ,pɹɑːvɚɹə,1
protamine,protonix,pɹoʊɾɐmiːn,pɹoʊtənɪks,1
provera,prozac,pɹɑːvɚɹə,pɹɑːzæk,1
pyridium,pyridoxine,pɪɹɪdiəm,pɪɹɪdɑːksaɪn,1
pyridostigmine,pyridoxine,pɪɹɪdɑːstɪgmaɪn,pɪɹɪdɑːksaɪn,1
quinidine,quinine,kwɪnɪdiːn,kwɪnaɪn,1
ranitidine,rimantadine,ɹænɪtɪdiːn,ɹɪmɐntædiːn,1
rapaflo,rapamune,ɹæpæfloʊ,ɹæpɐmjuːn,1
rasageline,repaglinide,ɹæseɪdʒlaɪn,ɹɪpæglɪnaɪd,1
razadyne,rozerem,ɹæzɐdaɪn,ɹoʊzɹəm,1
remeron,rozerem,ɹɪmɜːɹən,ɹoʊzɹəm,1
reminyl,robinul,ɹɪmɪnaɪl,ɹɑːbɪnʌl,1
renagel,renvela,ɹɪneɪdʒəl,ɹɛnvɛlə,1
reprexain,zyprexa,ɹɪpɹɛkseɪn,zɪpɹɛksə,1
restoril,risperdal,ɹɪstoːɹəl,ɹɪspɜːdəl,1
retrovir,ritonavir,ɹɛtɹoʊvɜː,ɹɪtənævɪɹ,1
ribavirin,riboflavin,ɹɪbɐvɪɹɪn,ɹɪbəflævɪn,1
rifabutin,rifapentine,ɹɪfɐbjuːtɪn,ɹɪfeɪpɛntiːn,1
rifadin,rifater,ɹɪfɐdɪn,ɹɪfeɪɾɚ,1
rifamate,rifampin,ɹɪfɐmeɪt,ɹɪfɐmpɪn,1
rifampin,rifaximin,ɹɪfɐmpɪn,ɹɪfɐksɪmɪn,1
risperdal,ropinirole,ɹɪspɜːdəl,ɹəpɪnɪɹoʊl,1
risperidone,ropinirole,ɹɪspɚɹɪdoʊn,ɹəpɪnɪɹoʊl,1
ritalin,ritodrine,ɹɪɾɐlɪn,ɹɪɾədɹiːn,1
ritalin la,ritalin sr,ɹɪɾɐlɪn læ,ɹɪɾɐlɪn ɛsɑːɹ,1
rituxan,rituxan hycela,ɹɪɾʌksən,ɹɪɾʌksən haɪsɛlə,1
rocuronium,romazicon,ɹɑːkjʊɹɹoʊniəm,ɹɑːmɐzɪkən,1
romidepsin,romiplostim,ɹɑːmaɪdpsɪn,ɹɑːmɪplɑːstɪm,1
roxanol,roxicet,ɹɑːksɐnɑːl,ɹɑːksɪsɪt,1
roxanol,roxicodone intensol,ɹɑːksɐnɑːl,ɹɑːksɪkɑːdoʊn ɪntɛnsɑːl,1
salagen,selegiline,sælədʒən,sɛlɪdʒɪliːn,1
sandimmune,sandostatin,sændɪmjuːn,sændəstætɪn,1
saquinavir,sinequan,sækwɪnævɪɹ,saɪŋkwən,1
saquinavir,saquinavir mesylate,sækwɪnævɪɹ,sækwɪnævɪɹ mɛsɪleɪt,1
sarafem,serophene,sæɹəfəm,sɛɹəfiːn,1
saxagliptin,sitagliptin,sæksɐglɪptɪn,sɪɾɐglɪptɪn,1
seroquel,seroquel xr,sɛɹɑːkwəl,sɛɹɑːkwəl ɛksɑːɹ,1
seroquel,serzone,sɛɹɑːkwəl,sɜːzoʊn,1
seroquel,sinequan,sɛɹɑːkwəl,saɪŋkwən,1
sertraline,soriatane,sɜːtɹəlaɪn,soːɹɪæteɪn,1
silodosin,sirolimus,saɪlədɑːsɪn,sɪɹəlɪməs,1
sinequan,singulair,saɪŋkwən,sɪŋgjʊlɛɹ,1
sinequan,zeniquin,saɪŋkwən,zɛnɪkwɪn,1
sinequan,zonegran,saɪŋkwən,zoʊŋgɹən,1
sitagliptin,sumatriptan,sɪɾɐglɪptɪn,suːmɐtɹɪptən,1
slynd,syeda,slaɪnd,sɪɛdə,1
solu-cortef,solu-medrol,sɑːluːkɔːɹɾɛf,sɑːluːmɛdɹɑːl,1
sonata,soriatane,sənɑːɾə,soːɹɪæteɪn,1
sorafenib,sunitinib,soːɹeɪfnɪb,sjuːnɪtɪnɪb,1
sotalol,sudafed,soʊɾɐlɑːl,suːdeɪft,1
spravato,steglatro,spɹævɑːɾoʊ,stɛglætɹoʊ,1
sudafed,sudafed pe,suːdeɪft,suːdeɪft piː,1
sudafed 12 hour,sudafed 12 hour pressure + pain,suːdeɪft twɛlv aʊɚ,suːdeɪft twɛlv aʊɚ pɹɛʃɚ plʌs peɪn,1
sulfadiazine,sulfasalazine,sʌlfeɪdɪɐziːn,sʌlfeɪzælɐziːn,1
sulfadiazine,sulfisoxazole,sʌlfeɪdɪɐziːn,sʌlfɪsɑːksɐzoʊl,1
sumatriptan,zolmitriptan,suːmɐtɹɪptən,zɑːlmɪtɹɪptən,1
tacrolimus,tamsulosin,tækɹəlɪməs,tæmsuːlɑːsɪn,1
talquetamab-tgvs,teclistamab-cqyv,tælkwɪtæmæbtiːdʒiːviːɛs,tɛklɪstæmæbsiːkɪv,1
talvey,tecvayli,tælveɪ,tɛkveɪli,1
tanzeum,toujeo,tænziːəm,taʊdʒɪoʊ,1
tanzeum,tradjenta,tænziːəm,tɹædʒɛntə,1
tanzeum,tresiba,tænziːəm,tɹɛzɪbə,1
tanzeum,trulicity,tænziːəm,tɹuːlɪsɪɾi,1
tarceva,tresiba,tɑːɹsɛvə,tɹɛzɪbə,1
taxol,taxotere,tæksɑːl,tæksoʊɾɚ,1
tegretol,tegretol xr,tɛgɹɪtɑːl,tɛgɹɪtɑːl ɛksɑːɹ,1
tegretol,tequin,tɛgɹɪtɑːl,tɛkwɪn,1
tegretol,trental,tɛgɹɪtɑːl,tɹɛntəl,1
tenex,xanax,tɛnɛks,zænæks,1
tequin,ticlid,tɛkwɪn,tɪklɪd,1
terbinafine,terbutaline,tɜːbɪnæfaɪn,tɜːbjuːɾəlaɪn,1
testoderm,testoderm tts,tɛstoʊdɜːm,tɛstoʊdɜːm tiːtiːɛs,1
testoderm,testoderm with adhesive,tɛstoʊdɜːm,tɛstoʊdɜːm wɪð ɐdhiːsɪv,1
testoderm tts,testoderm with adhesive,tɛstoʊdɜːm tiːtiːɛs,tɛstoʊdɜːm wɪð ɐdhiːsɪv,1
tetanus diptheria toxoid,tuberculin purified protein derivative,tɛtənəs dɪpθɜːɹiə tɑːksɔɪd,tuːbɚkjʊlɪn pjʊɹɹɪfaɪd pɹoʊtiːn dɪɹɪvətɪv,1
thalomid,thiamine,θæləmɪd,θaɪəmaɪn,1
thrombate iii,thrombin topical,θɹɑːmbeɪt ɹoʊmən θɹiː,θɹɑːmbɪn tɑːpɪkəl,1
tiagabine,tizanidine,tiːəgæbaɪn,tɪzɐnɪdiːn,1
tiazac,ziac,tiːəzæk,zaɪək,1
tnkase,t-pa,tiːɛŋkeɪs,tiːpɑː,1
tobradex,tobrex,tɑːbɹeɪdɛks,tɑːbɹɛks,1
tolazamide,tolbutamide,tɑːlɐzæmaɪd,tɑːlbjuːtæmaɪd,1
topamax,toprol-xl,tɑːpɐmæks,tɑːpɹɑːlɛksɛl,1
toujeo,tradjenta,taʊdʒɪoʊ,tɹædʒɛntə,1
toujeo,tresiba,taʊdʒɪoʊ,tɹɛzɪbə,1
toujeo,trulicity,taʊdʒɪoʊ,tɹuːlɪsɪɾi,1
tracleer,tricor,tɹæklɪɹ,tɹaɪkɚ,1
tradjenta,tresiba,tɹædʒɛntə,tɹɛzɪbə,1
tradjenta,trulicity,tɹædʒɛntə,tɹuːlɪsɪɾi,1
tramadol,trazodone,tɹæmɐdɑːl,tɹæzədoʊn,1
tresiba,trulicity,tɹɛzɪbə,tɹuːlɪsɪɾi,1
tromethamine,trophamine,tɹoʊmθɐmiːn,tɹɑːfɐmiːn,1
tylenol,tylenol pm,taɪlənɑːl,taɪlənɑːl piːɛm,1
valacyclovir,valganciclovir,vælɐsaɪkləvɪɹ,vælgɐnsɪkləvɪɹ,1
valcyte,valtrex,vælsaɪt,væltɹɛks,1
varivax,vzig,vɑːɹɹɪvæks,viːzɪg,1
venofer,vfend,vɛnoʊfɚ,viːfɛnd,1
venofer,vimpat,vɛnoʊfɚ,vɪmpæt,1
vesanoid,vesicare,vɛsɐnɔɪd,vɛsɪkɛɹ,1
vesicare,vessel care,vɛsɪkɛɹ,vɛsəl kɛɹ,1
vexol,vosol,vɛksɑːl,vɑːsɑːl,1
vfend,vimpat,viːfɛnd,vɪmpæt,1
vicodin,visicol,vaɪkədɪn,vɪsɪkɑːl,1
vinblastine,vincristine,vɪnblɐstiːn,vɪŋkɹɪstiːn,1
viokase,viokase 8,vaɪəkeɪs,vaɪəkeɪs eɪt,1
vioxx,zyvox,vaɪɑːks,zaɪvɑːks,1
viracept,viramune,vɜːɹeɪsəpt,vɜːɹɐmjuːn,1
viramune,viramune,vɜːɹɐmjuːn,vɜːɹɐmjuːn,1
volumen,voluven,vɑːljuːmɛn,vɑːluːvən,1
wellbutrin sr,wellbutrin xl,wɛlbjuːtɹɪn ɛsɑːɹ,wɛlbjuːtɹɪn ɛksɛl,1
xanax,zantac,zænæks,zæntæk,1
xeloda,xenical,zɛloʊdə,zɛnɪkəl,1
yasmin,yaz,jæzmɪn,jæz,1
zantac,zantac 360,zæntæk,zæntæk θɹiːhʌndɹɪd sɪksti,1
zantac,zyrtec,zæntæk,zɪətɛk,1
zavesca,zavesca,zeɪvskə,zeɪvskə,1
zebeta,zetia,zɛbɛɾə,zɛʃə,1
zegerid,zestril,zɛdʒɚɹɪd,zɛstɹəl,1
zelapar,zyprexa zydis,zɛlɐpɑːɹ,zɪpɹɛksə zaɪdiz,1
zemplar,zemuron,zɛmplɚ,ziːmjʊɹɹən,1
zerit,zyrtec,zɛɹɪt,zɪətɛk,1
zestril,zetia,zɛstɹəl,zɛʃə,1
zestril,zyprexa,zɛstɹəl,zɪpɹɛksə,1
zocor,zyrtec,zɑːkɚ,zɪətɛk,1
zolpidem,zyloprim,zɑːlpaɪdəm,zaɪlɑːpɹɪm,1
zostrix,zovirax,zɑːstɹɪks,zɑːvɚɹæks,1
zovirax,zyvox,zɑːvɚɹæks,zaɪvɑːks,1
zyprexa,zyrtec,zɪpɹɛksə,zɪətɛk,1
zyrtec,zyrtec-d,zɪətɛk,zɪətɛkdiː,1
zyrtec,zyrtec itchy eye drops,zɪətɛk,zɪətɛk ɪtʃi aɪ dɹɑːps,1
