cefudec,cefudex,cefured,cefurex
coxin,cozin,dosin,doxin
coxin,dixin,dosin,doxin
coxin,dixin,doxin,fixin
accedome,accexime,accexone
aefox,aerox,sefox
aefox,sefos,sefox
aefox,sefox,zefix
aefur,zefir,zefur
aepime,sepime,zepime
aepotin,zeporin,zepotin
amkodine,amkoxime,amkoxone
bitagen,butagen,vitagen
cefimax,cefumac,cefumax
cefisan,cefosan,cerosan
ceftris,ceftrix,ceftrox
cefured,cefurex,cefutex
ciclox,diclox,xiflox
cidine,vidime,visine
citagem,cutagen,vitagen
clodin,cloxim,cloxin
cloxil,clozil,clozol
cloxil,clozil,floxil
copan,dopam,dopan
coxid,doxid,doxie
coxid,doxid,focid
coxid,doxid,xozid
dexone,fexone,rexone
dixin,fixin,rizin
doxan,rosan,roxab
euroxime,euroxone,eurozine
fedrin,ferrim,ferron
fixime,gixime,goxime
fixime,gixime,vidime
flusel,fluzel,fluzep
geocef,geocet,geofer
ginox,gomox,himox
giprazole,goprazole,viprazole
godine,goxime,goxone
gofix,gorox,vorix
ketocid,ketodix,ketofix
ketocid,ketofix,ketovid
ketoden,meroden,metoden
ketodol,ketoxil,ketoxol
ketodol,ketoxol,metocol
ketodol,metidol,metocol
ketoxil,ketoxol,ketozol
kodex,lidex,lorex
lefoxin,levocin,levoxin
levifar,levitar,levofar
levofin,levorin,levotin
medifer,medofer,mesofer
mucin,mycin,mycon
nicardin,nicarsin,nicarson
oradol,pradol,praxol
procin,proxim,proxin
proxim,proxin,prozin
razogen,taxogen,tazogen
ribedim,robecim,robedim
ricoxib,ricoxin,rifoxib
sartam,sartan,xartan
sedlor,seflor,zeflor
sedoz,sefos,sefox
selex,zelec,zelex
solifen,soligen,zoligen
zefir,zefur,zetir
abdin,abrin
abiron,avirin
acefin,acevon
aceflo,adeflo
acetafen,acetagen
acidem,aviden
aciflam,acuflam
acilev,aculev
actein,axtrin
acumox,scimox
adrim,aerum
aeknil,aeknol
aeprazole,zeprazole
aevosha,sevosha
affozole,atrozole
akidol,amixol
akucoline,skicoline
albez,alges
alcid,aldic
alcogen,alvogen
alcoxib,alfoxin
aldic,alrif
aldic,qodic
aldrox,alerix
alerid,alerix
alixime,alixone
alixime,apoxime
allergix,allertis
allergon,allertin
allerjec,allermed
allertin,alletrin
allurase,alpurase
almic,alnix
alrezin,aprezin
amadol,anaxol
amair,amzur
ambical,angical
ambidine,ambixime
ambimax,angimax
ambivent,angivent
amefocin,anerocin
aminosil,aminosol
amixlo,amixol
amixol,amizol
amixol,amoxil
amkodine,amlodine
amkomep,amlomel
amlin,amlon
amlocare,ampicare
amlodn,amlorh
amlosar,amloxar
amlovin,ampivin
amnotic,anmotic
ampicin,ampivin
amzol,anzol
angiogen,angioten
aralev,stalev
argicox,argifix
arnil,zenil
asmaclear,axmaclear
asomex,axonex
aspicard,aspicare
aspidon,aspirin
atadin,stadin
atorcad,atorvas
atrex,attex
atrex,zyrex
avas,avax
azimac,azomac
azimed,azimef
azimit,azimor
b1bloc,h2bloc
bacrocin,bacticin
bacticin,bacticon
batriban,natriban
beisartan,neosartan
beisol,brizol
bendared,bensarex
bercef,betcef
besartan,bezartan
betacard,betacare
betacare,betavate
betacert,betavert
betadol,betasol
betasol,betazok
bett,vert
bettam,vertam
bexil,hexol
bexil,vexil
bezogen,vesogen
bicarsaph,nicarsaph
bidox,bifix
bidox,gicox
bifix,gofix
bilex,biped
biodin,bioxib
biodol,biofil
biodol,niosol
biosone,gioxone
bisocor,bixocot
blevo,glevo
blicid,bloxid
blifec,bligef
blifec,glivec
blifon,bliron
bonsenz,ginsenz
boren,noren
boren,voren
bosec,gosec
botox,gorox
brezole,grexole
bromed,bromex
bromux,bronix
bronchomide,bronchonide
broxilex,broxolex
buston,buztin
butacap,vitacap
calazin,dapazin
calsate,calxate
canem,xanem
caneschem,daneschem
carbofon,carbotin
cardea,cardez
cardin,cardob
cardiosim,cardioxin
cardison,cardiwon
cardiwon,cardowin
caryl,daryl
caspin,vaspin
cataclon,cataflin
catafen,catagen
caxol,vaxol
ceclor,ceflor
cecon,vexon
cedine,cexime
cedix,cefux
cedix,cerox
ceelin,ferlin
cefac,cefax
cefavex,cerabex
cefax,cetaz
cefbac,defnac
cefdomed,cefrimed
cefigen,cefogen
cefim,cerin
cefisan,cefuxan
cefixime,cefudime
cefker,cefled
cefker,cefmed
cefled,ceflex
ceflin,ferlin
cefmed,fermed
cefogen,ferogen
cefohab,cefonav
cefralon,ceftakon
ceframed,ceftamed
ceft,vert
ceftracon,ceftravin
ceftri,dectri
ceftribac,ceftribax
ceftrix,fedtrix
cefudime,cefurine
cefufer,cefuget
cefufer,cefured
cefuker,cefumed
cefurax,cefutaz
cefured,cetired
cefurine,cetirine
cefuvin,feruvin
celevid,celevue
cemax,femax
centrex,ventrex
cerin,feron
cerin,xerin
cerol,cetil
cervin,vercin
cetradol,cetrasol
cetrinova,ferrinova
cetrizil,xefrizil
cevita,decita
cialis,dialix
cidine,cocine
cifambic,vidambic
ciklox,cillox
cilvex,diovex
cimex,ximex
ciprobay,cipronat
ciprojaz,cipromax
cipromar,cipronat
cirab,curan
cladex,flarex
clavic,flavix
clavmed,clavmex
clindacin,clindaxin
clindason,clindaxin
clizid,cloxid
clobimed,clonimed
clobimed,clovimed
clobon,clonin
clocel,floxel
clogrix,clotrix
clotribex,clottinex
clovimed,flovomed
clox,flox
cloxacin,clozadin
cobax,xovax
cocine,coxime
colate,folate
colife,copide
colife,folife
colimax,folimax
colis,colox
colis,folid
colitab,folitan
coolex,coplex
coplex,diplex
cortigen,cotrigen
cortin,cortum
cortisol,cortizol
cortum,fortum
cosimetz,doximetz
coxicare,doxocare
coxiclav,voxiclav
coxilife,doxolife
coxime,fixime
coximed,doximed
coxin,voxib
crestor,fredtor
cunox,finox
curafen,cutagen
curecine,curexime
curexime,curezine
cyclic,cyclox
cyfrox,xyfrox
cyline,xylone
cyzole,fgzole
damusin,damuxin
danavit,ramavit
danoxime,sanoxime
decosaph,fefosaph
dectri,dextro
demedin,remedon
demetor,fenetor
derkazole,dermazole
dexmed,dexmer
dexofen,rexofen
dexomol,reximol
dexton,reston
diacof,rizcof
diakon,dialin
dialix,dialox
dialix,diapid
diaprax,diapraz
diclonac,diflonax
digamex,sugamex
dinosed,dinoxef
diodox,fildox
diohes,diphex
diovex,silvex
disolf,disolv
diucard,diucare
dobucard,dobucare
dobucard,sobicard
dobukon,dobumin
dobumed,dobunex
doburx,dobuts
docemed,rocemed
docket,docmet
dolex,folex
dolovit,folivit
dolowin,dolpain
domicef,romicef
domped,domper
dompedone,domperone
dorugem,xorugen
dostan,rostan
doxicon,fixicon
doxid,doxof
doximed,doxinex
doxin,roxon
duocard,duocare
duokaz,duomax
duomax,sulmax
dutam,rytam
dutam,xytam
dutimax,eurimax
dutimax,furimax
dutimax,sitimax
dylax,xylax
dypotin,xylotin
dyrolac,eurolac
ebaz,enaz
ecopenem,exipenem
efrox,etrox
elbacef,elbacet
elicef,elifer
elifer,epifed
emixon,emoxin
eocet,rocef
eodex,eprex
epiven,epogen
eposid,eposis
erlonib,erlonov
ertax,retax
esphrine,sephrine
estolax,extopax
etiriz,etirox
eucet,rucef
eurocof,eurocor
eurofen,eytofen
evimox,scimox
evofix,evorox
ezcef,racef
ezmol,ramol
famcin,vancin
farafol,faratop
febumax,febunaz
fedpain,ferpain
fedstatin,reestatin
feloxa,reloxa
femzol,temsol
fencid,fenxid
fenlex,temlex
fenocare,venocare
fenodix,fenorix
fenogen,renogen
fenok,genom
fenok,tenol
fenolex,venolex
feofer,geofer
ferazol,retazol
ferlin,ferlum
ferus,feruz
fexil,vexil
finmod,vinmox
finox,ginox
fitex,virex
fixal,fozal
fixime,roxime
fixotin,foxitin
flamacid,flamacox
flamacid,flamavid
flavix,flavos
flemex,formex
flocip,floxil
flosazin,floxazin
flox,glix
flumed,flumex
flux,glix
foladin,folaxin
folicard,folicare
folicon,folivin
folid,gopid
folifer,foliget
foligen,volugen
folimed,folimer
folimed,ropimed
fopen,ropen
forosa,toroda
fosap,fozal
foxitin,goxitin
frexim,trexin
fucidin,fuvixin
fucozole,ricozole
fudion,fusion
fura,vira
furazone,fyrazine
furic,furix
furoden,furoxen
furogem,furogen
furomed,furonex
furosam,furosan
fusedex,tusedex
fusinox,fuximox
gablin,gavlin
garda,varsa
gavixime,gavixone
gavixone,havidone
gazo,tazi
gefox,vecox
gemtabin,gentavin
gemzole,genzole
genplatin,henplatin
gentam,ventam
genvit,tenvir
genxone,genzone
geoxime,geoxone
geoxime,groxime
geoxone,groxone
giclav,goclav
gicox,vicod
giomox,guimox
gixime,gixone
gixone,goxone
glitab,goutab
glucosil,glucosol
godex,gosec
godine,gofime
gofixime,goroxime
gogesic,higesic
gogesic,togesic
govent,hivent
govir,tovit
goxib,voxib
goxiclav,voxiclav
granon,tramon
groxime,groxone
groxime,trixime
grozole,trizole
haidone,haixone
haxim,haxon
hepavid,hepavir
herbakid,herbakof
hyocin,hyovin
hyogen,hyphen
iadin,isdin
ibles,inlex
ican,ivab
ican,oxan
icon,ocin
icox,ifos
imixime,unixime
imox,inox
inoflox,uniflox
ipramide,koramide
irbovel,irnocel
irigen,urogen
irimed,orimed
isonid,isonix
isoprim,isoptin
itiflox,otoflox
izon,ozin
jaczole,maxzole
januvia,januvis
jaxime,maxine
jazcef,maxcef
jensar,kenzar
jivastatin,novastatin
kairoxib,kairoxon
kelxime,kepxime
keroxim,meroxin
ketadol,ketarol
ketadol,megadol
ketero,letero
keto,meto
ketohab,ketonav
ketojun,ketomin
ketolex,mefolex
ketolon,metokon
ketomax,meromax
ketonob,ketonov
ketophil,merophil
ketorex,metorex
ketosan,ketoxam
ketotech,merotech
ketromine,metromine
ketroxen,metroden
ketroxen,metrozen
kezo,mezo
kintax,lintaz
klinfar,klontar
kodapine,losapine
kontra,montra
korcef,lorcef
korcef,morcet
korvast,lorfast
kzole,mzole
lamisil,pamisol
lanvell,panvell
largexime,largexone
latadin,patadin
levefer,leveget
levobact,levpbact
levocin,levofin
levocit,levocof
levomed,levomef
levoxid,levoxus
levoxus,levozys
linax,pimax
lipidem,lopiden
lisof,lizod
locefa,loxeva
lodine,lorine
lofenax,lotemax
loracid,lorafix
lorago,lorato
lordam,lotram
lorex,oprex
losaget,losaver
losart,loxart
lox,ooc
masopine,mazipine
maxicor,maxifor
maxine,mazine
md,ns
mecid,mefic
medicip,medicol
medicol,medofol
mediflam,mexiflam
medofol,mesofol
medox,meroz
medryl,nefryl
medsef,medzef
medtadine,medtaxone
medtazime,mertazine
medwin,mefein
medxil,medzol
mefecid,mefecod
mefejal,mefenak
mefidin,meforin
megadol,megafol
melsartan,neosartan
merostar,metostad
metoden,netofen
metvex,nervex
metvit,nervit
micardis,nicardia
micargen,nicargen
miconex,mucinex
micoson,mucosin
midol,muxol
montekaz,montemax
moxiden,noxifen
mucocet,mucover
mucolem,mycokem
muconil,myconil
mucopro,nicopro
multivex,muprivex
mupiban,mupihab
mupiriv,muporig
natrasol,natrazol
neofixime,neoroxime
nervita,nervitz
neurokem,neurolem
nicardia,nicarduz
njectxime,njectxone
nocid,nocof
novafime,novafine
novaxone,novazine
novixon,novoxin
olazin,plaxin
olxarin,olzadin
omed,omee
omepram,omeptam
omeprob,omepron
omesar,omezar
oradine,oraxime
oranol,pranol
orimed,primex
osteomeg,osteomet
parafer,paraver
parajaz,paramax
parasan,paraxam
physicxime,physicxone
piotaz,piptaz
plasil,plazol
platicin,platixon
plaxime,plaxone
praxid,prazic
pregab,pregav
primadol,promadol
primol,prinol
primudine,primuxime
prolix,propix
purogen,pytogen
rabecid,ranexid
rabem,raben
ramec,ranex
ramol,tamol
ranicid,ranivic
raxem,tazem
raxidine,tazidine
recox,refix
regicee,regifer
regixime,regizine
retapraz,terapraz
retasar,retazar
retasone,retaxone
retaxime,retaxone
retazidime,retazidine
retazidine,terazidine
retracef,terracef
rhinil,rhinol
rifazid,rodazid
risfar,rostar
risgen,rosgen
ristac,rostad
rivida,rivoxa
rociem,roxiem
rocunova,roxinova
rostad,rostar
rostar,roztat
rubicin,rubifon
rylin,tylin
salbubam,salbuvan
salbucam,salbuvan
salbufed,salbutec
salbumed,salbunex
saltaz,saptaz
salumed,zalimed
santecef,santecet
saphtram,saphtran
sef3gen,zefegen
sefoxib,sefozin
serocid,zerocid
seteine,zetrine
sevo,zefo
sevorane,sevotane
siclav,xiclav
sifrol,sucrol
simet,xomet
sitamet,zitamet
sitidime,sitixime
sitisone,sitizine
sitixime,sitizine
sitixime,sufixime
solben,zolgen
solbina,zolvina
solif,zolid
solucent,soluvent
somex,ximex
sorolac,zirolac
spedra,speeda
sudomas,zudonas
sulmax,supmac
supragab,supratab
syclovir,zyclovir
sycor,xycod
sycor,zydor
sydencin,wudencin
tamlo,tamol
tazicon,tazocin
tazidime,tazidine
tazim,tazin
tazivex,tazovex
tazobak,tazobal
tazobet,tazoget
tazodec,tazofed
tazofed,tazovee
tazofed,tazovex
telgio,telgip
telmibet,telmiget
temolon,tenolon
tgxime,tgxone
timocare,timovate
tobracid,tobracor
tral,trap
tramacid,tramavic
tramed,tranex
tramid,tramir
tramid,tranix
tranex,tranez
triascef,triaxcef
triaxone,triazone
triclav,truclav
trifam,tritam
trifam,trivan
trimex,trunex
triodone,trioxone
triolev,triplec
trivox,trucox
trixime,trizine
trizon,trozin
trucox,trufix
uniclox,uniflox
unigan,univan
unigan,unogab
uniket,unomet
unixime,unixone
urica,urixa
ursokon,ursolin
valtir,valtor
vancocym,vancocyn
vancokin,vancolon
velodin,veloxin
venis,venox
vitacal,vitacap
vitadex,vitares
vitagin,vitatin
volugen,voluven
vorix,voriz
xalvos,zalvos
xiax,ziac
xiflox,ziflox
ximex,zinex
ximvast,zimvast
xiprox,ziprox
xomet,xonet
xyfol,zydol
xylotin,zylotin
zadec,zafex
zefadin,zefaxim
zefcid,zeffix
zefimed,zefumed
zefufed,zefuvee
zelin,zepim
zentek,zentro
zilden,zoldem
zinacef,zinafer
zincap,zindal
zincare,zinfate
zinex,zobex
zithrix,zithrox
zithrocin,zithroxin
zoliget,zologet
zolmed,zolnex
zopil,zopip
zydip,zydol
